name,new_price,old_price,rating,discount
Paltaryuyan maşın Lanova LNVWM-60-WW,409.00 ₼,789.00 ₼,4.8  58 reytinq,-48 %
Soyuducu Beko B1RCNK272G,727.98 ₼,944.99 ₼,4.5  48 reytinq,-23 %
Paltaryuyan maşın Lanova LNVWM-60-TT,433.00 ₼,799.00 ₼,4.7  18 reytinq,-46 %
Soyuducu Midea MDRB424FGF02O,858.93 ₼,1 199.90 ₼,3.7  3 reytinq,-28 %
Soyuducu Biryusa W920NF,675.00 ₼,1 059.00 ₼,4.9  23 reytinq,-36 %
Paltaryuyan maşın SAMSUNG WW70FG3M05AW,649.00 ₼,1 250.00 ₼,4.3  11 reytinq,-48 %
Soyuducu Beko B1RCSK312G,641.98 ₼,829.99 ₼,4.1  24 reytinq,-23 %
Paltaryuyan maşın Beko WM419CGI,767.98 ₼,1 004.99 ₼,5  14 reytinq,-24 %
Dondurucu qutu Biryusa 6047SN,669.00 ₼,999.00 ₼,4.4  14 reytinq,-33 %
"Paltaryuyan maşın ZIFFLER BWMD-8J2GD, 8 kq",495.00 ₼,843.00 ₼,4.7  14 reytinq,-41 %
Soyuducu Yoshiro YRF-T206DF55HW,377.00 ₼,577.00 ₼,4.6  23 reytinq,-35 %
Dondurucu qutu Kraft BD (W)-102QX,269.00 ₼,579.00 ₼,4.6  19 reytinq,-54 %
Soyuducu Shivaki HD 316FN White,520.22 ₼,709.99 ₼,reytinq yoxdur,-27 %
Paltaryuyan maşın Ardesto WMW-6101W,399.00 ₼,729.00 ₼,4.5  16 reytinq,-45 %
Dondurucu qutu Biryusa 680 KXQ,829.00 ₼,1 299.00 ₼,4.7  11 reytinq,-36 %
Soyuducu Midea MDRT294FGF50,489.90 ₼,800.00 ₼,5  2 reytinq,-39 %
"Paltaryuyan maşın Hoffmann WMH6012T, 6 kq, tünd boz/gümüş, ön yükləmə, rəqəmsal idarəetmə - WMH6012T",543.96 ₼,990.00 ₼,1  1 reytinq,-45 %
Dondurucu Biryusa 412_B_014b4,369.99 ₼,478.63 ₼,reytinq yoxdur,-23 %
"Soyuducu Shivaki HD345-RND Metal, Low Frost, İkiqapılı, Gümüşü",599.01 ₼,799.63 ₼,reytinq yoxdur,-25 %
Qabyuyan maşın Bosch SMS46NB20V,1 209.00 ₼,1 607.63 ₼,5  1 reytinq,-25 %
Paltaryuyan maşın Samsung WW90DG5U34AELP,,956.90 ₼,reytinq yoxdur,endirim yoxdur
Quruducu maşın Bosch WQB245B0ME,2 348.99 ₼,2 949.99 ₼,5  3 reytinq,-20 %
Qaz plitəsi Sultan SUL-4 Brown,85.00 ₼,115.00 ₼,3  4 reytinq,-26 %
"Dondurucu şkaf Biryusa 6048, Damlama sistemi, Ağ, 135 L",485.98 ₼,999.99 ₼,reytinq yoxdur,-51 %
Soyuducu Shivaki HD316-FN White,507.76 ₼,1 050.00 ₼,reytinq yoxdur,-52 %
Paltaryuyan maşın Samsung WW70T3020BS/LP 7,721.00 ₼,1 442.00 ₼,3.3  3 reytinq,-50 %
Qabyuyan maşın Hoffmann DW-912X,539.00 ₼,869.00 ₼,4  4 reytinq,-38 %
Quruducu maşın LG RH80T2SP7RMADSPMEA 8 kq,1 079.99 ₼,1 464.99 ₼,5  1 reytinq,-26 %
"Mətbəx plitəsi Vesta Milagro 01-K , Grey",440.28 ₼,699.00 ₼,4.8  5 reytinq,-37 %
Soyuducu Ardesto DFM-90X,229.99 ₼,334.99 ₼,5  8 reytinq,-31 %
Paltaryuyan maşın Midea MF100W60/W-C,469.59 ₼,619.90 ₼,4.9  34 reytinq,-24 %
Dondurucu Midea MDRC345FZF01D,548.99 ₼,700.00 ₼,4.8  4 reytinq,-22 %
Qabyuyan maşın Hoffmann DW-812X,449.00 ₼,729.00 ₼,3.8  20 reytinq,-38 %
Quruducu maşın LG RH80T2SP7RM,1 079.99 ₼,1 464.99 ₼,4.2  10 reytinq,-26 %
Qarışıq plitə Vesta Milagro 01-K Black,440.50 ₼,699.00 ₼,5  3 reytinq,-37 %
Soyuducu Biryusa С920NF,683.00 ₼,1 071.00 ₼,4.6  10 reytinq,-36 %
Dondurucu şkaf Biryusa M416,475.00 ₼,738.00 ₼,4.4  7 reytinq,-36 %
Paltaryuyan maşın Midea MF01814BS47/T,629.00 ₼,999.00 ₼,4.9  7 reytinq,-37 %
Qabyuyan maşın Midea MFD60S050S,592.99 ₼,840.00 ₼,reytinq yoxdur,-29 %
"Kombinasiya edilmiş plitə Shivaki 01K, Paslanmayan polad, Qəhvəyi",419.97 ₼,999.99 ₼,reytinq yoxdur,-58 %
Paltar üçün quruducu maşın Modern 0022,,50.84 ₼,4.8  5 reytinq,endirim yoxdur
Dondurucu qutu Biryusa 455KX,749.99 ₼,1 188.23 ₼,reytinq yoxdur,-37 %
Soyuducu Indesit DS 4160 G,655.00 ₼,1 002.00 ₼,5  18 reytinq,-35 %
Paltaryuyan maşın Samsung WD90DG5G34BBLP,1 373.99 ₼,1 599.99 ₼,5  5 reytinq,-14 %
Qabyuyan maşın Bosch SMS4HMC65Q,1 522.00 ₼,2 329.00 ₼,5  2 reytinq,-35 %
"Sobalı qaz plitəsi Shivaki 01K, paslanmayan polad, ağ",416.78 ₼,589.99 ₼,reytinq yoxdur,-29 %
Qabyuyan maşın LG DFC513FV.APYPAZR,1 489.98 ₼,1 899.00 ₼,5  3 reytinq,-22 %
Aöıllı Elektrikli Paltar Quruducusu Tessa CD32,,45.50 ₼,5  1 reytinq,endirim yoxdur
Dondurucu şkaf Biryusa 6046,522.00 ₼,909.00 ₼,5  3 reytinq,-43 %
Soyuducu Samsung RT42CG6000S9WT,1 168.99 ₼,1 580.38 ₼,4.2  13 reytinq,-26 %
"Paltaryuyan maşın Samsung WW70T3020BS/LP, Boz, 7 kq",721.00 ₼,1 442.00 ₼,5  1 reytinq,-50 %
Qabyuyan maşın Bosch SMS4IMI62Q,1 133.00 ₼,1 749.00 ₼,reytinq yoxdur,-35 %
Qarışıq plitə Shivaki Milagro 01-K Brown,382.41 ₼,550.00 ₼,5  2 reytinq,-30 %
Quruducu maşın Beko B3T68239MG,964.00 ₼,1 475.00 ₼,4.4  7 reytinq,-35 %
Dondurucu kamera Midea MDRC411FZF01D Ağ,634.99 ₼,849.90 ₼,5  3 reytinq,-25 %
Soyuducu Hoffmann NFB-185DS,752.99 ₼,1 299.99 ₼,4.5  6 reytinq,-42 %
Paltaryuyan maşın LG F2V5HYPYJE.AMBPMER,882.00 ₼,1 358.00 ₼,4.4  9 reytinq,-35 %
Paltaryuyan maşın LG F2V7GWL2P,1 068.63 ₼,1 399.99 ₼,reytinq yoxdur,-24 %
Qabyuyan maşın Toshiba DW-14F6(B)-CIS,816.00 ₼,1 342.00 ₼,4.3  3 reytinq,-39 %
Qaz plitəsi Eurostyle 3 gözlü metal qəhvəyi,40.00 ₼,85.00 ₼,5  1 reytinq,-53 %
Qabyuyan maşın Bosch SMS4IKI51Q,1 009.00 ₼,1 549.00 ₼,reytinq yoxdur,-35 %
Quruducu maşın Vestel TDC8GPT2DS,,780.00 ₼,reytinq yoxdur,endirim yoxdur
Dondurucu qutu Biryusa 305KVS,579.99 ₼,700.00 ₼,4.5  2 reytinq,-17 %
Soyuducu Biryusa M920NF,675.00 ₼,1 089.00 ₼,4.2  11 reytinq,-38 %
Paltaryuyan maşın Shivaki 1080S,626.00 ₼,1 024.00 ₼,reytinq yoxdur,-39 %
Qabyuyan maşın Samsung DW60M5052FS/TR,740.99 ₼,1 064.99 ₼,5  24 reytinq,-30 %
Qarışıq plitə ZTW-LF61A,349.95 ₼,490.00 ₼,reytinq yoxdur,-29 %
Quruducu maşın Midea MDK03H80/S-C,920.02 ₼,1 029.90 ₼,5  4 reytinq,-11 %
Dondurucu qutu JVC WG-NRFC15H5S,432.00 ₼,529.00 ₼,reytinq yoxdur,-18 %
Soyuducu Biryusa 418,426.00 ₼,663.00 ₼,5  3 reytinq,-36 %
Paltaryuyan maşın Hoffmann WMH8014 8 kq 1400 dövr/dəq Gümüşü,543.24 ₼,700.00 ₼,5  1 reytinq,-22 %
Qabyuyan maşın Toshiba DW-14F7B-CIS,741.00 ₼,1 220.00 ₼,5  1 reytinq,-39 %
Qaz plitəsi Ezel 3200,29.00 ₼,75.00 ₼,4.4  27 reytinq,-61 %
Quruducu maşın Beko DU 7112 PA1,898.86 ₼,1 200.00 ₼,reytinq yoxdur,-25 %
Dondurucu şkaf Biryusa 414,436.00 ₼,678.00 ₼,5  11 reytinq,-36 %
"Soyuducu Biryusa 416, kompakt dondurucu, ağ, mexaniki idarəetmə, dondurma rejimi, 145x48x60.5 sm, 175 l - 4640258071740",465.00 ₼,719.00 ₼,5  5 reytinq,-35 %
Paltaryuyan maşın 7Tech 7WM4S1280GSS1 8 kq 1200 dövr/dəq tünd boz,532.91 ₼,1 099.99 ₼,5  2 reytinq,-52 %
Qabyuyan maşın Beko BDFN26430X,651.99 ₼,929.90 ₼,4.4  8 reytinq,-30 %
Qaz plitəsi Elif EL_030943_RB,98.96 ₼,149.00 ₼,reytinq yoxdur,-34 %
Paltarqurudan maşın Toshiba TD BK100GHUZ(SK),1 079.00 ₼,1 499.00 ₼,reytinq yoxdur,-28 %
Dondurucu qutu Alneo S145W,379.89 ₼,799.99 ₼,2.4  7 reytinq,-53 %
Qabyuyan maşın Beko BDFN35620S,651.99 ₼,879.90 ₼,4.7  23 reytinq,-26 %
Soyuducu Hisense RD-60WR,896.99 ₼,1 381.00 ₼,5  3 reytinq,-35 %
Paltaryuyan Beko SteamCure WSPD73612W,618.99 ₼,899.90 ₼,4.8  12 reytinq,-31 %
"Qaz plitəsi Elif E030910_RB, 4 konfor",89.00 ₼,185.00 ₼,reytinq yoxdur,-52 %
Quruducu maşın Midea MDK03H100/S-C,999.16 ₼,1 269.90 ₼,reytinq yoxdur,-21 %
Quruducu maşın Regal TDCN7F4W,673.85 ₼,999.99 ₼,reytinq yoxdur,-33 %
"Dondurucu qutu Kraft BD(W)-185 QX, ağ",371.00 ₼,508.00 ₼,5  2 reytinq,-27 %
Qabyuyan maşın Beko BDFN26530X,825.99 ₼,1 299.99 ₼,reytinq yoxdur,-36 %
Qaz plitəsi Sultan SUL-4 Black,87.00 ₼,115.00 ₼,5  3 reytinq,-24 %
Soyuducu Hisense DT27DR4 W - DT27DR4 W,383.95 ₼,559.00 ₼,4.9  9 reytinq,-31 %
Elektron paltar qurudan,,49.94 ₼,reytinq yoxdur,endirim yoxdur
Dondurucu şkaf Kraft KF-HS130X,362.00 ₼,560.00 ₼,5  2 reytinq,-35 %
Qabyuyan maşın Yoshiro YDW-HF815S30CB,575.99 ₼,679.00 ₼,4.2  5 reytinq,-15 %
Qaz plitəsi Akane A82252 3 gözlü emallı ağ.,,79.99 ₼,reytinq yoxdur,endirim yoxdur
Soyuducu Hoffmann DFTN-143S,469.66 ₼,699.99 ₼,4.5  41 reytinq,-33 %
Paltaryuyan maşın Hisense WFQP7012EVMT,529.42 ₼,700.00 ₼,4.1  7 reytinq,-24 %
Quruducu maşın BOSCH WTN86212ME,1 328.99 ₼,1 599.99 ₼,reytinq yoxdur,-17 %
Dondurucu qutu Ardesto FRM-145ECM,349.99 ₼,449.99 ₼,4.5  29 reytinq,-22 %
Qabyuyan maşın Hoffmann DW-612X Grey,470.00 ₼,769.00 ₼,reytinq yoxdur,-39 %
Kombinə edilmiş plitə Eurostyle MST-4F4F 4 gözlü metal qəhvəyi,76.00 ₼,120.00 ₼,5  1 reytinq,-37 %
Soyuducu Biryusa W920NF,768.63 ₼,1 500.00 ₼,5  2 reytinq,-49 %
Paltaryuyan maşın Midea MF100W70/W-C,588.99 ₼,840.00 ₼,5  6 reytinq,-30 %
Quruducu maşın BOSCH WTN86211ME,1 279.00 ₼,1 959.00 ₼,reytinq yoxdur,-35 %
Dondurucu kamera Ardesto FRM-362MCH,769.90 ₼,949.90 ₼,5  3 reytinq,-19 %
Masaüstü qaz plitəsi ARI Brown,,72.30 ₼,5  3 reytinq,endirim yoxdur
Qabyuyan maşın Midea MFD60S160Si-C,669.00 ₼,999.00 ₼,5  2 reytinq,-33 %
Quruducu maşın Bosch WQG14200ME,1 999.73 ₼,2 555.00 ₼,reytinq yoxdur,-22 %
Soyuducu Biryusa W960NF,741.00 ₼,1 160.00 ₼,4.3  4 reytinq,-36 %
Paltaryuyan maşın Hoffman WM6110TT,470.49 ₼,799.99 ₼,5  2 reytinq,-41 %
"Qaz plitəsi Zhendah TORY-001563, 55x55 sm",69.99 ₼,75.00 ₼,reytinq yoxdur,-7 %
Dondurucu Midea MDRC411FZF01DVP,675.15 ₼,1 350.30 ₼,reytinq yoxdur,-50 %
Qabyuyan maşın Hoffmann DW-912B,539.00 ₼,869.00 ₼,5  4 reytinq,-38 %
Quruducu maşın Samsung DV90T5240AT/LP,1 431.00 ₼,2 190.00 ₼,5  2 reytinq,-35 %
Soyuducu Indesit ITS 4180 G,757.99 ₼,1 299.99 ₼,4.8  29 reytinq,-42 %
Paltaryuyan maşın Toshiba TWD-T25BZU115MWRU/MG-LTS,1 389.99 ₼,1 699.00 ₼,reytinq yoxdur,-18 %
Qaz plitəsi BB-000010,64.98 ₼,150.00 ₼,5  1 reytinq,-57 %
Dondurucu qutu Ugur UDD 300 BK,1 097.36 ₼,1 444.00 ₼,reytinq yoxdur,-24 %
Qabyuyan maşın Samsung DW60M5052FW/TR,715.99 ₼,940.05 ₼,5  4 reytinq,-24 %
Quruducu maşın Eurolux EU-TD1099S-10BLDG,1 149.99 ₼,1 600.00 ₼,reytinq yoxdur,-28 %
Soyuducu Eurolux EU.RF105DF1S,306.56 ₼,399.90 ₼,4.8  5 reytinq,-23 %
Paltaryuyan maşın LG F4V5VG2S,1 479.99 ₼,1 599.00 ₼,4.6  21 reytinq,-7 %
Qaz plitəsi Winning Star ST-9660,61.90 ₼,110.00 ₼,2  1 reytinq,-44 %
Dondurucu şkaf Silver BD 175,,650.00 ₼,5  1 reytinq,endirim yoxdur
Qabyuyan maşın Bosch SMS26AI00Q,963.99 ₼,1 200.99 ₼,5  1 reytinq,-20 %
Paltar quruducu Modern DC1999 White,44.94 ₼,65.00 ₼,reytinq yoxdur,-31 %
Soyuducu Hoffmann DFT-167 S - DFT 167 S,540.00 ₼,979.99 ₼,5  1 reytinq,-45 %
Paltaryuyan maşın Samsung WW90DG6U34LBLP,1 073.17 ₼,1 599.99 ₼,5  1 reytinq,-33 %
Qaz plitəsi BB-000009,64.99 ₼,115.00 ₼,5  2 reytinq,-43 %
Qabyuyan maşın Beko BDFN26430A,717.99 ₼,1 019.90 ₼,5  1 reytinq,-30 %
Qabyuyan maşın Yoshiro YBD-M715G30B,610.00 ₼,719.00 ₼,1  1 reytinq,-15 %
Quruducu maşın Beko B5T68243,1 299.99 ₼,1 965.00 ₼,reytinq yoxdur,-34 %
Dondurucu qutu Kraft BD (W) KM 305 White,549.00 ₼,859.00 ₼,1  1 reytinq,-36 %
Soyuducu Samsung RB50DG602ES9WT,1 855.99 ₼,2 500.00 ₼,4.2  5 reytinq,-26 %
Paltaryuyan maşın Samsung WW90DG5U34ABLP,1 000.00 ₼,2 000.00 ₼,5  1 reytinq,-50 %
"Qaz plitəsi Zhendah TORY-001561, 45x45 sm",57.98 ₼,63.00 ₼,reytinq yoxdur,-8 %
Qabyuyan maşın Hoffmann DW-912W,540.00 ₼,889.00 ₼,4.8  4 reytinq,-39 %
"Paltarqurudan maşın Məişət Alt paltarları və qısa tumanlar üçün, kiçik, Fan və PTC qızdırıcı elementli, 3 temperatur parametri ilə - prl_0246",74.90 ₼,101.12 ₼,reytinq yoxdur,-26 %
Dondurucu qutu Vesta VFC 300 White,559.99 ₼,799.00 ₼,3.5  4 reytinq,-30 %
Soyuducu Biryusa 551 MAİ,408.00 ₼,634.00 ₼,4.5  18 reytinq,-36 %
Paltaryuyan maşın Taube TB8012J Grey,490.00 ₼,550.00 ₼,5  1 reytinq,-11 %
Qaz plitəsi Eurostyle MST-GS34L 4 gözlü metal qəhvəyi,54.00 ₼,110.00 ₼,3  1 reytinq,-51 %
Qabyuyan maşın Samsung DW60M6072FS/TR,,900.00 ₼,4.3  11 reytinq,endirim yoxdur
Quruducu maşın Eurolux EU-TD1078S-10BLDG,1 017.85 ₼,2 000.00 ₼,reytinq yoxdur,-49 %
Dondurucu Biryusa 240KVS 220 l ağ,514.98 ₼,899.99 ₼,5  1 reytinq,-43 %
Soyuducu Samsung RT62K7110SL/WT,2 291.87 ₼,2 609.90 ₼,4.5  4 reytinq,-12 %
Paltaryuyan maşın LG F2T9GW9P,1 025.54 ₼,1 474.99 ₼,4.8  30 reytinq,-30 %
Qabyuyan maşın Hoffman DW-612X,498.92 ₼,752.99 ₼,reytinq yoxdur,-34 %
Dondurucu qutu Ardesto FRM-200ECM,538.99 ₼,769.99 ₼,reytinq yoxdur,-30 %
"Qaz plitəsi Yücel 0-300-BROWN-NG, 3 konfor, pslanmayan polad, Qəhvəyi",,50.00 ₼,5  1 reytinq,endirim yoxdur
Qabyuyan maşın Bosch SMS46NB01B,1 199.00 ₼,1 699.00 ₼,3.7  3 reytinq,-29 %
Soyuducu Sharp SJ-FH560-HS3,1 636.95 ₼,3 273.90 ₼,reytinq yoxdur,-50 %
Paltaryuyan maşın Biryusa SBE 80,208.00 ₼,335.00 ₼,4.5  15 reytinq,-38 %
Dondurucu kamera Kraft BD(W)-250S,477.00 ₼,629.00 ₼,5  2 reytinq,-24 %
Masaüstü qaz plitəsi Zhendah 30x30 sm LOY-00914 1 Metal Qara,34.09 ₼,40.00 ₼,5  1 reytinq,-15 %
Dondurucu kamera Hoffmann FRZ-143W,599.99 ₼,999.98 ₼,5  5 reytinq,-40 %
Qabyuyan maşın Bosch SMS44DI01T,1 149.98 ₼,3 000.00 ₼,3.7  3 reytinq,-62 %
Paltar qurudan Sanas Impro,,305.00 ₼,reytinq yoxdur,endirim yoxdur
Soyuducu Biryusa 422 White,399.00 ₼,620.00 ₼,5  2 reytinq,-36 %
Paltaryuyan Samsung WW80AG6S28ABLP,965.00 ₼,1 486.00 ₼,4.5  8 reytinq,-35 %
Paltaryuyan maşını LG F2V7GWL2P.APTPMER,1 099.99 ₼,1 399.00 ₼,4.6  31 reytinq,-21 %
Dondurucu Midea MDRC283FZF01D De Frost 198 l ağ,473.55 ₼,1 500.00 ₼,reytinq yoxdur,-68 %
"Qaz plitəsi RAF R.8501, qara",,32.00 ₼,reytinq yoxdur,endirim yoxdur
Qabyuyan maşın Bosch SMS4IMB62Q,1 310.00 ₼,1 999.00 ₼,reytinq yoxdur,-34 %
Paltar qurudan maşın Eurolux EU/TD1078S10BLDG,1 109.95 ₼,1 700.00 ₼,reytinq yoxdur,-35 %
Soyuducu Hisense DT27DR4 Ağ,408.99 ₼,534.99 ₼,4.7  31 reytinq,-24 %
Paltaryuyan maşın LG F2Y2Hyp6J,807.99 ₼,979.99 ₼,4  3 reytinq,-18 %
Qarışıq plitə Shivaki Milagro 01-K White,384.54 ₼,750.00 ₼,5  9 reytinq,-49 %
Qabyuyan maşın Bosch SMS26DI00T,980.00 ₼,1 250.00 ₼,reytinq yoxdur,-22 %
Soyuducu Eurolux EU.RF56HNF.4SB,1 727.81 ₼,2 199.00 ₼,5  1 reytinq,-21 %
Paltaryuyan maşın LG F2V7GWL1W.ABWPMER,,955.98 ₼,5  5 reytinq,endirim yoxdur
Dondurucu qutu Biryusa 210KVS_MYCM_14_71_59 De Frost 200 l ağ,471.88 ₼,551.23 ₼,reytinq yoxdur,-14 %
Qabyuyan maşın LG DFB325HM,1 644.00 ₼,2 704.00 ₼,5  5 reytinq,-39 %
Paltar qurudan qurğu DSP KD6026_HLY Beige,,75.98 ₼,reytinq yoxdur,endirim yoxdur
Qarışıq plitə Hoffmann F767W,640.99 ₼,1 199.99 ₼,5  1 reytinq,-47 %
Soyuducu Hisense RQ5P470SAL1,1 479.70 ₼,2 599.00 ₼,5  1 reytinq,-43 %
Paltaryuyan maşın Eurolux EU-WM1280S-8BLDG 8 kg Gümüş,739.63 ₼,1 169.90 ₼,reytinq yoxdur,-37 %
Qaz plitəsi Itimat I-15 Brown,79.00 ₼,100.00 ₼,4.4  54 reytinq,-21 %
Qabyuyan maşın Beko BDFN26560XP,879.90 ₼,1 000.00 ₼,reytinq yoxdur,-12 %
Dondurucu qutu Midea MDRC283FZF01D,450.00 ₼,699.00 ₼,5  1 reytinq,-36 %
"Elektron paltar qurudan, İL-4097",94.99 ₼,167.99 ₼,reytinq yoxdur,-43 %
Quruducu maşın Bosch WQG1420XME,1 889.99 ₼,2 299.00 ₼,reytinq yoxdur,-18 %
Soyuducu Eurolux EU-RF560HNF-4SB,1 999.79 ₼,2 990.00 ₼,5  1 reytinq,-33 %
Paltaryuyan maşın LG F2Y1HYP6J.AZR,812.16 ₼,1 624.32 ₼,4.7  27 reytinq,-50 %
Qaz plitəsi Ardo 3 gözlü keramika qara,,443.97 ₼,reytinq yoxdur,endirim yoxdur
Qabyuyan maşın Bosch SMS4HMB62T,1 586.99 ₼,1 999.99 ₼,5  3 reytinq,-21 %
Dondurucu Biryusa 414 130 l 122.5×48×60.5 sm,448.11 ₼,745.28 ₼,reytinq yoxdur,-40 %
Quruducu maşın Eurolux EU-TD1078S-10BLDG 10 kq 14 proqram A+,1 049.99 ₼,1 699.00 ₼,reytinq yoxdur,-38 %
Soyuducu Hoffmann FFD-179BGT,1 288.99 ₼,1 999.99 ₼,reytinq yoxdur,-36 %
Paltaryuyan maşın Samsung WW70AG5S20CXLP,898.99 ₼,1 299.99 ₼,5  2 reytinq,-31 %
Elektrik plitəsi Ardo 4 gözlü bərkidilmiş şüşə qara,287.00 ₼,500.00 ₼,reytinq yoxdur,-43 %
Qabyuyan maşın Beko BDFN36730GB Piano Black,757.99 ₼,1 119.90 ₼,5  4 reytinq,-32 %
"Dondurucu qutu Biryusa M155KX, De Frost, Boz, 145 L",447.76 ₼,889.99 ₼,reytinq yoxdur,-50 %
Paltar üçün elektron portativ quruducu CSM_4097,49.90 ₼,135.50 ₼,5  2 reytinq,-63 %
Soyuducu Hoffmann NFCD180BGT 472 litr French door Qara,1 243.99 ₼,2 000.99 ₼,5  1 reytinq,-38 %
Paltaryuyan maşın Toshiba TW-BN90C4UZ(SK),835.63 ₼,1 249.99 ₼,5  2 reytinq,-33 %
Mətbəx plitəsi və bişirmə plitəsi Euroline Qaz plitəsi masa üstdü dörd qaz qəhvəyi Türkiyə istehsalı Ölçüsü: 60x60 - ZTW-E101,64.00 ₼,68.40 ₼,reytinq yoxdur,-6 %
Qabyuyan maşın Bosch SMV8YCX02E,2 046.31 ₼,4 092.62 ₼,5  1 reytinq,-50 %
Soyuducu Hisense RB-66W4/BI,1 223.99 ₼,2 799.00 ₼,5  5 reytinq,-56 %
Paltaryuyan maşın Samsung WW65AG4S20CXLP,790.61 ₼,1 160.00 ₼,5  7 reytinq,-32 %
"Dondurucu qutu Biryusa 155KVS, damlama sistemi, ağ, 145 L",431.98 ₼,899.99 ₼,5  1 reytinq,-52 %
Quruducu cihaz DSP KD 6026,,89.99 ₼,reytinq yoxdur,endirim yoxdur
Qabyuyan maşın LG DFC513FV,1 469.99 ₼,1 599.00 ₼,5  3 reytinq,-8 %
Dondurucu qutu Kraft BD (W)-202BL,389.00 ₼,649.00 ₼,2.7  6 reytinq,-40 %
"Mətbəx plitəsi və bişirmə plitəsi Femas Qaz plitəsi sobalı qəhvəyi Türkiyə istehsalı, Sobası alt qazla üst tokla işləyir, üç qaz bir tok göz, alışqanlı model, ölçüsü: 50x60 - ZTW-F0504Q",,377.13 ₼,4  4 reytinq,endirim yoxdur
Qabyuyan maşın Hoffmann DW-914B,575.99 ₼,799.99 ₼,reytinq yoxdur,-28 %
Quruducu maşın Bosch WQG1420AME Ağ,2 058.62 ₼,2 200.00 ₼,reytinq yoxdur,-6 %
Soyuducu Toshiba GR-RB449WE-PMJ (06),1 272.00 ₼,1 958.00 ₼,5  2 reytinq,-35 %
Paltaryuyan maşın Toshiba TW-BN80C2UZ(MK),745.62 ₼,1 049.99 ₼,reytinq yoxdur,-29 %
Paltar üçün quruducu qab İL-2833,54.99 ₼,95.84 ₼,5  1 reytinq,-43 %
Dondurucu kamera Biryusa B-412,399.90 ₼,599.99 ₼,reytinq yoxdur,-33 %
Soyuducu Samsung RT47CG6442B1WT,1 575.00 ₼,3 150.00 ₼,5  5 reytinq,-50 %
Paltaryuyan maşın Lanova LNVWM-100-TT,690.00 ₼,1 230.00 ₼,5  1 reytinq,-44 %
Qabyuyan maşın Samsung DW60M5052FS/TR - SHRK_4884_00612,762.34 ₼,1 064.99 ₼,5  1 reytinq,-28 %
Paltar və ayaqqabılar üçün quruducu Smart Frog PR2055,53.18 ₼,302.80 ₼,reytinq yoxdur,-82 %
Dondurucu qutu Kraft BD (W)-152QX Ağ,354.00 ₼,484.00 ₼,4.3  3 reytinq,-27 %
Qaz plitəsi RAF R.1112169_RB,38.71 ₼,59.00 ₼,reytinq yoxdur,-34 %
Qabyuyan maşın Toshiba DW-14F1CIS(S),784.99 ₼,1 000.00 ₼,5  22 reytinq,-22 %
Soyuducu Midea MDRB471MGF460 Gümüşü,980.70 ₼,1 309.90 ₼,reytinq yoxdur,-25 %
Paltaryuyan maşın Shivaki SG70P 7 kq 500 dövr/dəq ağ.,181.79 ₼,263.74 ₼,5  1 reytinq,-31 %
Qurutma maşını 5 kq kondensasiyalı ağ,95.00 ₼,190.00 ₼,reytinq yoxdur,-50 %
Dondurucu şkaf Kraft KF-HS130W,323.00 ₼,501.00 ₼,5  3 reytinq,-36 %
Qaz plitəsi 1001box LANOVA 4 konforlu paslanmayan polad qara,385.00 ₼,410.00 ₼,reytinq yoxdur,-6 %
Qabyuyan maşın Lanova WQP12-7809XDI,1 035.00 ₼,1 750.00 ₼,reytinq yoxdur,-41 %
Soyuducu Samsung RT38CG6000WW/WT,,1 051.99 ₼,5  3 reytinq,endirim yoxdur
Paltaryuyan maşın Yoshiro YWM-GR1014SI60G,805.35 ₼,1 610.00 ₼,5  2 reytinq,-50 %
"Paltar qurutma maşını 220V/110V 4C, qatlanan, elektrik",62.91 ₼,81.85 ₼,reytinq yoxdur,-23 %
Donruducu kamera Kraft BD (W)-135QX,303.00 ₼,435.00 ₼,5  7 reytinq,-30 %
Mətbəx plitəsi Gefest 6100-02 0308,699.00 ₼,799.00 ₼,5  1 reytinq,-13 %
Qabyuyan maşın Samsung DW60A6092FS/WT,939.00 ₼,1 539.00 ₼,reytinq yoxdur,-39 %
"Paltar qurutma maşını, kondensasiyalı, 5 kq, ağ",94.50 ₼,145.00 ₼,reytinq yoxdur,-35 %
Soyuducu Beko B3RCNK362HX,1 199.99 ₼,1 793.00 ₼,4.7  15 reytinq,-33 %
Paltaryuyan maşın Beko MVSPE 7H9616 W,729.99 ₼,1 109.00 ₼,5  1 reytinq,-34 %
Portativ quruducu maşın Valence GR996,51.00 ₼,79.00 ₼,5  1 reytinq,-35 %
Dondurucu kamera Biryusa M414,453.98 ₼,600.00 ₼,4.1  7 reytinq,-24 %
Qabyuyan maşın Bosch SMS8ZDI86Q,2 428.00 ₼,3 717.00 ₼,5  1 reytinq,-35 %
Mətbəx plitəsi Ferre ZTW-F0704İ,,594.75 ₼,reytinq yoxdur,endirim yoxdur
Qaz paneli 90sm bej SİGMA 91-468,479.00 ₼,599.00 ₼,reytinq yoxdur,-20 %
"Soyuducu Shivaki HD430 RWENE/DISP, tünd göy",879.99 ₼,1 499.00 ₼,5  1 reytinq,-41 %
Paltaryuyan maşın Toshiba TWBL80A2UZ-SS 7 kq 1200 dövr/dəq Gümüş,664.98 ₼,1 299.99 ₼,reytinq yoxdur,-49 %
Paltar qurudan bambuk,69.99 ₼,149.00 ₼,reytinq yoxdur,-53 %
Paltar və ayaqqabılar üçün quruducu Lofans S5 Beige,59.19 ₼,89.99 ₼,reytinq yoxdur,-34 %
Qaz plitəsi RAF R.8500,24.93 ₼,44.00 ₼,3.3  6 reytinq,-43 %
Qarışıq plitə Hoffmann F767S,666.99 ₼,1 333.98 ₼,5  1 reytinq,-50 %
Dondurucu şkaf Kraft KF-HS-130S,343.00 ₼,530.00 ₼,1  1 reytinq,-35 %
Soyuducu Yoshiro YRF-T415NF70HB,871.99 ₼,1 259.90 ₼,5  2 reytinq,-31 %
Paltaryuyan maşın Vestel R1W812T2BSX .,685.00 ₼,900.00 ₼,5  2 reytinq,-24 %
Paltarqurudan maşın Bompani BO5297UK-BI8200,,2 293.00 ₼,reytinq yoxdur,endirim yoxdur
Qarışıq plitə Luxell LF60-GEG31 White,,598.98 ₼,reytinq yoxdur,endirim yoxdur
Qabyuyan maşın Beko BDFN25521B,879.99 ₼,1 339.00 ₼,5  1 reytinq,-34 %
Soyuducu Yoshiro YRF-T415NF70HX,871.99 ₼,1 259.90 ₼,5  6 reytinq,-31 %
Paltaryuyan maşın Hoffmann WMH7012W - WMH7012W,605.97 ₼,1 199.99 ₼,reytinq yoxdur,-50 %
Dondurucu kamera Biryusa 6046,578.00 ₼,850.00 ₼,4  2 reytinq,-32 %
Quruducu maşın Eurolux EU-TD1099S-10BLDG 10 kq Qara,1 099.99 ₼,1 450.00 ₼,reytinq yoxdur,-24 %
Qaz plitəsi RAF R.8501,30.00 ₼,34.00 ₼,5  2 reytinq,-12 %
Qabyuyan maşın Samsung DW60M5062FW/TR,809.42 ₼,1 399.00 ₼,4.3  3 reytinq,-42 %
Dondurucu qutu Biryusa 240KX,579.96 ₼,999.00 ₼,5  27 reytinq,-42 %
Dondurucu şkaf Biryusa M6147NF Metal,882.15 ₼,1 299.99 ₼,4.9  15 reytinq,-32 %
Soyuducu Indesit ITS 4200 G,807.99 ₼,1 179.90 ₼,4.6  10 reytinq,-32 %
Paltaryuyan maşın Eurolux EU-WM1271S-7BLDG 7 kq 1200 dövr/dəq Gümüş,576.09 ₼,769.99 ₼,3  2 reytinq,-25 %
Paltar qurudan qurğu DSP SH_2521_0013 (KD6026) Bej - SH_2521_0013,79.00 ₼,128.00 ₼,reytinq yoxdur,-38 %
Soyuducu Emersun TFN18D Gray,759.00 ₼,1 099.00 ₼,4  4 reytinq,-31 %
Paltaryuyan maşın Biryusa WM-SE814/10S,551.00 ₼,893.00 ₼,4.2  10 reytinq,-38 %
Dondurucu şkaf Silver BD 150-148,,734.98 ₼,4  1 reytinq,endirim yoxdur
"Qabyuyan maşın Bosch SMS46NB20V, qara",1 565.28 ₼,2 000.00 ₼,1  1 reytinq,-22 %
Qaz plitəsi Wolf 064 4 konforlu bərkidilmiş şüşə qara,,209.00 ₼,reytinq yoxdur,endirim yoxdur
Quruducu maşın Beko B5 T892 43M,1 463.41 ₼,2 800.00 ₼,reytinq yoxdur,-48 %
Quruducu maşın Eurolux EU-TD10ES78S-10BLDG,1 119.53 ₼,1 999.00 ₼,reytinq yoxdur,-44 %
"Paltaryuyan maşın Eurolux EU-WM1271S-7BLDG/2305, Qara, 7 kq, 1200 dövr/dəq",649.00 ₼,949.00 ₼,reytinq yoxdur,-32 %
"Soyuduc Ferre FNF440, No frost, gümüşü",747.89 ₼,1 499.90 ₼,reytinq yoxdur,-50 %
"Paltaryuyan maşın 7Tech 7WM4S1280GSS1, Qara, 8 kq, 1400 dövr/dəq, Qurudulma",524.39 ₼,739.43 ₼,reytinq yoxdur,-29 %
Dondurucu kamera şaquli EU-FR9-SD-HDF1-I - EU-FR9-SD-HDF1-I,372.76 ₼,474.99 ₼,5  2 reytinq,-22 %
Qabyuyan maşın Beko BDFN36641XD,1 049.99 ₼,1 199.00 ₼,reytinq yoxdur,-12 %
Qarışıq plitə Shivaki Milagro 01-K Black,382.98 ₼,520.00 ₼,reytinq yoxdur,-26 %
Quruducu maşın Bompani BOCD10DV/B,,3 811.00 ₼,reytinq yoxdur,endirim yoxdur
Soyuducu Hoffmann DTF-492W,179.00 ₼,371.98 ₼,4.6  11 reytinq,-52 %
"Paltaryuyan maşın JVC WG-NLDF06H5S, boz, 6 kq, 1000 dövr/dəq",510.00 ₼,629.00 ₼,reytinq yoxdur,-19 %
Dondurucu qutu Silver BD 150,449.00 ₼,550.00 ₼,3.8  6 reytinq,-18 %
Qabyuyan maşın Beko DIN15Q20W,628.00 ₼,1 256.00 ₼,reytinq yoxdur,-50 %
Kombinə edilmiş plitə Shivaki 01K 3 gözlü paslanmayan polad qəhvəyi.,411.99 ₼,604.99 ₼,reytinq yoxdur,-32 %
Paltar və ayaqqabılar üçün quruducu cihaz Folding heater 150W/220V,22.47 ₼,35.00 ₼,4  1 reytinq,-36 %
Soyuducu Indesit DS 4180 G,706.99 ₼,949.90 ₼,4.9  24 reytinq,-26 %
Paltaryuyan maşın Shivaki 1060S - SHIV-WM1060 S,522.99 ₼,899.00 ₼,4.8  5 reytinq,-42 %
Kombinə edilmiş plitə Shivaki 01K 4 gözlü emallı qəhvəyi,416.68 ₼,600.00 ₼,5  1 reytinq,-31 %
Dondurucu kamera Eurolux EU-HF9-1SD,378.70 ₼,779.00 ₼,5  6 reytinq,-51 %
Soyuducu Pozis Свияга 538-8 White,1 088.55 ₼,1 439.90 ₼,5  2 reytinq,-24 %
Paltar və ayaqqabılar üçün quruducu Electric Hanger Umate V3719,38.00 ₼,50.00 ₼,reytinq yoxdur,-24 %
Soyuducu TCL F265BFG,697.20 ₼,1 394.40 ₼,reytinq yoxdur,-50 %
Paltaryuyan maşın Midea MF01712BS40/W,529.99 ₼,719.99 ₼,4.7  10 reytinq,-26 %
Dondurucu kamera Hoffmann FRZ-850W,399.00 ₼,599.00 ₼,3.6  7 reytinq,-33 %
Qabyuyan maşın Hoffmann DW-612X,514.98 ₼,799.99 ₼,reytinq yoxdur,-36 %
Quruducu maşın Bompani BOCD10DV/W,,3 811.00 ₼,reytinq yoxdur,endirim yoxdur
Soyuducu Biryusa M6139,689.20 ₼,1 500.00 ₼,reytinq yoxdur,-54 %
Paltaryuyan maşın TCL P607FLG,,489.51 ₼,4  1 reytinq,endirim yoxdur
Dondurucu şkaf Winning Star ST-BD-180L,,579.31 ₼,reytinq yoxdur,endirim yoxdur
Qabyuyan maşın Samsung DW60M5052FS - Silver,799.26 ₼,1 299.99 ₼,reytinq yoxdur,-39 %
Mətbəx plitəsi Femas ZTW-F0504A,,433.75 ₼,4.5  4 reytinq,endirim yoxdur
Soyuducu Hitachi HRTN5198MXAE No Frost ikiqapılı gümüşü,,670.76 ₼,5  1 reytinq,endirim yoxdur
Paltaryuyan maşın Ziffler BWMK7T2DG,484.00 ₼,783.00 ₼,5  4 reytinq,-38 %
"Paltar üçün elektron quruducu İL-4097, portativ",88.90 ₼,126.90 ₼,reytinq yoxdur,-30 %
Quruducu maşın Eurolux EU-TD10XN78S-10BLDG,1 119.53 ₼,1 999.00 ₼,reytinq yoxdur,-44 %
Dondurucu qutu Kraft BD (W)-310 S,589.00 ₼,776.00 ₼,5  5 reytinq,-24 %
Qabyuyan maşın Beko BDFN26526AQ,879.99 ₼,1 353.00 ₼,reytinq yoxdur,-35 %
Qaz plitəsi RAF R.8501 - R.8501,30.42 ₼,83.20 ₼,4.5  2 reytinq,-63 %
Soyuducu Atlant ХМ-4012-022,769.99 ₼,849.00 ₼,5  3 reytinq,-9 %
Paltaryuyan maşın Hoffmann WMH6012T,519.96 ₼,899.00 ₼,5  6 reytinq,-42 %
Dondurucu kamera Eurolux EU-FR9-SD-HDF1-I/4605 Defrost De Frost Boz 90 l,399.00 ₼,549.00 ₼,4.5  2 reytinq,-27 %
Quruducu maşın Eurolux EU-TD10AF78S-10BLDG,1 119.53 ₼,1 999.00 ₼,reytinq yoxdur,-44 %
Dondurucu Eurolux ON-9SDF320_ONLY,437.87 ₼,799.00 ₼,reytinq yoxdur,-45 %
Qabyuyan maşın LG DFC435FP,1 449.99 ₼,1 829.99 ₼,4  4 reytinq,-21 %
"Qaz sobası, bir gözlü, asan təmizlənən, vahid istilik, sadə əməliyyat - ZTW-ABR8500S",18.73 ₼,35.00 ₼,reytinq yoxdur,-46 %
Soyuducu Biryusa B920NF,731.99 ₼,1 029.90 ₼,4.3  6 reytinq,-29 %
Paltaryuyan maşın Hoffmann WM7110TT,495.87 ₼,699.99 ₼,4.7  7 reytinq,-29 %
Qabyuyan maşın LG DFC513FVE,1 399.99 ₼,1 999.99 ₼,reytinq yoxdur,-30 %
Elektrik paltar qurucusu HT-3737,54.00 ₼,90.00 ₼,reytinq yoxdur,-40 %
"Dondurucu şkaf Biryusa 412, De Frost, Ağ, 80 L",367.77 ₼,754.02 ₼,reytinq yoxdur,-51 %
Soyuducu Hoffmann DEFB 185S,633.03 ₼,1 266.06 ₼,3  2 reytinq,-50 %
Paltaryuyan maşın SHARP ES-FE612DLZ-S,542.84 ₼,1 085.68 ₼,5  1 reytinq,-50 %
Qabyuyan maşın BOSCH SMS 4HMB62 T,1 666.35 ₼,3 332.70 ₼,reytinq yoxdur,-50 %
Kombinasiya edilmiş plitə Kraft KF-FSK6406AEBGRI 70 l,479.00 ₼,589.00 ₼,reytinq yoxdur,-19 %
Dondurucu kamera Hoffmann FR-947WNL,499.99 ₼,999.99 ₼,5  3 reytinq,-50 %
Mini soyuducu Ardesto DFM-50X,179.99 ₼,224.99 ₼,4.7  14 reytinq,-20 %
Paltaryuyan maşın Yoshiro YWM-M712SI44W White,549.99 ₼,900.00 ₼,4.4  5 reytinq,-39 %
Qabyuyan maşın Toshiba DW-14F1CISS LGE,883.97 ₼,1 299.00 ₼,5  2 reytinq,-32 %
Dondurucu qutu Ardesto FRM-300MCH,,619.87 ₼,5  4 reytinq,endirim yoxdur
Soyuducu Shivaki HD 345RN Black,599.00 ₼,819.78 ₼,4  1 reytinq,-27 %
Paltaryuyan maşın Hoffmann WMH6012W White,579.96 ₼,1 199.00 ₼,5  3 reytinq,-52 %
Qabyuyan maşın MIDEA MFD60S510Bi-C,978.99 ₼,1 239.90 ₼,reytinq yoxdur,-21 %
Qaz plitəsi 40x40,39.58 ₼,95.00 ₼,5  1 reytinq,-58 %
Dondurucu qutu Ardesto FRM-200MCH,435.09 ₼,544.99 ₼,5  7 reytinq,-20 %
Soyuducu Biryusa M6139,589.00 ₼,919.00 ₼,5  2 reytinq,-36 %
Hisense Paltaryuyan WFQP6012EVM,468.39 ₼,700.00 ₼,4.9  10 reytinq,-33 %
Qabyuyan maşın Yoshiro YDW-SF614M30X,699.00 ₼,999.00 ₼,reytinq yoxdur,-30 %
Qarışıq soba Gefest PGE 6112-02 0112,599.00 ₼,750.00 ₼,reytinq yoxdur,-20 %
Dondurucu qutu LG GCS215SQFG,870.00 ₼,1 279.99 ₼,reytinq yoxdur,-32 %
"Soyuducu Shivaki H345-RND, statik, ikiqapılı, ağ",582.98 ₼,899.99 ₼,reytinq yoxdur,-35 %
Paltaryuyan maşın Neos KG60-1021N-GR,464.96 ₼,980.00 ₼,5  3 reytinq,-53 %
Qabyuyan maşın Samsung DW60M5052FW - White,,879.98 ₼,reytinq yoxdur,endirim yoxdur
Qaz plitəsi BB-000008,37.93 ₼,75.00 ₼,reytinq yoxdur,-49 %
Dondurucu kamera ALNEO 150L - ALNEO_S145W_150LT_S340QERIB,415.76 ₼,719.00 ₼,reytinq yoxdur,-42 %
Qaz plitəsi RAF R.8500-QARA,,30.00 ₼,4.3  3 reytinq,endirim yoxdur
Qabyuyan maşın Samsung DW60M5052FW - SHRK_4884_00613,839.99 ₼,1 635.90 ₼,reytinq yoxdur,-49 %
Soyuducu Biryusa M6134,550.99 ₼,849.90 ₼,4  8 reytinq,-35 %
Paltaryuyan maşın Bosch WAN2420XME,1 111.00 ₼,1 701.00 ₼,5  8 reytinq,-35 %
Dondurucu şkaf Eurolux EU-HFU20-1SN,899.41 ₼,999.00 ₼,reytinq yoxdur,-10 %
Mətbəx plitəsi Gefest 6100-02 0305,699.00 ₼,799.00 ₼,reytinq yoxdur,-13 %
Qabyuyan maşın Hoffmann DW-712X,599.59 ₼,759.99 ₼,reytinq yoxdur,-21 %
Soyuducu Biryusa W 6134,549.00 ₼,859.00 ₼,5  2 reytinq,-36 %
Paltaryuyan maşın Shivaki TE-60L,225.00 ₼,310.23 ₼,5  1 reytinq,-27 %
Dondurucu qutu Eurolux EU-CF20-TD-HDF1,526.45 ₼,899.99 ₼,5  1 reytinq,-42 %
Elektrik plitəsi Eurolux EU-EC37XN40ACB 4 konforlu,,399.99 ₼,reytinq yoxdur,endirim yoxdur
Qabyuyan maşın Lanova WQP12-7809X,1 000.00 ₼,1 740.00 ₼,reytinq yoxdur,-43 %
Mini soyuducu Biryusa 50,224.00 ₼,499.00 ₼,5  1 reytinq,-55 %
Paltaryuyan maşın Shivaki _MYCM_14_TG70F 7 kq 1200 dövr/dəq ağ,215.04 ₼,299.98 ₼,reytinq yoxdur,-28 %
Dərin dondurucu Eurolux EU-CF30-TD-HDF1-WDF,659.25 ₼,999.00 ₼,5  1 reytinq,-34 %
Qabyuyan maşın Samsung DW60M6072FS-TR,1 189.73 ₼,1 699.99 ₼,reytinq yoxdur,-30 %
Qaz plitəsi BK167-A,27.99 ₼,41.16 ₼,1  1 reytinq,-32 %
"Qabyuyan maşın Midea MFD60S510Bi-C, 14 dəst, 42 dB, 10 proqram, A",1 324.99 ₼,2 877.80 ₼,reytinq yoxdur,-54 %
Soyuducu Shivaki HD316-FN Black,517.77 ₼,1 150.00 ₼,reytinq yoxdur,-55 %
Paltaryuyan maşın Shivaki SE65,187.77 ₼,328.99 ₼,reytinq yoxdur,-43 %
Dondurucu qutu Media MDRC345FZF01,593.25 ₼,1 186.50 ₼,5  2 reytinq,-50 %
"Masaüstü qaz plitəsi, 4 konfor, Kombinasiya edilmiş plitə, Paslanmayan polad, Qara",,167.00 ₼,reytinq yoxdur,endirim yoxdur
Qabyuyan maşın Beko BDFN36641WD,1 099.99 ₼,1 683.00 ₼,reytinq yoxdur,-35 %
Paltaryuyan maşın Hisense WFVB7012MT,599.99 ₼,950.00 ₼,5  2 reytinq,-37 %
"Soyuducu Shivaki HD316-FN, Low Frost, İkiqapılı, Ağ",494.22 ₼,714.09 ₼,5  1 reytinq,-31 %
Paltaryuyan maşın Quicks 1865,,178.50 ₼,5  3 reytinq,endirim yoxdur
Dondurucu kamera Eurolux EU.HFU201SN,929.87 ₼,1 259.00 ₼,reytinq yoxdur,-26 %
Qaz plitəsi Yucel O-200-LPG Brown,,53.00 ₼,reytinq yoxdur,endirim yoxdur
Qabyuyan maşın Samsung DW60M5050BB/TR,967.45 ₼,1 170.00 ₼,reytinq yoxdur,-17 %
Soyuducu Ziffler BRF-258TFSR,489.00 ₼,759.00 ₼,1  3 reytinq,-36 %
Paltaryuyan maşın Wolf XPB100-8A,139.47 ₼,150.00 ₼,4.8  12 reytinq,-7 %
Qabyuyan maşın LG DFC532FP,1 799.99 ₼,1 999.99 ₼,reytinq yoxdur,-10 %
"Dondurucu şkaf Biryusa M412, Damlama sistemi, Gümüşü, 80 L",406.97 ₼,799.99 ₼,reytinq yoxdur,-49 %
Qaz plitəsi Bompani DECO92M5CB,,7 963.00 ₼,reytinq yoxdur,endirim yoxdur
Dishwasher Bosch SMV25AX06E 12 sets 48 dB A+,,1 663.95 ₼,reytinq yoxdur,endirim yoxdur
"Soyuducu Shivaki HD-276-FN, Low Frost, İkiqapılı, Gümüşü",473.97 ₼,599.99 ₼,reytinq yoxdur,-21 %
Portativ paltaryuyan maşın Purple 21771328,38.69 ₼,72.00 ₼,3.7  3 reytinq,-46 %
Dondurucu şkaf Eurolux EU-FR20-SD-HNF1,843.74 ₼,1 000.00 ₼,4.5  2 reytinq,-16 %
Kombinə edilmiş qaz-elektrik plitəsi 1001box LANOVA 3 konforlu şüşə keramika qara,,490.00 ₼,reytinq yoxdur,endirim yoxdur
Qabyuyan maşın Bergamo BG-DW5016B60GS,727.35 ₼,990.00 ₼,reytinq yoxdur,-27 %
Soyuducu Biryusa M124,466.00 ₼,735.00 ₼,5  1 reytinq,-37 %
Paltaryuyan maşın Hitachi BD-802HVOS,,808.04 ₼,reytinq yoxdur,endirim yoxdur
Dondurucu qutu Biryusa 305KVS,629.31 ₼,1 150.00 ₼,5  1 reytinq,-45 %
Mətbəx plitəsi Ferre ZTW-F0704Q,,500.00 ₼,reytinq yoxdur,endirim yoxdur
"Qabyuyan maşın Midea MID60S350i-C, 14 dəst, 44 dB, 9 proqram, A",834.00 ₼,1 300.00 ₼,reytinq yoxdur,-36 %
Soyuducu Kumtel HTMF-210SL,449.99 ₼,699.99 ₼,reytinq yoxdur,-36 %
"Portativ paltar yuyan maşın No brand, Ağ, 2 kq, 150 dövr/dəq",,85.00 ₼,reytinq yoxdur,endirim yoxdur
Dondurucu kamera Alneo S90W - ALNEO_S90W_200LT_S415QERIB,484.51 ₼,1 020.00 ₼,reytinq yoxdur,-52 %
"Qabyuyan maşın Bosch SMD8TCX01E 14 dəst, 8 proqram, 42 dB, A++",3 333.99 ₼,5 999.00 ₼,reytinq yoxdur,-44 %
Qabyuyan maşın Eurolux EU.DW9212B60GS,769.95 ₼,1 200.00 ₼,4  1 reytinq,-36 %
Dondurucu qutu Vesta VFC 370 White,631.99 ₼,999.00 ₼,reytinq yoxdur,-37 %
"Soyuducu Hisense DT27DR4, Defrost, ikiqapılı, ağ",439.00 ₼,559.00 ₼,5  1 reytinq,-21 %
Paltaryuyan maşın Denx DX2041 1200W 6kq,120.00 ₼,300.00 ₼,reytinq yoxdur,-60 %
Qaz plitəsi Yücel ZTW-Y100,55.19 ₼,70.00 ₼,reytinq yoxdur,-21 %
Qabyuyan maşın Sharp QW-MA814-SS3,858.90 ₼,1 717.80 ₼,reytinq yoxdur,-50 %
Dondurucu kamera Beko HSM10440,614.00 ₼,945.00 ₼,reytinq yoxdur,-35 %
Soyuducu Midea MDRT294FGF28W,459.99 ₼,684.99 ₼,4.3  43 reytinq,-33 %
Mini paltaryuyan maşın 6917808740356,49.90 ₼,80.00 ₼,4.4  7 reytinq,-38 %
Qaz plitəsi Sultan SUL-3 Brown,60.00 ₼,80.00 ₼,3.7  3 reytinq,-25 %
Qabyuyan maşın Eurolux EU-DW9212B60GS,704.13 ₼,1 029.90 ₼,5  1 reytinq,-32 %
Dondurucu Shivaki SFB130,572.67 ₼,1 249.99 ₼,reytinq yoxdur,-54 %
Soyuducu Midea MDRT294FGF50 Defrost birqapılı gümüşü,430.00 ₼,659.00 ₼,reytinq yoxdur,-35 %
"Mini-paltaryuyan maşın XYJ-001, mavi",49.96 ₼,90.00 ₼,4.8  4 reytinq,-44 %
Qabyuyan maşın Regal AG101,632.99 ₼,999.99 ₼,reytinq yoxdur,-37 %
Mətbəx plitəsi Luxell ZTW-LF60Q,,554.50 ₼,5  1 reytinq,endirim yoxdur
"Qabyuyan maşın Toshiba DW-14F7(B)-CIS, 14 dəst, boz - SHRK_4884_00643",896.99 ₼,1 199.99 ₼,reytinq yoxdur,-25 %
Dondurucu şkaf Beko FS166020,429.99 ₼,637.00 ₼,reytinq yoxdur,-32 %
Qabyuyan maşın LG DFB512FW-LG,1 719.99 ₼,1 999.99 ₼,reytinq yoxdur,-14 %
Dondurucu qutu Biryusa 155KVS,395.77 ₼,489.63 ₼,4.3  4 reytinq,-19 %
Qaz plitəsi Winning Star ST-9654,59.94 ₼,110.00 ₼,3  2 reytinq,-46 %
Qabyuyan maşın Sharp QW-MB612-SS3,695.10 ₼,1 390.20 ₼,reytinq yoxdur,-50 %
Soyuducu Biryusa 551,448.64 ₼,699.99 ₼,3.7  3 reytinq,-36 %
Mini paltaryuyan maşın No Brand B43 Çəhrayı,33.00 ₼,80.00 ₼,4.3  3 reytinq,-59 %
Mətbəx plitəsi və bişirmə plitəsi Luxell ZTW-LF60A,,554.50 ₼,reytinq yoxdur,endirim yoxdur
Qabyuyan maşın Eurolux EU-DW9218B60GS,768.99 ₼,1 300.00 ₼,5  2 reytinq,-41 %
Dondurucu kamera ALNEO 100 - ALNEO_S101W_100LT_S300QERIB,397.99 ₼,699.00 ₼,reytinq yoxdur,-43 %
Dondurucu qutu Hisense FC39DD,649.99 ₼,999.99 ₼,5  1 reytinq,-35 %
Soyuducu Biryusa 553,398.00 ₼,619.00 ₼,4.7  11 reytinq,-36 %
Paltaryuyan maşın Beko WSRE6512PRS,644.45 ₼,1 199.99 ₼,5  1 reytinq,-46 %
"Masaüstü qaz plitəsi , 3 konforlu, Mina, Qara",,86.99 ₼,reytinq yoxdur,endirim yoxdur
"Qabyuyan maşın Samsung DW60M5070FW/SG, Tam ölçülü, 14 dəst, A+, Ağ",835.47 ₼,1 029.00 ₼,reytinq yoxdur,-19 %
Dondurucu kamera Biryusa 6046 SN,950.62 ₼,1 299.00 ₼,reytinq yoxdur,-27 %
Soyuducu Biryusa 110,439.00 ₼,499.00 ₼,4.5  10 reytinq,-12 %
Paltaryuyan maşın Midea MF100W60/T-C,518.96 ₼,1 120.00 ₼,4.4  33 reytinq,-54 %
Soyuducu-dondurucu Eurolux EU-HFR62-W2FD,1 699.99 ₼,2 399.00 ₼,reytinq yoxdur,-29 %
Kombinə edilmiş plitə Shivaki 01K AG 4 gözlü paslanmayan polad ağ,419.97 ₼,599.99 ₼,reytinq yoxdur,-30 %
"Qabyuyan maşın Midea SPRK_MFD60S160Si-C, 14 nəfərlik, 8 proqram, A++ enerji sinifi, 10 L su sərfiyyatı, 49 dB səs səviyyəsi, gümüşü",994.99 ₼,2 285.85 ₼,reytinq yoxdur,-56 %
Soyuducu Ardesto DTF-M212W143,359.00 ₼,529.99 ₼,reytinq yoxdur,-32 %
Paltaryuyan maşın Bosch WLS2846SME,1 010.00 ₼,1 549.00 ₼,5  1 reytinq,-35 %
Dondurucu qutu Darkin DK-CF110WL,379.24 ₼,489.90 ₼,reytinq yoxdur,-23 %
Kombinə edilmiş plitə Kraft KF-FSKM642ES 4 konforlu mina boz,419.00 ₼,499.00 ₼,reytinq yoxdur,-16 %
Qabyuyan maşın Lanova LNV 7635,920.00 ₼,1 650.00 ₼,5  1 reytinq,-44 %
Soyuducu Biryusa 408,342.00 ₼,599.00 ₼,5  1 reytinq,-43 %
Paltaryuyan maşın LG F2Y1VYP6JP,831.00 ₼,1 367.00 ₼,4.6  27 reytinq,-39 %
Qabyuyan maşın LG DFB.512FW,1 369.32 ₼,1 699.90 ₼,reytinq yoxdur,-19 %
Dondurucu qutu Biryusa 560KX,830.99 ₼,1 499.99 ₼,5  3 reytinq,-45 %
"Qaz plitəsi Yücel 0-200-BROWN-NG, 2 konfor, paslanmayan polad, Qəhvəyi",,45.00 ₼,reytinq yoxdur,endirim yoxdur
"Qabyuyan maşın Eurolux EU-DW9212B60GS, 12 dəst, 6 proqram, A++ enerji, 49 dB, Gümüşü",750.00 ₼,800.00 ₼,reytinq yoxdur,-6 %
"Mini soyuducu Shivaki 117AG, Defrost, Birqapılı, Ağ",321.63 ₼,418.22 ₼,5  1 reytinq,-23 %
"Portativ mini paltaryuyan maşın 6Vt, ağ",4.99 ₼,20.00 ₼,3.4  11 reytinq,-75 %
Dondurucu kamera Midea MDRC411FZF01D White,675.15 ₼,1 350.30 ₼,reytinq yoxdur,-50 %
"Masaüstü qaz plitəsi Elif Xe, Kombinasiya edilmiş plitə, 4 konfor, Paslanmayan polad, Qara",125.00 ₼,250.00 ₼,reytinq yoxdur,-50 %
Qabyuyan maşın Hoffmann DW-712X Silver,569.99 ₼,759.99 ₼,reytinq yoxdur,-25 %
Mini soyuducu Ficher Bc84 Meno birqapılı ağ.,299.00 ₼,499.00 ₼,reytinq yoxdur,-40 %
"Paltaryuyan maşın Hoffmann WMH8014T, 8 kq, ön yükləmə, rəqəmsal idarəetmə, gümüş - WMH8014T",567.38 ₼,800.00 ₼,4  3 reytinq,-29 %
"Dondurucu şkaf Biryusa M412(87X48X60.5 sm), 80L",438.49 ₼,685.99 ₼,reytinq yoxdur,-36 %
Soyuducu Hoffmann DTF-840WEN,319.69 ₼,700.99 ₼,reytinq yoxdur,-54 %
Paltaryuyan maşın Beko WSPE7H616A,799.99 ₼,989.98 ₼,4.4  25 reytinq,-19 %
Qaz paneli Neohot OYD-G4 4 qaz - TRUST2002,103.38 ₼,235.65 ₼,reytinq yoxdur,-56 %
"Qabyuyan maşın Eurolux EU-DW9212B60GS, 12 dəst, 6 proqram, A++ enerji, 49 dB, Inox",837.95 ₼,999.00 ₼,reytinq yoxdur,-16 %
Dondurucu qutu Silver BD 100,,380.00 ₼,reytinq yoxdur,endirim yoxdur
Soyuducu No Brand 83 l Black,499.99 ₼,599.99 ₼,reytinq yoxdur,-17 %
Paltaryuyan maşın Samsung WW70T3020BS/LP,730.76 ₼,1 461.52 ₼,4.2  32 reytinq,-50 %
Qaz plitəsi Kumtel HGCN-1001B,,48.00 ₼,reytinq yoxdur,endirim yoxdur
Qabyuyan maşın Eurolux EUDW9224B60GS,949.96 ₼,1 199.99 ₼,reytinq yoxdur,-21 %
Dondurucu qutu Biryusa 455 KXQ,799.31 ₼,1 480.90 ₼,reytinq yoxdur,-46 %
Qaz plitəsi RAF R-8111 Black,,31.25 ₼,reytinq yoxdur,endirim yoxdur
Mini-soyuducu Kraft BR-95I,265.00 ₼,387.00 ₼,4.7  15 reytinq,-32 %
"Qabyuyan maşın Eurolux EU-DW9218B60GS, 15 dəst, 6 proqram, A++ enerji, Gümüşü",983.17 ₼,2 000.00 ₼,reytinq yoxdur,-51 %
"Paltaryuyan maşın Haley HY-7102 Mini, ağ",99.99 ₼,120.00 ₼,reytinq yoxdur,-17 %
Dondurucu qutu Shivaki SFB130 De Frost 250 l ağ-qırmızı.,559.59 ₼,681.86 ₼,reytinq yoxdur,-18 %
Qaz pilitəsi ayaqlı,29.00 ₼,68.00 ₼,5  2 reytinq,-57 %
Mini soyuducu No Brand 72 l,264.95 ₼,499.99 ₼,5  1 reytinq,-47 %
Paltaryuyan maşın Shivaki AZR WM1480S AZR - AZR WM1480S AZR,729.00 ₼,999.00 ₼,reytinq yoxdur,-27 %
Qabyuyan maşın Eurolux EU.DW9224B60GS,829.98 ₼,999.00 ₼,reytinq yoxdur,-17 %
Dondurucu qutu Biryusa B-M155KX,413.99 ₼,799.99 ₼,reytinq yoxdur,-48 %
Qabyuyan maşın Beko BDFN36531GB.,999.98 ₼,1 200.00 ₼,reytinq yoxdur,-17 %
"Qaz plitəsi Zhendah TORY-001559, 35x30 sm",39.40 ₼,45.00 ₼,reytinq yoxdur,-12 %
"Mini soyuducu Biryusa 45, Damcı sistemi, Birqapılı, Ağ",209.98 ₼,399.99 ₼,reytinq yoxdur,-48 %
"Qabyuyan maşın Bergamo BG-DW5016B60GS 60 sm, 14 dəst, 49 dB, A++",760.00 ₼,830.00 ₼,reytinq yoxdur,-8 %
Paltaryuyan maşın Yoshiro YWM-M610SI44W,403.00 ₼,617.00 ₼,4.3  8 reytinq,-35 %
Dondurucu qutu Biryusa B-M155KX,408.48 ₼,531.70 ₼,reytinq yoxdur,-23 %
Mini soyuducu Termoelektrik Birqapılı Ağ.,129.95 ₼,199.99 ₼,5  1 reytinq,-35 %
Paltaryuyan maşın Biryusa WM-SL610/11 S,494.00 ₼,788.00 ₼,3.5  2 reytinq,-37 %
Qaz plitəsi Eurostyle MST-GS32L 2 gözlü qəhvəyi.,32.00 ₼,55.00 ₼,5  1 reytinq,-42 %
Dondurucu qutu Biryusa 260KVS,499.00 ₼,779.00 ₼,5  1 reytinq,-36 %
Qabyuyan maşın Hotpoint HF 5C84 DW X,,886.22 ₼,reytinq yoxdur,endirim yoxdur
Kombinasiya edilmiş plitə Kraft FSK6402EBL 70 l,428.99 ₼,700.00 ₼,reytinq yoxdur,-39 %
Soyuducu Bosch KGN36NL30U,1 165.00 ₼,1 799.00 ₼,5  3 reytinq,-35 %
Paltaryuyan maşın Toshiba TW-BL80A2UZ(SS),640.00 ₼,1 000.00 ₼,4.6  17 reytinq,-36 %
Qabyuyan Eurolux EU-DW9224B60.GS,775.14 ₼,1 129.90 ₼,reytinq yoxdur,-31 %
Qabyuyan maşın Eurolux EU-DW9218B60GS LGE,830.00 ₼,1 050.00 ₼,reytinq yoxdur,-21 %
Kombinasiya edilmiş plitə Kraft KF-FSK6402ES 70 l,418.99 ₼,700.00 ₼,reytinq yoxdur,-40 %
Eurolux EU/DW9224B60GS,950.43 ₼,1 300.00 ₼,reytinq yoxdur,-27 %
Soyuducu Hitachi HRTN6379SXAE No Frost ikiqapılı gümüşü,,1 123.14 ₼,reytinq yoxdur,endirim yoxdur
Paltaryuyan maşın Beko RSPE78612S,799.99 ₼,1 202.00 ₼,4.5  26 reytinq,-33 %
Dondurucu qutu Darkin DK-CF160LW,419.91 ₼,629.93 ₼,reytinq yoxdur,-33 %
"Masaüstü qaz plitəsi, 4 konfor, Kombinasiya edilmiş plitə, Şüşə keramik, Qara",,230.00 ₼,reytinq yoxdur,endirim yoxdur
Qabyuyan maşın Eurolux EU-DW9224B60GS,768.99 ₼,1 129.90 ₼,5  1 reytinq,-32 %
Soyuducu Bosch KGN86AI32U,2 658.99 ₼,3 500.00 ₼,reytinq yoxdur,-24 %
Paltaryuyan maşın Samsung WW80AGAS21AXLP,979.00 ₼,1 299.00 ₼,4.9  14 reytinq,-25 %
Dondurucu kamera Orvica 001 - ORM-001,,177.27 ₼,reytinq yoxdur,endirim yoxdur
Qaz plitəsi Lexical LGS-2811-2,33.62 ₼,100.00 ₼,reytinq yoxdur,-66 %
Qabyuyan maşın Eurolux EU-DW92ES18B60GS,820.12 ₼,1 259.00 ₼,reytinq yoxdur,-35 %
Dondurucu kamera Eurolux EU.HFU16-1SN,899.89 ₼,1 000.00 ₼,reytinq yoxdur,-10 %
Soyuducu Bosch KGD86AI31U,2 733.00 ₼,4 199.00 ₼,5  2 reytinq,-35 %
"Paltaryuyan maşın Ziffler BWMF-8J4DG, 8 kq",515.00 ₼,887.00 ₼,5  4 reytinq,-42 %
"Masaüstü qaz plitəsi Quicks, 10150, 4 konfor, Metal, Tünd qırmızı",,89.00 ₼,reytinq yoxdur,endirim yoxdur
Qabyuyan maşın Vestel BMA 6402 X,922.38 ₼,1 199.99 ₼,reytinq yoxdur,-23 %
Qabyuyan maşın Eurolux EU-DW92XN24B60GS,846.15 ₼,1 299.00 ₼,reytinq yoxdur,-35 %
Dondurucu şkaf Biryusa M414,,700.00 ₼,reytinq yoxdur,endirim yoxdur
Soyuducu LG GR-C639HLCL,1 379.99 ₼,1 629.99 ₼,4.8  21 reytinq,-15 %
Paltaryuyan maşın Midea MF01610US40/T - Quruducu maşın Folding Clothes Dryer GYJ-002 Hədiyyə,639.99 ₼,709.99 ₼,5  1 reytinq,-10 %
Qarışıq soba Bompani BC643CA/N,,3 787.00 ₼,reytinq yoxdur,endirim yoxdur
Qabyuyan maşın Eurolux EU-DW92AF24B60GS,846.15 ₼,1 299.00 ₼,reytinq yoxdur,-35 %
Dərin dondurucu EU-CF20-TD-HDF1-WDF Ağ - EU-CF20-TD-HDF1-WDF,523.68 ₼,1 000.00 ₼,reytinq yoxdur,-48 %
Soyuducu Toshiba GR-RS780WI-PGJ(22),2 073.99 ₼,3 000.00 ₼,5  1 reytinq,-31 %
Paltaryuyan maşın Beko WM218CG,739.92 ₼,1 100.98 ₼,4  10 reytinq,-33 %
Kombinasiya edilmiş plitə Kraft KF-FSKM642EW,399.00 ₼,479.00 ₼,reytinq yoxdur,-17 %
Qabyuyan maşın Regal 714 S,878.00 ₼,1 200.00 ₼,reytinq yoxdur,-27 %
Dondurucu Biryusa LAR 210KVS,497.99 ₼,899.99 ₼,reytinq yoxdur,-45 %
Mini-soyuducu Kraft BR-75I,246.00 ₼,338.00 ₼,4.8  18 reytinq,-27 %
Paltaryuyan maşın Vestel W8P14T2TDXS,636.99 ₼,1 199.99 ₼,reytinq yoxdur,-47 %
Qaz plitəsi 1001box 507 4 konforlu bərkidilmiş şüşə krem,,440.00 ₼,reytinq yoxdur,endirim yoxdur
Qabyuyan maşın Bompani BO5011,,1 896.00 ₼,reytinq yoxdur,endirim yoxdur
Soyuducu Midea MDRT294FGF02,499.99 ₼,709.99 ₼,4.8  75 reytinq,-30 %
Paltaryuyan maşın Samsung WW70AG6S23AXLP,982.66 ₼,1 300.00 ₼,5  1 reytinq,-24 %
Dondurucu qutu AZERRA BD/BC-108 100L gümüşü,377.67 ₼,650.00 ₼,reytinq yoxdur,-42 %
"Qaz plitəsi RAF R.8501_RB, uzadıcı hədiyyə",38.97 ₼,75.00 ₼,reytinq yoxdur,-48 %
Qabyuyan maşın Bompani BOLF14B/E,,1 961.00 ₼,reytinq yoxdur,endirim yoxdur
Soyuducu Beko B5RCNE66HXB,,1 649.74 ₼,5  2 reytinq,endirim yoxdur
Paltaryuyan maşın Samsung WW65A4S20CX/LP,797.00 ₼,860.00 ₼,5  1 reytinq,-7 %
Qaz plitəsi 29x29sm,28.44 ₼,70.00 ₼,reytinq yoxdur,-59 %
Qabyuyan maşın Whirlpool WSFO 3O34 PF X Paslanmayan polad,1 259.99 ₼,1 999.99 ₼,reytinq yoxdur,-37 %
Dondurucu Biryusa M155KX 145 l gümüşü,439.98 ₼,699.99 ₼,reytinq yoxdur,-37 %
Qabyuyan maşın Eurolux EU/DW9218B60GS,849.96 ₼,1 300.00 ₼,reytinq yoxdur,-35 %
Soyuducu Yoshiro YRF-M362NF79HBX,1 379.97 ₼,1 699.00 ₼,3.7  3 reytinq,-19 %
Paltaryuyan maşın Midea MF01610US40/W,467.00 ₼,719.00 ₼,5  3 reytinq,-35 %
Dondurucu kamera Hoffmann FRZ-170W,798.99 ₼,1 299.99 ₼,5  1 reytinq,-39 %
"Masaüstü qaz plitəsi Winning Star ST-5662 2 Şüşə keramik, Qara",196.99 ₼,349.99 ₼,reytinq yoxdur,-44 %
Soyuducu Winning star ST-BCD-152L,409.90 ₼,590.00 ₼,reytinq yoxdur,-31 %
Qabyuyan maşın Eurolux EU-DW92ES24B60GS,828.40 ₼,1 299.00 ₼,reytinq yoxdur,-36 %
Qabyuyan maşın Whirlpool WFE 2B19 X,968.56 ₼,1 122.99 ₼,reytinq yoxdur,-14 %
Dondurucu şkaf Uğur USS 374 DTKL,1 794.98 ₼,3 669.00 ₼,reytinq yoxdur,-51 %
Qaz plitəsi Euroline ZTW-E100,,48.27 ₼,1  1 reytinq,endirim yoxdur
Soyuducu Biryusa W 6033,599.00 ₼,979.00 ₼,4.3  29 reytinq,-39 %
Paltaryuyan maşın Hoffmann WMH7012T - WMH7012T,542.12 ₼,700.00 ₼,5  3 reytinq,-23 %
Qabyuyan maşın Eurolux EU-DW92XN18B60GS,820.12 ₼,1 259.00 ₼,reytinq yoxdur,-35 %
Qabyuyan maşın Eurolux EU-DW92AF18B60GS,820.12 ₼,1 259.00 ₼,reytinq yoxdur,-35 %
Dondurucu şkaf Alneo 100L,388.39 ₼,899.00 ₼,reytinq yoxdur,-57 %
Paltaryuyan maşın LG F2V5HYLYJ.AMBPMER,1 039.99 ₼,1 399.00 ₼,4.9  7 reytinq,-26 %
Qabyuyan maşın Hotpoint Ariston HI 5D84 DW,979.99 ₼,1 800.00 ₼,reytinq yoxdur,-46 %
Soyuducu LG GRFB587PQAM,2 150.00 ₼,2 599.00 ₼,5  21 reytinq,-17 %
Paltaryuyan maşın TCL P606FLG,507.00 ₼,1 014.00 ₼,3.8  5 reytinq,-50 %
Soyuducu LG GR-X39FMKHL,6 788.60 ₼,8 759.90 ₼,reytinq yoxdur,-23 %
Dondurucu kamera Biryusa 6048,498.98 ₼,650.00 ₼,reytinq yoxdur,-23 %
Soyuducu Biryusa 920NF,656.00 ₼,1 033.00 ₼,4.5  11 reytinq,-36 %
Paltaryuyan maşın Bosch WAN2820XME,1 013.00 ₼,1 549.00 ₼,reytinq yoxdur,-35 %
"Mətbəx plitəsi, 4 konfor, qara",,155.00 ₼,reytinq yoxdur,endirim yoxdur
"Dondurucu şkaf Biryusa 6146NF, No Frost, 230 l, ağ",727.90 ₼,1 499.99 ₼,reytinq yoxdur,-51 %
Soyuducu Kraft NF 701 IX,1 311.00 ₼,2 146.00 ₼,5  1 reytinq,-39 %
Paltaryuyan maşın LG F2V5GG2S.ASSPCOM,1 139.03 ₼,1 659.90 ₼,5  6 reytinq,-31 %
"Qaz plitəsi Zhendah TORY-001585, 2 göz, Metal, Qara",74.99 ₼,80.00 ₼,reytinq yoxdur,-6 %
Dondurucu qutu Kraft KM-365,609.00 ₼,949.00 ₼,5  1 reytinq,-36 %
Soyuducu Bosch KGN49LB30U,2 004.99 ₼,2 599.99 ₼,4.3  6 reytinq,-23 %
Paltaryuyan maşın TCL P609FLG,701.00 ₼,1 402.00 ₼,reytinq yoxdur,-50 %
"Kombinə edilmiş soba Shivaki, Artel Milagro 01-K, 4 gözlü, Emallı, Qara",,650.00 ₼,reytinq yoxdur,endirim yoxdur
Dondurucu qutu Darkin DK-CF210LW,499.96 ₼,779.56 ₼,reytinq yoxdur,-36 %
Soyuducu BEKO B1RCSK362G,799.90 ₼,1 000.00 ₼,reytinq yoxdur,-20 %
Qabyuyan maşın Regal AG 1013 Silver,639.04 ₼,999.99 ₼,reytinq yoxdur,-36 %
Qaz plitəsi RAF R.8503 1 gözlü qara,,39.98 ₼,reytinq yoxdur,endirim yoxdur
Dondurucu şkaf Silver SL 43T,,239.21 ₼,reytinq yoxdur,endirim yoxdur
Soyuducu Samsung RT38CG6000S9WT,1 172.81 ₼,1 700.00 ₼,4.6  11 reytinq,-31 %
Paltaryuyan maşın Midea MF01814BS47/T-GEO,659.90 ₼,800.00 ₼,reytinq yoxdur,-18 %
Qabyuyan maşın Regal Y 25 X,742.53 ₼,1 199.99 ₼,reytinq yoxdur,-38 %
"Masaüstü qaz plitəsi Elif Xe, 4 göz, Metal, Qara",105.00 ₼,210.00 ₼,reytinq yoxdur,-50 %
Dondurucu qutu Silver BD 91,,450.00 ₼,reytinq yoxdur,endirim yoxdur
Soyuducu Beko B5RCNK363ZXBR,1 048.99 ₼,1 469.90 ₼,4.9  17 reytinq,-29 %
Paltaryuyan maşın Midea MF01712BS40/W - Quruducu maşın Folding Clothes Dryer GYJ-002 Hədiyyə,649.99 ₼,709.99 ₼,reytinq yoxdur,-8 %
Masa üstü Bişirme Sobasi Quicks 10145 2669878,,60.00 ₼,5  1 reytinq,endirim yoxdur
Dondurucu qutu Shivaki SFB137 330L,638.99 ₼,709.66 ₼,reytinq yoxdur,-10 %
Qabyuyan maşın Indesit DFE-1B19,888.99 ₼,2 000.00 ₼,reytinq yoxdur,-56 %
Soyuducu Shivaki HD-276-FN Black,519.13 ₼,563.79 ₼,reytinq yoxdur,-8 %
Paltaryuyan maşın Shivaki AZR WM1460S,534.69 ₼,647.53 ₼,reytinq yoxdur,-17 %
Qaz plitəsi RAF R.8032B m.e,,42.99 ₼,reytinq yoxdur,endirim yoxdur
Soyuducu Hoffmann DFTN143S Boz,470.00 ₼,659.99 ₼,5  1 reytinq,-29 %
Paltaryuyan maşın Shivaki 1070S - SHIV-WM1070 S,560.00 ₼,916.00 ₼,1  1 reytinq,-39 %
"Kombinə edilmiş soba Shivaki Artel Milagro 01-K, 4 gözlü, Emallı, Qəhvəyi",,650.00 ₼,reytinq yoxdur,endirim yoxdur
Soyuducu Hoffmann NFFD-180BG,1 299.99 ₼,1 699.99 ₼,5  9 reytinq,-24 %
Paltaryuyan maşın LG F2V9GW9P - AZR F2V9GW9P AZR,1 139.99 ₼,1 250.00 ₼,5  1 reytinq,-9 %
"Dondurucu qutu 7Tech 7FR4G250WS3, No Frost, Ağ, 150 L",525.96 ₼,657.00 ₼,reytinq yoxdur,-20 %
Soyuducu Samsung RB31FERNDWW/WR,1 109.85 ₼,1 600.00 ₼,5  3 reytinq,-31 %
Paltaryuyan maşın Xiaomi Mijia Pro QMP4603EU,1 199.99 ₼,1 654.99 ₼,reytinq yoxdur,-27 %
Masaüstü qaz plitəsi RAF R.8500 1 Metal Qara,,20.99 ₼,reytinq yoxdur,endirim yoxdur
Soyuducu Ziffler BRF-258TFSLATE,489.00 ₼,759.00 ₼,4.5  2 reytinq,-36 %
Paltaryuyan maşın UM001000959,39.09 ₼,99.88 ₼,3.8  8 reytinq,-61 %
"Dondurucu qutu 7Tech, De Frost, Ağ, 250 l",521.19 ₼,688.25 ₼,reytinq yoxdur,-24 %
"Soyuducu Samsung, No Frost, Gümüşü",1 059.97 ₼,1 999.99 ₼,reytinq yoxdur,-47 %
Portativ paltaryuyan maşın Purple-HVB,33.99 ₼,55.00 ₼,3.8  5 reytinq,-38 %
Qabyuyan maşın Hotpoint-Ariston HFC 3C41 CW X,1 218.59 ₼,1 569.90 ₼,reytinq yoxdur,-22 %
Qaz plitəsi Lexical LGS-2811-5,61.69 ₼,84.70 ₼,reytinq yoxdur,-27 %
Dondurucu qutu Pozis FH 250-1,763.00 ₼,971.00 ₼,5  2 reytinq,-21 %
Soyuducu HirSing HS-090-01,,160.00 ₼,reytinq yoxdur,endirim yoxdur
Paltaryuan maşın Hoffmann VM6110WT,491.23 ₼,700.00 ₼,3.3  3 reytinq,-30 %
"Kombinə edilmiş soba Shivaki, Artel Milagro 01-K Silver 01K, 4 gözlü, Emallı, Ağ",,620.00 ₼,reytinq yoxdur,endirim yoxdur
Dondurucu şkaf Booş De Frost Grey 176 l,903.47 ₼,1 750.00 ₼,reytinq yoxdur,-48 %
Soyuducu Hisense RD73WRWD Inox,1 298.67 ₼,2 399.99 ₼,5  3 reytinq,-46 %
Paltaryuyan maşın Hoffmann WM7110WT,468.75 ₼,899.99 ₼,5  3 reytinq,-48 %
Kombinasiya edilmiş plitə Kraft KF-FSK6402EW 70 l,398.99 ₼,700.00 ₼,reytinq yoxdur,-43 %
Dondurucu şkaf Biryusa B-6048,464.99 ₼,579.65 ₼,reytinq yoxdur,-20 %
Soyuducu Beko B1RCNK362G,934.99 ₼,1 359.90 ₼,4  5 reytinq,-31 %
Paltaryuyan maşın Samsung WW90DG6U34LELP,1 073.99 ₼,1 599.99 ₼,5  1 reytinq,-33 %
Mini soyuducu Smeg FAB10RRD5,3 151.00 ₼,3 938.75 ₼,reytinq yoxdur,-20 %
Paltaryuyan maşın LG L9C1107PBGC,1 599.99 ₼,2 149.99 ₼,5  2 reytinq,-26 %
"Dondurucu qutu Shivaki SFB130, damlama sistemi, ağ, 250 L",532.98 ₼,899.99 ₼,reytinq yoxdur,-41 %
Qaz plitəsi Winning Star ST-5658,32.99 ₼,55.00 ₼,5  2 reytinq,-40 %
Qabyuyan maşın Beko BDFN36730GB - SHRK_4884_00662,918.60 ₼,1 000.99 ₼,reytinq yoxdur,-8 %
Dondurucu qutu Kraft BD (W) 150 BL,423.75 ₼,699.99 ₼,4.2  5 reytinq,-39 %
Soyuducu Samsung RB31FERNDS9/WT,1 275.45 ₼,1 700.00 ₼,3.8  10 reytinq,-25 %
Paltaryuyan maşın LG F2X5PYNY6.AEBQME3,979.99 ₼,1 359.99 ₼,reytinq yoxdur,-28 %
"Qaz plitəsi RAF R.8500, 1 konfor, metal, qara",,19.99 ₼,reytinq yoxdur,endirim yoxdur
Dondurucu qutu Kraft KM-177,358.00 ₼,557.00 ₼,5  3 reytinq,-36 %
"Qaz plitəsi Euro Klass, 2 gözlü, masaüstü, qəhvəyi.",89.98 ₼,130.00 ₼,reytinq yoxdur,-31 %
Soyuducu Kraft NF 601 X,1 239.00 ₼,1 999.00 ₼,5  2 reytinq,-38 %
Paltaryuyan maşın LG F2X5PYNY8 8 kq 1400 dövr/dəq ağ.,969.99 ₼,1 359.99 ₼,reytinq yoxdur,-29 %
"Qaz plitəsi No brand, 2 konfor, Mina, Ağ",,75.99 ₼,reytinq yoxdur,endirim yoxdur
Qaz plitəsi RAF R. 8032B,,32.00 ₼,reytinq yoxdur,endirim yoxdur
Dondurucu kamera Eurolux EU-FR9-SD-HDF1-I 90 L Boz,449.87 ₼,800.00 ₼,reytinq yoxdur,-44 %
Soyuducu Biryusa M110,380.00 ₼,597.00 ₼,4.3  11 reytinq,-36 %
Paltaryuyan Maşın Samsung WW80TA046AX/GU,940.00 ₼,1 300.00 ₼,4.2  5 reytinq,-28 %
"Qaz plitəsi Zhendah TORY-001564, 60x60 sm",77.99 ₼,83.00 ₼,reytinq yoxdur,-6 %
Dondurucu kamera Pozis FV 108 SX,540.99 ₼,699.00 ₼,reytinq yoxdur,-23 %
Qabyuyan maşın Indesit DFE 1B19,888.54 ₼,1 299.99 ₼,reytinq yoxdur,-32 %
Soyuducu Indesit ITS 5180 G,817.99 ₼,1 169.90 ₼,4  21 reytinq,-30 %
Paltaryuyan maşın Vestel R1W712T1BSX.,687.97 ₼,1 299.00 ₼,5  2 reytinq,-47 %
Dondurucu qutu Biryusa ON.680KXQ 600L,1 005.92 ₼,1 299.00 ₼,reytinq yoxdur,-23 %
Soyuducu Shivaki HS-117 RN,275.72 ₼,391.23 ₼,reytinq yoxdur,-30 %
Paltaryuyan maşın Hoffmann WMH6012W - WMH6012W,530.00 ₼,1 199.00 ₼,reytinq yoxdur,-56 %
"Mətbəx plitələri və bişirmə plitələri Femas ZTW-F0504, 50x60 sm",,468.25 ₼,reytinq yoxdur,endirim yoxdur
Dondurucu qutu LG GCS315SQFG,925.00 ₼,1 379.99 ₼,reytinq yoxdur,-33 %
"Masaüstü qaz plitəsi, 4 konfor, Kombinasiya edilmiş plitə, Paslanmayan polad, boz",,169.00 ₼,reytinq yoxdur,endirim yoxdur
Soyuducu Biryusa M122,418.00 ₼,656.00 ₼,5  5 reytinq,-36 %
Paltaryuyan maşın Bosch WGA2441XME,1 327.98 ₼,1 999.99 ₼,5  1 reytinq,-34 %
Dondurucu şkaf Biryusa 6046 damcı sistemli 230 l ağ,572.97 ₼,1 299.99 ₼,reytinq yoxdur,-56 %
Soyuducu Hitachi R-W760PUC7 GBK,2 557.05 ₼,4 900.40 ₼,reytinq yoxdur,-48 %
Paltaryuyan maşın Eurolux EU-WM1017S-6BLDG,524.23 ₼,674.99 ₼,4  2 reytinq,-22 %
"Qaz plitəsi RAF R.8111, 1 konfor, metal, qara",,36.00 ₼,reytinq yoxdur,endirim yoxdur
"Masaüstü qaz plitəsi Elif 5643, 3 göz, Metal, Qara",85.00 ₼,180.00 ₼,reytinq yoxdur,-53 %
"Dondurucu qutu Biryusa 260KVS, De Frost, Ağ, 240 L",527.76 ₼,867.99 ₼,reytinq yoxdur,-39 %
Soyuducu Winsor RF-W50S,197.96 ₼,500.00 ₼,5  1 reytinq,-60 %
Paltaryuyan maşın Toshiba TW-BN90C4UZ(MK),819.98 ₼,1 200.00 ₼,5  1 reytinq,-32 %
"Masaüstü qaz plitəsi, 3 konforlu, Mina, Ağ",,86.99 ₼,reytinq yoxdur,endirim yoxdur
Dondurucu qutu JVC WG-NRFC10H5S.,362.00 ₼,449.00 ₼,5  2 reytinq,-19 %
Qarışıq plitə Shivaki 01K White,405.97 ₼,599.99 ₼,reytinq yoxdur,-32 %
"Qaz plitəsi Lexical, 1 konfor, paslanmayan polad, qəhvəyi",59.99 ₼,99.99 ₼,reytinq yoxdur,-40 %
Qaz piltəsi DSP KD-5077 White,62.99 ₼,129.99 ₼,1  1 reytinq,-52 %
Soyuducu Hoffmann DEFB-185S,679.00 ₼,999.00 ₼,4.7  9 reytinq,-32 %
"Mini paltaryuyan maşın 8711346, göy",45.98 ₼,83.33 ₼,5  1 reytinq,-45 %
Elektrik plitəsi Eurolux EU-EC37AF40ACB 4 konforlu,,399.93 ₼,reytinq yoxdur,endirim yoxdur
"Dondurucu qutu 7Tech, Damlama sistemi, Ağ, 250 L",535.97 ₼,1 099.00 ₼,reytinq yoxdur,-51 %
"Dondurucu qutu 7Tech 7FR4G418WS3, Ağ, 418 L",835.98 ₼,1 299.99 ₼,reytinq yoxdur,-36 %
Mini soyuducu Biryusa 45,199.99 ₼,299.98 ₼,reytinq yoxdur,-33 %
Paltaryuyan maşın Samsung WW60AG4S00CE,899.99 ₼,1 099.00 ₼,reytinq yoxdur,-18 %
Dondurucu qutu ilver BD100 De Frost White 100 l,426.73 ₼,764.00 ₼,reytinq yoxdur,-44 %
Dondurucu qutu 7Tech 7FR4G418WS3,898.93 ₼,1 659.93 ₼,reytinq yoxdur,-46 %
Stolüstü qaz plitəsi RAF R.1112152_RB,28.00 ₼,31.00 ₼,reytinq yoxdur,-10 %
"Qaz plitəsi Zhendah TORY-001562, 50x50 sm",69.99 ₼,75.00 ₼,reytinq yoxdur,-7 %
Qaz plitəsi RAF R.8501 black + Hədiyyə Süd köpürdən,,59.98 ₼,reytinq yoxdur,endirim yoxdur
Soyuducu Samsung RT35CG5000S9WT,1 117.74 ₼,1 700.99 ₼,5  21 reytinq,-34 %
Paltaryuyan maşın Lanova LNWM--60480-WW,495.00 ₼,530.00 ₼,4.5  2 reytinq,-7 %
Donruducu qutu Kraft BD (W)-605QX,1 085.00 ₼,1 457.00 ₼,5  1 reytinq,-26 %
"Elektrik plitə, 2 konfor, paslanmayan polad, ağ",32.99 ₼,98.50 ₼,reytinq yoxdur,-67 %
Dondurucu qutu Eurolux EU-CF30-TD-HDF1,899.88 ₼,1 029.99 ₼,reytinq yoxdur,-13 %
Mətbəx plitəsi DSP KD-4055,28.17 ₼,66.00 ₼,reytinq yoxdur,-57 %
"Qaz plitəsi RAF R.8503, 1 konfor, metal, qara",,42.99 ₼,reytinq yoxdur,endirim yoxdur
Soyuducu Hoffmann NFB-185DS,728.69 ₼,999.99 ₼,5  1 reytinq,-27 %
Paltaryuyan maşın Samsung WW70T3020BS/LP,759.97 ₼,1 099.00 ₼,reytinq yoxdur,-31 %
Dondurucu qutu Biryusa 455KXQ 420L,737.76 ₼,988.63 ₼,reytinq yoxdur,-25 %
Soyuducu No Brand 83 l Gray,374.99 ₼,600.00 ₼,reytinq yoxdur,-38 %
Paltaryuyan maşın Samsung WW70AGAS25AXLP,839.11 ₼,1 299.99 ₼,4.9  15 reytinq,-35 %
Qaz plitəsi RAF R.8500,28.00 ₼,45.00 ₼,reytinq yoxdur,-38 %
Dondurucu qutu Kraft BD (W)-365 S,668.00 ₼,849.00 ₼,reytinq yoxdur,-21 %
"Qaz plitəsi Lexical, 2 konforlu, mina, qara",,99.99 ₼,reytinq yoxdur,endirim yoxdur
Dondurucu qutu Biryusa B-412,383.00 ₼,899.00 ₼,reytinq yoxdur,-57 %
"Mətbəx plitəsi, 4 konfor, qara",,195.00 ₼,reytinq yoxdur,endirim yoxdur
"Dondurucu qutu 7Tech 7FR4G418WS3, De Frost, Ağ, 418 l",830.57 ₼,1 089.63 ₼,reytinq yoxdur,-24 %
"Mətbəx plitəsi, 4 konfor, boz",,190.00 ₼,reytinq yoxdur,endirim yoxdur
"Qabyuyan maşın Bergamo BG-DW5016B60GS, 14 dəst, 6 proqram, A++ enerji, 49 dB, Inox",957.01 ₼,1 200.00 ₼,reytinq yoxdur,-20 %
"Qaz plitəsi Zhendah TORY-001560, 40x30 sm",44.99 ₼,50.00 ₼,reytinq yoxdur,-10 %
Kombinasiya edilmiş plitə Kraft KF-FSK6403AEW 70 l,438.99 ₼,700.00 ₼,reytinq yoxdur,-37 %
Qabyuyan maşın Whirlpool WIP 4O33PLES Tam quraşdırılan 14 dəst 43 dB,1 665.91 ₼,2 199.99 ₼,reytinq yoxdur,-24 %
Donruducu kamera Kraft BD (W)-310QX,551.00 ₼,752.00 ₼,reytinq yoxdur,-27 %
Qaz plitəsi BB-000007,34.99 ₼,80.00 ₼,reytinq yoxdur,-56 %
Masaüstü qaz plitəsi RAF R.8501 Black,,40.99 ₼,reytinq yoxdur,endirim yoxdur
Dondurucu qutu JVC WG-NRFC10W5S,352.00 ₼,429.00 ₼,reytinq yoxdur,-18 %
Qaz plitəsi Lexical paslanmayan polad 1 gözlü qara.,52.80 ₼,92.80 ₼,reytinq yoxdur,-43 %
"Qaz plitəsi RAF R.8501 2 konfor, metal, qara",,39.99 ₼,reytinq yoxdur,endirim yoxdur
"Masaüstü qaz plitəsi, 4 konfor, Kombinasiya edilmiş plitə, Paslanmayan polad, Qara",,185.00 ₼,reytinq yoxdur,endirim yoxdur
Qarışıq plitə Shivaki 01K Brown,405.97 ₼,599.99 ₼,reytinq yoxdur,-32 %
"Masaüstü qaz plitəsi, 2 konfor, Metal, Qara",79.99 ₼,159.99 ₼,reytinq yoxdur,-50 %
Soyuducu Bosch KGN56LB31U,2 299.00 ₼,3 100.00 ₼,5  2 reytinq,-26 %
Paltaryuyan maşın LG L5C0905PSGC,1 199.99 ₼,1 724.99 ₼,4  4 reytinq,-30 %
Retro soyuducu 76 l,359.98 ₼,550.00 ₼,4  2 reytinq,-35 %
Paltaryuyan maşını BOSCH WAN28201ME,1 041.00 ₼,1 599.00 ₼,reytinq yoxdur,-35 %
"Qaz plitəsi Lexical, 2 konforlu, mina, qara",99.99 ₼,169.99 ₼,reytinq yoxdur,-41 %
Soyuducu Bosch KGN36XL30U,1 342.00 ₼,2 049.00 ₼,5  3 reytinq,-35 %
"Paltaryuyan maşın Hisense WFQP7012EVMT, boz, 7 kq, 1200 dövr/dəq",519.00 ₼,599.00 ₼,reytinq yoxdur,-13 %
Soyuducu Ardesto DTF-M212X143,379.00 ₼,549.00 ₼,4.7  3 reytinq,-31 %
Paltaryuyan maşın LG F4V5EYLYP.APTPMEA /YS/,1 299.99 ₼,1 629.99 ₼,reytinq yoxdur,-20 %
Soyuducu Midea MDRB470MGF46O,,897.67 ₼,4.6  5 reytinq,endirim yoxdur
Paltaryuyan maşın LG F2Y1HS6J 7 kq 1200 dövr/dəq,805.31 ₼,1 299.00 ₼,reytinq yoxdur,-38 %
Soyuducu Biryusa M118,520.00 ₼,650.00 ₼,3.5  16 reytinq,-20 %
Soyuducu Indesit ITS 4160 G,722.99 ₼,949.90 ₼,4.4  7 reytinq,-24 %
Paltaryuyan maşın LG LVF0900PBGC,1 098.99 ₼,1 594.99 ₼,5  1 reytinq,-31 %
Dondurucu qutu Pozis FH-250,897.00 ₼,1 141.00 ₼,4  1 reytinq,-21 %
Soyuducu Shivaki HD-276-FN Low Frost ikiqapılı metal rəng,465.07 ₼,639.27 ₼,reytinq yoxdur,-27 %
Paltaryuyan maşın Bosch WGK244ZXME,1 443.00 ₼,2 199.00 ₼,reytinq yoxdur,-34 %
"Dondurucu qutu Biryusa 210KVS, damlama sistemi, ağ, 210 L",494.98 ₼,1 099.99 ₼,reytinq yoxdur,-55 %
Paltaryuyan maşın LG F4V5VYL2P,1 189.00 ₼,1 999.99 ₼,5  9 reytinq,-41 %
Soyuducu Lanova HD-273FN,399.00 ₼,850.00 ₼,4  3 reytinq,-53 %
Paltaryuyan maşın JVC WG NLDF07H5S 7 kq,579.00 ₼,699.00 ₼,reytinq yoxdur,-17 %
Dondurucu qutu Biryusa ON.B-560KX 510L,905.33 ₼,1 299.00 ₼,reytinq yoxdur,-30 %
Dondurucu şkaf Biryusa M412,609.70 ₼,1 199.99 ₼,reytinq yoxdur,-49 %
Soyuducu Midea MDRB593FGE28,1 289.90 ₼,1 669.90 ₼,3  1 reytinq,-23 %
Paltaryuyan maşın Bosch WGK264ZXME,1 705.00 ₼,2 599.00 ₼,5  1 reytinq,-34 %
Dondurucu qutu Biryusa CF68,1 239.00 ₼,1 899.00 ₼,reytinq yoxdur,-35 %
Soyuducu Indesit TIA 16 G,613.00 ₼,937.00 ₼,4  6 reytinq,-35 %
Paltaryuyan maşın Vestel R1W912T2BSX,737.00 ₼,1 000.00 ₼,5  1 reytinq,-26 %
"Qaz plitəsi Lexical, 2 konforlu, mina, qəhvəyi",,99.99 ₼,reytinq yoxdur,endirim yoxdur
Elektrik plitəsi Hot Plate P-2020B 2 gözlü ağ.,21.20 ₼,100.00 ₼,reytinq yoxdur,-79 %
Soyuducu Bosch KGN86AW32U,2 563.00 ₼,3 899.00 ₼,5  3 reytinq,-34 %
Mini paltaryuyan maşın,99.10 ₼,121.00 ₼,3  2 reytinq,-18 %
"Dondurucu qutu Eurolux, De Frost, Ağ, 200 L",540.24 ₼,999.99 ₼,reytinq yoxdur,-46 %
"Masaüstü qaz plitəsi Quicks, 10135, 2 konfor, Metal, Tünd qırmızı",,45.00 ₼,reytinq yoxdur,endirim yoxdur
Paltaryuyan maşın ZTW-AA204,,45.00 ₼,reytinq yoxdur,endirim yoxdur
"Dondurucu qutu Kraft KM-247, 240 l",531.39 ₼,900.00 ₼,reytinq yoxdur,-41 %
"Digər mətbəx ləvazimatları Qaz sobası, iki gözlü, asan təmizlənir, vahid istilik, sadə əməliyyat - ZTW-ABR8501S",,39.60 ₼,reytinq yoxdur,endirim yoxdur
"Masaüstü qaz plitəsi Quicks, 10140, 3 konforlu, Metal, Qəhvəyi",,69.00 ₼,reytinq yoxdur,endirim yoxdur
Soyuducu Hisense DT27DR4 Defrost ikiqapılı ağ.,439.00 ₼,559.00 ₼,reytinq yoxdur,-21 %
Paltaryuyan Samsung WW70AG6S23ATLP,944.00 ₼,1 454.00 ₼,5  5 reytinq,-35 %
"Dondurucu qutu Biryusa - 680KXQ, ağ",927.79 ₼,1 899.99 ₼,reytinq yoxdur,-51 %
Qaz plitəsi RAF R.8111 Qara,44.89 ₼,95.22 ₼,reytinq yoxdur,-53 %
"Soyuducu Shivaki HD345-RND MET, Defrost, İkiqapılı, Boz",618.70 ₼,1 150.00 ₼,reytinq yoxdur,-46 %
Paltaryuyan maşın Bosch WGA2540XME,1 503.00 ₼,2 301.00 ₼,5  2 reytinq,-35 %
"Masaüstü plitə, qaz, ağ",59.11 ₼,220.00 ₼,5  1 reytinq,-73 %
"Qaz sobası Akane A030860_RB, emal, 3 konfor, ağ",99.00 ₼,149.00 ₼,reytinq yoxdur,-34 %
Qaz plitəsi Winning Star ST-9656,34.90 ₼,69.00 ₼,reytinq yoxdur,-49 %
Donruducu kamera Kraft BD (W)-365QX,608.00 ₼,825.00 ₼,5  1 reytinq,-26 %
Soyuducu Hoffman DTF-840WEN,313.66 ₼,559.99 ₼,4.8  5 reytinq,-44 %
Paltaryuyan maşın Shivaki TG70 - TG70,239.20 ₼,355.17 ₼,4.9  8 reytinq,-33 %
Qaz plitəsi Quicks 10140 3 gözlü qəhvəyi.,,60.00 ₼,reytinq yoxdur,endirim yoxdur
"Dondurucu qutu Kraft KM-297, 285 l",590.89 ₼,1 150.00 ₼,reytinq yoxdur,-49 %
Soyuducu Biryusa 6033 White,580.00 ₼,910.00 ₼,4  12 reytinq,-36 %
Paltaryuyan maşın Yoshiro YWM-M610SI44G,520.00 ₼,700.00 ₼,1  1 reytinq,-26 %
Donruducu qutu Kraft BD (W)-520QX,952.00 ₼,1 287.00 ₼,reytinq yoxdur,-26 %
Qaz plitəsi Winning Star ST-9657,,36.90 ₼,reytinq yoxdur,endirim yoxdur
Dondurucu Eurolux EU-CF1XN5-TD-HMF1-WDF 150 l,462.13 ₼,599.99 ₼,reytinq yoxdur,-23 %
Soyuducu Ardesto DTF.M212X143,469.99 ₼,699.88 ₼,reytinq yoxdur,-33 %
Paltaryuyan maşın Samsung WW90DG6G94LB Qara 9 kq 1400 dövr/dəq Qurudulma yoxdur,1 265.70 ₼,1 799.99 ₼,reytinq yoxdur,-30 %
Qaz plitəsi Winning Star ST-9664,,31.90 ₼,reytinq yoxdur,endirim yoxdur
Dondurucu şkaf Biryusa 416 175 l ağ,465.97 ₼,699.99 ₼,reytinq yoxdur,-33 %
Soyuducu Biryusa 6034,532.00 ₼,835.00 ₼,4.8  6 reytinq,-36 %
"Paltaryuyan maşın Shivaki TE60LS, ağ, 6 kq, 1300 dövr/dəq",213.97 ₼,499.99 ₼,reytinq yoxdur,-57 %
"Mətbəx plitəsi, 4 konfor, qara",,180.00 ₼,reytinq yoxdur,endirim yoxdur
"Dondurucu qutu Kraft BD (W)-460SRX, De Frost, Boz, 460 L",973.00 ₼,1 249.00 ₼,reytinq yoxdur,-22 %
Qaz sobası RAF 08-5030,25.99 ₼,37.00 ₼,reytinq yoxdur,-30 %
Soyuducu Biryusa 424,449.00 ₼,699.00 ₼,reytinq yoxdur,-36 %
Paltaryuyan maşın LG F2Y2HYP65,799.99 ₼,944.99 ₼,reytinq yoxdur,-15 %
"Dondurucu şkaf Biryusa 412, Damlama sistemi, Ağ, 80 L",397.96 ₼,599.99 ₼,reytinq yoxdur,-34 %
Qaz plitəsi RAF R.1112150_RB,29.00 ₼,44.00 ₼,reytinq yoxdur,-34 %
"Qaz plitəsi Lexical, 1 konfor, paslanmayan polad, qəhvəyi",,59.99 ₼,reytinq yoxdur,endirim yoxdur
Paltaryuyan maşın Vestel W610T1,,560.00 ₼,3.7  3 reytinq,endirim yoxdur
"Dondurucu qutu 7Tech 7FR4G250WS3, De Frost, Ağ, 250 L",533.75 ₼,765.99 ₼,reytinq yoxdur,-30 %
"Mətbəx plitəsi, 4 konfor, boz",,175.00 ₼,reytinq yoxdur,endirim yoxdur
Soyuducu Bosch KGN76CI30U,2 509.00 ₼,3 849.00 ₼,5  3 reytinq,-35 %
"Paltaryuyan maşın JVC WG-NLDF06W5S, Ağ, 6 kq, 1000 dövr/dəq",499.00 ₼,599.00 ₼,reytinq yoxdur,-17 %
Portativ qaz plitəsi RAF SH_2521_0224 Qara Metal 112Vt 2 proqram Mexaniki (R.8501) - SH_2521_0224,55.00 ₼,69.00 ₼,reytinq yoxdur,-20 %
"Mətbəx plitəsi, 4 konfor, gümüşü",,190.00 ₼,reytinq yoxdur,endirim yoxdur
"Dondurucu qutu Shivaki SFB137, damlama sistemi, ağ, 330 L",632.98 ₼,999.99 ₼,reytinq yoxdur,-37 %
Soyuducu Hoffmann NFFD-179BGT,1 238.96 ₼,1 689.99 ₼,reytinq yoxdur,-27 %
Paltaryuyan maşın LG F4V5EYLYP. APTPMEA,1 299.99 ₼,1 629.99 ₼,4.7  3 reytinq,-20 %
Masaüstü qaz plitəsi Winning Star ST-5662 2 Şüşə keramik Qara,196.99 ₼,299.99 ₼,reytinq yoxdur,-34 %
Paltaryuyan maşın Beko WSRE 7512 PRS,776.99 ₼,1 700.99 ₼,4.3  12 reytinq,-54 %
"Dondurucu qutu Ferre KLEO KDF300, damlama sistemi, ağ, 220 L",504.98 ₼,999.99 ₼,reytinq yoxdur,-50 %
Qaz sobası Shivaki 01K 4 konforlu A sinfi qara,,849.99 ₼,reytinq yoxdur,endirim yoxdur
Qaz sobası RAF R.8592837_AS,25.99 ₼,50.00 ₼,reytinq yoxdur,-48 %
Paltaryuyan maşın Hisense WF519043BBFS,824.03 ₼,1 600.00 ₼,reytinq yoxdur,-48 %
Dondurucu Biryusa 6048 135 l 60×99×62.5 sm,499.12 ₼,896.64 ₼,reytinq yoxdur,-44 %
"Masaüstü qaz plitəsi Quicks, 10135, 2 əd, Metal, Boz",,45.00 ₼,reytinq yoxdur,endirim yoxdur
Soyuducu LG GN-B422PLGB,1 234.00 ₼,1 901.00 ₼,reytinq yoxdur,-35 %
Paltaryuyan maşın Biryusa BR WM-SL 712/11 S,523.00 ₼,849.00 ₼,4  3 reytinq,-38 %
Dondurucu kamera Shivaki SSFFCC137,633.04 ₼,799.00 ₼,reytinq yoxdur,-21 %
Soyuducu LG GR-X24FMKBL,5 407.50 ₼,10 815.00 ₼,reytinq yoxdur,-50 %
Paltaryuyan maşın Samsung WW90DG6U34LBLP - SHRK_4884_00610,980.13 ₼,1 850.00 ₼,reytinq yoxdur,-47 %
Portativ qaz plitəsi kempinq üçün iki konforlu İL - 5390,175.99 ₼,206.90 ₼,reytinq yoxdur,-15 %
"Qaz plitəsi No brand, 1 Konfor, Metal, Qara",,39.00 ₼,reytinq yoxdur,endirim yoxdur
Dondurucu kamera Birusa 355KVS Ağ,649.91 ₼,823.42 ₼,reytinq yoxdur,-21 %
Soyuducu Hitachi RV820PUK1K1BSL No Frost ikiqapılı gümüşü,,2 090.29 ₼,reytinq yoxdur,endirim yoxdur
Paltaryuyan maşın JVC WG NLDE08H5S 8 kq,719.00 ₼,879.00 ₼,reytinq yoxdur,-18 %
Elekrtik soba Bompani DIVA6007ECPVCIX,,4 257.00 ₼,reytinq yoxdur,endirim yoxdur
Soyuducu Taube TB-60143DFSS,549.00 ₼,799.00 ₼,5  2 reytinq,-31 %
Paltaryuyan maşın Toshiba TW-BK100GF4UZ(SK),948.00 ₼,1 460.00 ₼,4  1 reytinq,-35 %
Dondurucu kamera Eurolux EU-HFU16-1SN,899.90 ₼,1 200.00 ₼,reytinq yoxdur,-25 %
Soyuducu Indesit DS 4200 G,742.00 ₼,1 136.00 ₼,2.8  4 reytinq,-35 %
Paltaryuyan maşın Toshiba TWBN90C4UZ-SK 8 kq 1400 dövr/dəq Gümüş,778.96 ₼,1 200.00 ₼,reytinq yoxdur,-35 %
Soyuducu Shivaki HD345,599.00 ₼,795.26 ₼,3  1 reytinq,-25 %
Paltaryuyan Maşın Hisense WF5I9043BBFS,,766.75 ₼,5  2 reytinq,endirim yoxdur
Portativ qaz sobası RAF 08-1110 3.0 kW,30.99 ₼,55.00 ₼,reytinq yoxdur,-44 %
Soyuducu Samsung RT42CB662022WT,1 616.92 ₼,2 719.33 ₼,5  3 reytinq,-41 %
"Paltaryuyan maşın Shivaki SE65, ağ",156.98 ₼,299.99 ₼,reytinq yoxdur,-48 %
Dondurucu qutu Pozis FH-255-1,668.00 ₼,849.00 ₼,3.5  4 reytinq,-21 %
"Qaz plitəsi RAF R.8114 ALY, 1 konfor, qara",,50.99 ₼,reytinq yoxdur,endirim yoxdur
"Qaz plitəsi RAF R.8503 ALY, 1 konfor, qara",,41.99 ₼,reytinq yoxdur,endirim yoxdur
"Qaz plitəsi RAF R.8501 ALY, 2 konfor, qara",,42.99 ₼,reytinq yoxdur,endirim yoxdur
"Qaz plitəsi RAF R.8500 ALY, 1 konfor, qara",,29.99 ₼,reytinq yoxdur,endirim yoxdur
Qaz sobası Tebriz A sinfi bej,,280.00 ₼,reytinq yoxdur,endirim yoxdur
Soyuducu Beko B3RCNK362HW,1 029.98 ₼,2 000.00 ₼,5  2 reytinq,-49 %
Paltaryuyan maşın TCL P608FLG,623.00 ₼,1 246.00 ₼,reytinq yoxdur,-50 %
Dondurucu qutu Shivaki SFC137 De Frost 330 l ağ-qırmızı.,631.22 ₼,799.00 ₼,reytinq yoxdur,-21 %
Elektrik plitə Wolf 4 konforlu A sinfi gümüşü,,189.00 ₼,reytinq yoxdur,endirim yoxdur
Buz generatoru DSP KD8001,199.98 ₼,361.50 ₼,5  1 reytinq,-45 %
Termal mini soyuducu birqapılı ağ,,71.50 ₼,reytinq yoxdur,endirim yoxdur
Paltaryuyan və quruducu Ardesto WDMW-85IDGBDI 8 kg 1200 dövr/dəq Boz,,849.98 ₼,5  1 reytinq,endirim yoxdur
"Dondurucu qutu Biryusa 305KVS, damlama sistemi, ağ, 285 L",592.98 ₼,1 099.99 ₼,reytinq yoxdur,-46 %
Dondurucu qutu Kraft 177L,442.69 ₼,750.00 ₼,reytinq yoxdur,-41 %
Soyuducu Hisense RB-66 W4Bl - RB-66 W4Bl,1 499.99 ₼,2 199.99 ₼,reytinq yoxdur,-32 %
Paltaryuyan maşın Bosch WGA24400ME (4242005358854),1 349.00 ₼,1 599.00 ₼,4.8  5 reytinq,-16 %
"Soyuducu Hisense RB66W4BIB, 503 L, qara",1 494.32 ₼,2 299.99 ₼,reytinq yoxdur,-35 %
Paltaryuyan maşın LG LVF0800PBPC,915.00 ₼,1 830.00 ₼,reytinq yoxdur,-50 %
Dondurucu kamera Biryusa B-CF50,1 009.00 ₼,1 539.00 ₼,reytinq yoxdur,-34 %
Qaz plitəsi Lexical paslanmayan polad 1 gözlü qara.,52.80 ₼,92.80 ₼,reytinq yoxdur,-43 %
Dondurucu qutu Ardesto FRM-290E White,769.99 ₼,849.99 ₼,reytinq yoxdur,-9 %
Soyuducu Eurolux EU-RF600HNF-2SS,1 562.13 ₼,2 748.00 ₼,reytinq yoxdur,-43 %
"Paltaryuyan maşın Shivaki W1470S, tünd boz, 7 kq, 1200 dövr/dəq",582.97 ₼,999.99 ₼,reytinq yoxdur,-42 %
"Dondurucu qutu Biryusa 455KXQ, damlama sistemi, ağ, 420 L",757.98 ₼,1 599.99 ₼,reytinq yoxdur,-53 %
Soyuducu Hitachi R-W660PUC7-GBK,2 528.99 ₼,4 900.40 ₼,5  2 reytinq,-48 %
"Paltaryuyan maşın Shivaki AZWM1460S, tünd boz, 6 kq, 1000 dövr/dəq",502.97 ₼,899.99 ₼,reytinq yoxdur,-44 %
Dondurucu qutu Biryusa B-355KVS,675.98 ₼,893.64 ₼,reytinq yoxdur,-24 %
"Soyuducu Shivaki, HD345-RND, DeFrost, İkiqapılı, Qara",618.68 ₼,1 150.00 ₼,reytinq yoxdur,-46 %
Paltaryuyan maşını Hoffmann VSL-6100S.,,550.00 ₼,reytinq yoxdur,endirim yoxdur
Paltaryuyan maşın Beko WSPD 73612W,709.90 ₼,899.90 ₼,reytinq yoxdur,-21 %
"Dondurucu şkaf Biryusa 6046, damlama sistemi, ağ, 230 L",565.97 ₼,999.99 ₼,reytinq yoxdur,-43 %
Soyuducu Beko - B1RCSK362S,976.44 ₼,1 800.00 ₼,reytinq yoxdur,-46 %
Soyuducu Hisense RB66W4BI 503 litr Qara,1 499.98 ₼,2 099.99 ₼,reytinq yoxdur,-29 %
Paltaryuyan maşın LG F4V5EYLYP.APTPMEA,1 299.99 ₼,1 629.99 ₼,5  1 reytinq,-20 %
Soyuducu Beko RDNE455E40DSN,1 214.90 ₼,1 699.00 ₼,5  1 reytinq,-28 %
Paltaryuyan maşın SHARP ES-FE612DLZ-W,512.39 ₼,1 024.78 ₼,4  5 reytinq,-50 %
Dondurucu qutu Biryusa CF23,649.00 ₼,999.00 ₼,reytinq yoxdur,-35 %
"Dondurucu qutu Eurolux EU-CF20-TD-HDF1-WDF (TP), De Frost, Ağ, 200 L",665.68 ₼,899.00 ₼,reytinq yoxdur,-26 %
Dondurucu kamera Pozis FV NF-117 White,879.00 ₼,1 219.90 ₼,5  6 reytinq,-28 %
Soyuducu LG GR-B257KLJW,2 198.99 ₼,2 699.00 ₼,reytinq yoxdur,-19 %
Paltaryuyan maşın Hoffmann VSL-6100S,548.99 ₼,800.00 ₼,4.3  50 reytinq,-31 %
"Dondurucu şkaf Biryusa 414, Əl, Ağ, 130 L",435.97 ₼,699.99 ₼,reytinq yoxdur,-38 %
"Dondurucu şkaf Biryusa 412, Əl, Ağ, 80 L",385.97 ₼,499.99 ₼,reytinq yoxdur,-23 %
Soyuducu Bosch KGN49XL30U,1 754.95 ₼,2 400.00 ₼,5  3 reytinq,-27 %
"Soyuducu Shivaki HD 430-RWENE/DISP, No Frost, ikiqapılı, tünd boz",854.98 ₼,1 399.99 ₼,reytinq yoxdur,-39 %
Paltaryuyan maşın Bosch WGB256AXME,2 486.00 ₼,3 799.00 ₼,reytinq yoxdur,-35 %
"Dondurucu şkaf Shivaki 6147NF, No Frost, 280 l, ağ",788.89 ₼,1 799.99 ₼,reytinq yoxdur,-56 %
Soyuducu Bosch KGN49XW30U,1 709.00 ₼,2 599.00 ₼,5  2 reytinq,-34 %
Paltaryuyan maşın Vestel W610T2DS,,575.00 ₼,5  1 reytinq,endirim yoxdur
Dondurucu kamera Kraft BD (W)-460SRX,974.00 ₼,1 287.00 ₼,5  1 reytinq,-24 %
"Dondurucu kamera Pozis FH 258, 473 L, 855x675x1715 mm, R600a, şüşə qapaq, DeFrost - FH 258",1 663.95 ₼,2 400.00 ₼,reytinq yoxdur,-31 %
Soyuducu Eurolux EU-RF58HNF-4BMD,1 869.96 ₼,3 499.00 ₼,5  1 reytinq,-47 %
Paltaryuyan maşın Toshiba TW T21BU80UWUZ,743.50 ₼,1 499.00 ₼,5  1 reytinq,-50 %
Soyuducu Samsung RS62R50312C/WT,2 756.99 ₼,2 987.00 ₼,5  1 reytinq,-8 %
Dondurucu qutu Biryusa 355KVS damcı sistemli 330 l ağ,650.97 ₼,1 599.99 ₼,reytinq yoxdur,-59 %
Soyuducu Eurolux EU-RF56HNF-4BG-N,1 529.99 ₼,1 999.99 ₼,reytinq yoxdur,-24 %
Paltaryuyan maşın Toshiba TW BL70A2UZ SS,690.02 ₼,999.79 ₼,5  2 reytinq,-31 %
Dondurucu qutu JVC WG-NRFC20W5S,502.00 ₼,599.00 ₼,reytinq yoxdur,-16 %
Soyuducu LG GR-L267SLRL,3 200.00 ₼,5 000.00 ₼,reytinq yoxdur,-36 %
Dondurucu Eurolux EU-CF1AF5-TD-HMF1-WDF 150 l,462.13 ₼,599.99 ₼,reytinq yoxdur,-23 %
Dondurucu qutu Uğur UED 160,807.43 ₼,1 600.00 ₼,reytinq yoxdur,-50 %
Dondurucu qutu JVC WG-NRFC15W5S,422.00 ₼,499.00 ₼,reytinq yoxdur,-15 %
"Soyuducu Shivaki H345-RND, statik, ikiqapılı, gümüşü",599.98 ₼,959.99 ₼,reytinq yoxdur,-38 %
Paltaryuyan maşın Samsung WW90DG6G94LBLP,1 044.00 ₼,1 608.00 ₼,reytinq yoxdur,-35 %
Soyuducu Hoffmann NFFD180BG,1 499.99 ₼,2 799.99 ₼,reytinq yoxdur,-46 %
Soyuducu Hoffmann NF-177SN,999.69 ₼,1 999.99 ₼,5  4 reytinq,-50 %
"Paltaryuyan maşın 7Tech, boz, 7 kq, 1200 dövr/dəq",517.76 ₼,1 099.99 ₼,reytinq yoxdur,-53 %
Dondurucu qutu Biryusa 680KXQ,,1 400.00 ₼,reytinq yoxdur,endirim yoxdur
Soyuducu Kraft NF 702 ICB - 6903709880147,1 405.00 ₼,2 299.00 ₼,reytinq yoxdur,-39 %
Portativ paltaryuyan maşın WM-01,125.30 ₼,265.00 ₼,reytinq yoxdur,-53 %
Soyuducu Eurolux EU.RF60HNF-2SD,1 659.99 ₼,2 000.00 ₼,reytinq yoxdur,-17 %
Paltaryuyan maşın LG F2T9GW9P-LTS,1 037.77 ₼,1 474.99 ₼,5  2 reytinq,-30 %
Dondurucu Eurolux EU-CF7XN2-TD-HDF2-WDF 720 l,,2 499.98 ₼,reytinq yoxdur,endirim yoxdur
Soyuducu Hoffmann DEFB-180S,779.64 ₼,1 099.99 ₼,4.4  21 reytinq,-29 %
Paltaryuyan maşın Eurolux EU-WM1479S-8BLDG,799.99 ₼,944.99 ₼,reytinq yoxdur,-15 %
"Dondurucu qutu Eurolux EU-CF20-TD-HDF1-WDF (LN), De Frost, Ağ, 200 L",665.68 ₼,899.00 ₼,reytinq yoxdur,-26 %
"Dondurucu qutu Eurolux EU-CF20-TD-HDF1-WDF (BR), De Frost, ağ, 200 L",665.68 ₼,1 131.66 ₼,reytinq yoxdur,-41 %
Soyuducu Samsung RS.62R50312C,,3 499.99 ₼,reytinq yoxdur,endirim yoxdur
Soyuducu Eurolux EU-RF60-MD-HNF4-WG,1 964.50 ₼,3 200.00 ₼,reytinq yoxdur,-39 %
"Paltaryuyan maşın Kraft MS7206FBC, qara",579.00 ₼,948.00 ₼,reytinq yoxdur,-39 %
Soyuducu Hoffmann NF-785DG,1 359.80 ₼,2 200.00 ₼,reytinq yoxdur,-38 %
Paltaryuyan maşın LG F20L2CRV2E2 - AZR F20L2CRV2E2 AZR,2 699.65 ₼,3 199.99 ₼,reytinq yoxdur,-16 %
Dondurucu kamera Orvica ORM-001 buz hazırlayan - cityec514,229.99 ₼,400.00 ₼,reytinq yoxdur,-43 %
Paltaryuyan maşın Berlin JG60-A212VE,495.00 ₼,750.00 ₼,5  1 reytinq,-34 %
Soyuducu Shivaki No Frost ikiqapılı ağ,855.39 ₼,1 063.49 ₼,reytinq yoxdur,-20 %
"Mini paltaryuyan 10016_92832106, qatlanan",35.24 ₼,53.39 ₼,3  4 reytinq,-34 %
Buz generatoru RAF R.3331,,440.16 ₼,5  1 reytinq,endirim yoxdur
Paltaryuyan maşın Beko WTV 8612 XSS,800.01 ₼,1 400.00 ₼,reytinq yoxdur,-43 %
Soyuducu Hoffmann DFTN-143W,,535.00 ₼,4.7  12 reytinq,endirim yoxdur
"Paltaryuyan maşın JVC WG NLDF08H5S, Boz, 8 kq, 1400 dövr/dəq",642.00 ₼,779.00 ₼,5  1 reytinq,-18 %
"Dondurucu kamera KRAFT BD(W)-520BL ağ, 520L, A++, Inventor motorlu - 6903709882660KRAFT",936.00 ₼,1 263.00 ₼,reytinq yoxdur,-26 %
Dondurucu qutu Silver BD 600,,1 500.00 ₼,5  1 reytinq,endirim yoxdur
Soyuducu TCL P550TMG No Frost,811.64 ₼,1 099.00 ₼,5  1 reytinq,-26 %
"Dondurucu qutu No Brand, 108 l",500.00 ₼,600.00 ₼,reytinq yoxdur,-17 %
Soyuducu Eurolux EU-RF560HNF-4BG,1 548.95 ₼,2 999.00 ₼,5  1 reytinq,-48 %
Paltaryuyan maşın Toshiba TW-BN80C2UZ(SK),789.62 ₼,1 199.99 ₼,5  1 reytinq,-34 %
Dondurucu kamera Alneo HNS S145W - HNS S145W,486.61 ₼,998.00 ₼,reytinq yoxdur,-51 %
Soyuducu Shivaki 117 White,273.66 ₼,680.00 ₼,reytinq yoxdur,-60 %
Paltaryuyan maşın LG W1S1CVK2EHM - AZR W1S1CVK2EHM AZR,5 160.55 ₼,10 321.10 ₼,reytinq yoxdur,-50 %
Dondurucu Eurolux EU-CF7AF2-TD-HDF2-WDF 720 l,,2 499.92 ₼,reytinq yoxdur,endirim yoxdur
Soyuducu Biryusa M553 damcı sistemli ikiqapılı gümüşü,462.97 ₼,1 299.99 ₼,reytinq yoxdur,-64 %
Paltaryuyan maşın Kraft MS 7205 SBC,560.00 ₼,916.00 ₼,4  2 reytinq,-39 %
Paltaryuyan maşın Samsung WW11CB944CGHLP,1 480.00 ₼,2 264.00 ₼,reytinq yoxdur,-35 %
Paltaryuyan maşın Samsung WD11DG6B85BBLP,1 639.07 ₼,2 199.99 ₼,3  2 reytinq,-25 %
Dondurucu sandıq 800 l No Frost gümüşü.,,3 840.00 ₼,reytinq yoxdur,endirim yoxdur
Soyuducu Ziffler RF-TF-587l No Frost,1 083.00 ₼,1 689.00 ₼,reytinq yoxdur,-36 %
Paltaryuyan Maşın Samsung WW65AG4S20CX,795.99 ₼,999.99 ₼,5  1 reytinq,-20 %
Dondurucu qutu Pozis FH-255,759.99 ₼,1 000.00 ₼,reytinq yoxdur,-24 %
Dondurucu qutu JVC WG-NRFC20H5S,513.00 ₼,619.00 ₼,reytinq yoxdur,-17 %
Dondurucu qutu Biryusa 680KXQ 600L,863.42 ₼,1 329.74 ₼,reytinq yoxdur,-35 %
Soyuducu Biryusa B-M412,408.56 ₼,699.99 ₼,reytinq yoxdur,-42 %
Mini Paltaryuyan Haley HY-030520_RB Ağ,86.00 ₼,129.00 ₼,1  1 reytinq,-33 %
"Dondurucu qutu Kraft BD (W)-340SRX, De Frost, Boz, 340 L",806.00 ₼,990.00 ₼,reytinq yoxdur,-19 %
Soyuducu Midea MDRB470MIE22OM,994.00 ₼,1 988.00 ₼,5  1 reytinq,-50 %
Paltaryuyan maşın YOSHIRO YWM-V122S8D60/G,920.01 ₼,1 267.02 ₼,4.3  6 reytinq,-27 %
Buz generatoru RAF R.0307,209.94 ₼,299.99 ₼,reytinq yoxdur,-30 %
"Dondurucu kamera Eurolux EU-CF15-TD-HMF1-WDF, De Frost, ağ, 150 L",,498.96 ₼,reytinq yoxdur,endirim yoxdur
Soyuducu Hoffmann DTF 492W,187.99 ₼,375.98 ₼,3.5  2 reytinq,-50 %
Paltaryuyan maşın Bosch WGK264Z0ME,1 549.00 ₼,1 999.00 ₼,5  2 reytinq,-23 %
"Dondurucu qutu Kraft BD (W)-280 RX, De Frost, Ağ, 280 L",618.00 ₼,759.00 ₼,reytinq yoxdur,-19 %
Dondurucu qutu Uğur UDD 500 BK,1 400.00 ₼,2 800.00 ₼,reytinq yoxdur,-50 %
Soyuducu Riffel RFDN66032XPD,1 149.00 ₼,1 699.99 ₼,reytinq yoxdur,-32 %
"Soyuducu Shivaki HD-276-FN, Low Frost, İkiqapılı, Qara",475.98 ₼,699.99 ₼,reytinq yoxdur,-32 %
Paltaryuyan maşın Atlant СМА 60У1214-01,637.00 ₼,861.00 ₼,5  2 reytinq,-26 %
Soyuducu Hoffmann NFB-186SN,849.99 ₼,1 300.00 ₼,4  4 reytinq,-35 %
"Buz generatoru Fakir Sitare, 2.2 l",262.30 ₼,354.99 ₼,reytinq yoxdur,-26 %
Soyuducu LG VP LTC752HFCM.APYRALY,1 739.98 ₼,4 000.00 ₼,reytinq yoxdur,-57 %
Paltaryuyan LG F2T9GW9P 8.5 kq Ağ/Qrafit,1 155.99 ₼,1 600.00 ₼,reytinq yoxdur,-28 %
"Soyuducu Kleo FNF440B, No Frost, İkiqapılı, Qara",751.97 ₼,1 599.99 ₼,reytinq yoxdur,-53 %
Paltaryuyan maşın Vestfrost T00610S,440.00 ₼,560.00 ₼,5  1 reytinq,-21 %
Soyuducu Beko B5RCNE615ZXP,2 199.98 ₼,2 600.00 ₼,reytinq yoxdur,-15 %
Paltaryuyan maşın LG F0L9DYP2S,2 004.45 ₼,4 008.90 ₼,reytinq yoxdur,-50 %
Dondurucu qutu Ugur UDD 400 BK,1 499.15 ₼,2 199.99 ₼,reytinq yoxdur,-32 %
Soyuducu Bosch KFN96VPEA,3 397.00 ₼,5 199.00 ₼,reytinq yoxdur,-35 %
"Portativ paltaryuyan maşın, bənövşəyi",49.10 ₼,68.45 ₼,5  1 reytinq,-28 %
Paltaryuyan maşın Silver SLW8000G,,230.00 ₼,reytinq yoxdur,endirim yoxdur
Buz generatoru Sonifer SF-6522,185.11 ₼,210.00 ₼,5  4 reytinq,-12 %
Soyuducu Toshiba GR-RF610WE PGS22B,2 047.45 ₼,3 499.99 ₼,reytinq yoxdur,-42 %
"Mini soyuducu Hailang BC-90, boz",389.98 ₼,550.00 ₼,reytinq yoxdur,-29 %
Paltaryuyan maşın LG LVF0800PBPC Black,959.48 ₼,1 124.99 ₼,reytinq yoxdur,-15 %
"Dondurucu qutu Eurolux EU-CF20-TD-HDF1-WDF (ON), De Frost, ağ, 200 L",665.68 ₼,1 164.94 ₼,reytinq yoxdur,-43 %
Soyuducu Midea MDRB424FGF02O Boz,868.35 ₼,1 736.70 ₼,reytinq yoxdur,-50 %
Paltaryuyan maşın Samsung WD11DG6B85BELP,1 450.99 ₼,1 999.99 ₼,5  2 reytinq,-27 %
Dondurucu sandıq Biryusa 560KX 510 l ağ.,,1 300.00 ₼,reytinq yoxdur,endirim yoxdur
"Mini soyuducu Termoelektrik Birqapılı, Ağ",149.99 ₼,195.90 ₼,1  1 reytinq,-23 %
Paltaryuyan maşın Eurolux EU.WМ1483T-8DS5EI EU.WМ1483T-8DS5EI,644.97 ₼,899.00 ₼,reytinq yoxdur,-28 %
Soyuducu LG GR-F589BQCM,1 991.79 ₼,2 499.99 ₼,reytinq yoxdur,-20 %
"Dondurucu qutu Biryusa 680KXQ, damlama sistemi, ağ, 600 L",864.99 ₼,1 599.99 ₼,reytinq yoxdur,-46 %
Soyuducu Taube TB-60143DGDFS,454.94 ₼,633.60 ₼,reytinq yoxdur,-28 %
Paltaryuyan maşın Bosch WGB24410ME,2 000.00 ₼,4 000.00 ₼,reytinq yoxdur,-50 %
Buz hazırlayan aparat Whiskey Ice Ball Maker,1 649.96 ₼,2 455.00 ₼,reytinq yoxdur,-33 %
Paltaryuyan maşın Beko WM 218CG,769.99 ₼,1 299.99 ₼,reytinq yoxdur,-41 %
Soyuducu Beko RDNE700E40XBR,1 499.00 ₼,2 799.00 ₼,reytinq yoxdur,-46 %
Portativ paltaryuyan maşın No Brand 16368459,38.50 ₼,56.00 ₼,reytinq yoxdur,-31 %
"Dondurucu qutu Biryusa - 560KX, ağ",897.90 ₼,1 850.00 ₼,reytinq yoxdur,-51 %
Paltaryuyan maşın Electrolux EW6S4R26BI,657.03 ₼,889.90 ₼,4.6  5 reytinq,-26 %
Dondurucu qutu Biryusa 560KX damcı sistemli 510 l ağ,806.97 ₼,1 999.99 ₼,reytinq yoxdur,-60 %
Soyuducu Beko B1RCNK362W,999.99 ₼,1 497.00 ₼,5  1 reytinq,-33 %
Paltaryuyan maşın Wolf 953337_RB,299.00 ₼,475.00 ₼,reytinq yoxdur,-37 %
Buz hazırlayan cihaz Ackiliss ACL-97851,159.87 ₼,195.00 ₼,reytinq yoxdur,-18 %
Soyuducu Hoffmann DFTN-143S Inox,474.79 ₼,799.99 ₼,reytinq yoxdur,-41 %
Paltaryuyan maşın 7Tech 7WM4S1280GSS1 Black,521.45 ₼,714.23 ₼,reytinq yoxdur,-27 %
"Dondurucu şkaf Biryusa 6046, 230 l ağ",659.90 ₼,1 299.99 ₼,reytinq yoxdur,-49 %
Soyuducu Samsung Bespoke RS90F65D1FWT,3 697.00 ₼,5 659.00 ₼,reytinq yoxdur,-35 %
Paltaryuyan maşın Sharp ES-FSI912DLZ-S,878.85 ₼,1 757.70 ₼,5  1 reytinq,-50 %
Paltaryuyan maşın LG F2V7GWL2P 7 kq 1200 dövr/dəq Gümüş,1 149.36 ₼,1 699.99 ₼,reytinq yoxdur,-32 %
Buz generatoru Super Crest SCT-3009 Silver,175.99 ₼,299.00 ₼,reytinq yoxdur,-41 %
Soyuducu Emersun TMFH17T-360 BLACK,695.00 ₼,1 049.00 ₼,reytinq yoxdur,-34 %
Paltaryuyan maşın LG F4V5VS2S,,1 104.14 ₼,1  1 reytinq,endirim yoxdur
Dondurucu qutu Ugur UDD 600 BK.,2 399.16 ₼,3 699.99 ₼,reytinq yoxdur,-35 %
Soyuducu LG LTB842PFBQ Boz,2 144.98 ₼,4 290.00 ₼,reytinq yoxdur,-50 %
Paltaryuyan maşın Samsung WW80FG3M05AWLP 8 kq Ağ,,824.33 ₼,5  1 reytinq,endirim yoxdur
"Dondurucu qutu Eurolux, 300, De Frost, Ağ, 300 l",676.92 ₼,1 299.99 ₼,reytinq yoxdur,-48 %
Soyuducu Hoffmann NBT-185SN,714.90 ₼,1 999.00 ₼,5  2 reytinq,-64 %
Dondurucu kamera Alneo HNS S90W01 - HNS S90W01,521.59 ₼,1 120.00 ₼,reytinq yoxdur,-53 %
Paltaryuyan maşın 7Tech 7WM4S1280GSS1 8 kq 1200 dövr/dəq gümüşü,544.98 ₼,1 099.99 ₼,5  1 reytinq,-50 %
Soyuducu Samsung RS80F65J1FWT,,2 459.84 ₼,reytinq yoxdur,endirim yoxdur
Paltaryuyan maşın Bosch WAN2821XME,1 199.00 ₼,1 899.00 ₼,reytinq yoxdur,-37 %
Dondurucu qutu Biryusa 6048,478.00 ₼,999.00 ₼,reytinq yoxdur,-52 %
"Soyuducu Biryusa 553 AG, Damcı sistemi, İkiqapılı, Ağ",442.98 ₼,699.99 ₼,reytinq yoxdur,-37 %
"Paltaryuyan maşın Midea MF01610US40/W 6 kq, 1000 dövr/dəq, ağ",764.99 ₼,1 654.50 ₼,5  1 reytinq,-54 %
Dondurucu qutu Vesta VFC 370 330 l ağ,689.99 ₼,890.00 ₼,reytinq yoxdur,-22 %
Soyuducu 7Tech 7REF4G310DIS3,757.98 ₼,1 599.99 ₼,reytinq yoxdur,-53 %
"Buz generatoru DSP KD8001 (RS), ağ",199.90 ₼,249.99 ₼,reytinq yoxdur,-20 %
Dondurucu şkaf Biryusa 6147NF MONITOR No Frost 210 l ağ,849.99 ₼,1 699.98 ₼,reytinq yoxdur,-50 %
Dondurucu qutu Ugur 400BK,1 429.39 ₼,1 999.99 ₼,5  1 reytinq,-29 %
Dondurucu qutu Ugur UDD 500 SC,1 899.13 ₼,3 779.00 ₼,reytinq yoxdur,-50 %
Soyuducu Samsung RB31FERNDSA/WT,1 436.00 ₼,2 198.00 ₼,reytinq yoxdur,-35 %
Paltaryuyan maşın TCL C7110WDG,1 009.00 ₼,2 018.00 ₼,reytinq yoxdur,-50 %
"Buz generatoru RAF R.0310, qara",164.63 ₼,285.00 ₼,reytinq yoxdur,-42 %
"Soyuducu Shivaki HD316-FN, defrost, ikiqapılı, boz",517.76 ₼,1 150.00 ₼,reytinq yoxdur,-55 %
Paltaryuyan maşın Shahs ZTW-AB350,,810.00 ₼,reytinq yoxdur,endirim yoxdur
Soyuducu Biryusa M6033,699.99 ₼,850.00 ₼,5  2 reytinq,-18 %
"Buz generatoru İceinox, No Frost, Boz, 25 kg",,2 050.00 ₼,reytinq yoxdur,endirim yoxdur
Dondurucu qutu Shivaki SFB137,699.99 ₼,1 349.99 ₼,reytinq yoxdur,-48 %
Soyuducu Hoffmann NF‑177SN - NF 177 SN,1 010.00 ₼,1 999.99 ₼,reytinq yoxdur,-49 %
Paltaryuyan və qurudan maşın Hitachi BD-D802HVOS,,1 020.19 ₼,reytinq yoxdur,endirim yoxdur
"Soyuducu Shivaki HD316-FN, Low Frost, İkiqapılı, Tünd boz",493.49 ₼,596.31 ₼,reytinq yoxdur,-17 %
Paltaryuyan maşın Eurolux EU-WM1244S-8BLDG,888.76 ₼,1 299.99 ₼,5  1 reytinq,-32 %
"Dondurucu qutu Biryusa 355KVS, 330 l ağ",675.90 ₼,1 599.99 ₼,reytinq yoxdur,-58 %
Soyuducu Hoffmann NF-185SD,1 238.99 ₼,2 199.99 ₼,reytinq yoxdur,-44 %
Soyuducu Shivaki HD 316FN Black,524.09 ₼,761.95 ₼,1  1 reytinq,-31 %
Paltaryuyan maşın Samsung WW70AGAS25AX,879.69 ₼,1 699.99 ₼,reytinq yoxdur,-48 %
Buz generatoru Lexical LIM-6102,,207.99 ₼,reytinq yoxdur,endirim yoxdur
Soyuducu Biryusa M980NF No Frost ikiqapılı gümüşü,825.99 ₼,1 599.99 ₼,4  1 reytinq,-48 %
Paltaryuyan maşın Samsung WW11CG604CLBLP,1 317.03 ₼,1 716.80 ₼,5  2 reytinq,-23 %
Əczaçılıq dondurucu kamera Biryusa 215K-B,969.00 ₼,1 599.00 ₼,reytinq yoxdur,-39 %
Dondurucu kamera Winning Star ST-9502 Buz generatoru Damlama sistemi Gümüşü 2.5 l,460.00 ₼,509.00 ₼,reytinq yoxdur,-10 %
Soyuducu LG LTB842PFBQ.APYQMER-LTS,2 136.99 ₼,4 290.00 ₼,reytinq yoxdur,-50 %
"Dondurucu qutu Biryusa 240KVS, ağ",,800.00 ₼,reytinq yoxdur,endirim yoxdur
Soyuducu Yoshiro YRF-B323NF60HGB,999.85 ₼,1 500.00 ₼,reytinq yoxdur,-33 %
"Paltaryuyan maşın Eurolux EU-WM1278S-10BLDG 10 kq, 1200 dövr/dəq, A+++, 14 rejim, Buxarla təmizləmə, 7 Star ProWash, Direct Drive, LED displey, Boz - WM1278S-10BLDG",969.97 ₼,1 250.00 ₼,reytinq yoxdur,-22 %
Paltaryuyan maşın Toshiba T25BZU115MWUZ,1 410.00 ₼,1 699.00 ₼,reytinq yoxdur,-17 %
Dondurucu qutu Snow Village BC/BD-158,,630.00 ₼,reytinq yoxdur,endirim yoxdur
"Soyuducu LG GC-X24FFCBB InstaView, qara",,4 164.23 ₼,reytinq yoxdur,endirim yoxdur
Paltaryuyan Maşın Darkin DK8001S Dark İnox,690.88 ₼,1 049.00 ₼,5  2 reytinq,-34 %
Soyuducu Midea MDRT645MTF46,1 154.99 ₼,1 539.90 ₼,reytinq yoxdur,-25 %
Paltaryuyan maşın Vesta WMG 70P,,260.32 ₼,reytinq yoxdur,endirim yoxdur
"Dondurucu qutu Eurolux EU-CF20-TD-HDF1-WDF (EH), De Frost, ağ, 200 L",665.68 ₼,899.00 ₼,reytinq yoxdur,-26 %
Soyuducu Smeg FAB50RBL5,,11 150.00 ₼,reytinq yoxdur,endirim yoxdur
Paltaryuyan maşın Toshiba TW-BN80C2UZWK,795.68 ₼,1 299.99 ₼,reytinq yoxdur,-39 %
Buz generatoru Fakir Sitare,239.00 ₼,349.00 ₼,3  2 reytinq,-32 %
"Soyuducu Samsung RT47CG6442B1/WT, 460 L, İkiqapılı, No Frost, Qara",1 500.00 ₼,3 000.00 ₼,reytinq yoxdur,-50 %
Paltaryuyan maşın Eurolux EU-WМ1483T-8DS5EI,699.89 ₼,1 400.00 ₼,5  1 reytinq,-50 %
Dondurucu qutu Ugur UED 280 A,,1 014.60 ₼,reytinq yoxdur,endirim yoxdur
Soyuducu Eurolux EU-RF560HNF-2TSB,1 539.99 ₼,2 999.00 ₼,reytinq yoxdur,-49 %
Paltaryuyan maşın SHARP ES-FE712DLZ-S,623.70 ₼,1 247.40 ₼,5  2 reytinq,-50 %
Dondurucu qutu Uğur UDD 400 SCEB,1 429.99 ₼,3 400.00 ₼,reytinq yoxdur,-58 %
"Dondurucu qutu Biryusa 560KX, 510 l ağ",899.88 ₼,1 999.99 ₼,reytinq yoxdur,-55 %
Soyuducu Atlant МХМ-2835-08,689.99 ₼,799.00 ₼,5  1 reytinq,-14 %
"Paltaryuyan maşın Shivaki TG70F, Ağ, 7 kq",248.09 ₼,376.87 ₼,reytinq yoxdur,-34 %
Soyuducu Sharp SJ- X655-HS3,1 698.00 ₼,3 396.00 ₼,reytinq yoxdur,-50 %
Paltaryuyan maşın UYOGA portativ 8.0L 20W - KC-001,81.32 ₼,125.00 ₼,3  2 reytinq,-35 %
Buz generatoru Super Crest SCT-3008 Gray,199.99 ₼,250.00 ₼,2  2 reytinq,-20 %
Paltaryuyan maşın Beko WM419CAI Boz,1 000.00 ₼,1 300.00 ₼,reytinq yoxdur,-23 %
Soyuducu Media MDRB593FGE02,1 217.99 ₼,1 619.90 ₼,5  3 reytinq,-25 %
Paltaryuyan maşın Quicks Q-2245,,275.00 ₼,4.5  2 reytinq,endirim yoxdur
"Dondurucu qutu Biryusa 305KVS, ağ",,950.00 ₼,reytinq yoxdur,endirim yoxdur
Buz generatoru Silver SL-12 E,180.63 ₼,280.00 ₼,reytinq yoxdur,-35 %
Soyuducu LG GR-A34FDMKJANNQGCC-LTS,7 719.00 ₼,15 438.00 ₼,reytinq yoxdur,-50 %
Paltaryuyan maşın Vestel WMI 87321 G,,720.00 ₼,reytinq yoxdur,endirim yoxdur
"Dondurucu kamera Eurolux EU-CF30-TD-HDF1-WDF LRD, Dondurucu qutu, De Frost, Ağ, 300 L",999.00 ₼,2 500.00 ₼,reytinq yoxdur,-60 %
Soyuducu Hitachi R-W760PU7 GPW,2 454.90 ₼,4 909.80 ₼,reytinq yoxdur,-50 %
Paltaryuyan maşın Ardesto WMS-7117IWBD,,511.53 ₼,4.3  10 reytinq,endirim yoxdur
Soyuducu LG GR-B589BQCM,2 099.99 ₼,2 500.00 ₼,reytinq yoxdur,-16 %
"Dondurucu şkaf Biryusa, 6048, De Frost, Ağ, 135L",,900.00 ₼,reytinq yoxdur,endirim yoxdur
Soyuducu Xiaomi MRC50ESSMPAEU Total No Frost dördqapılı gümüşü.,1 899.67 ₼,2 599.00 ₼,reytinq yoxdur,-27 %
Paltaryuyan maşın LG L9C1107PBGC.APBPMER,1 599.99 ₼,2 149.99 ₼,reytinq yoxdur,-26 %
"Dondurucu qutu Biryusa, 260KVS, Əl ilə buzun əridilməsi, Ağ, 240 l",,810.00 ₼,reytinq yoxdur,endirim yoxdur
"Buz generatoru RAF R.0311B, qara",199.98 ₼,350.00 ₼,reytinq yoxdur,-43 %
Soyuducu Toshiba GR-RT624WE-PMJ(06),1 357.76 ₼,1 500.00 ₼,5  4 reytinq,-9 %
Mini-paltaryuyan maşın Lexical LWG-7502,274.97 ₼,2 260.08 ₼,reytinq yoxdur,-88 %
"Dondurucu qutu Eurolux EU-CF20-TD-HDF1-WDF LRD, De Frost, Ağ, 200 L",750.00 ₼,1 450.00 ₼,reytinq yoxdur,-48 %
"Soyuducu Shivaki HD 316-FN, statik, ikiqapılı, qara",514.98 ₼,899.99 ₼,reytinq yoxdur,-43 %
"Paltaryuyan maşın Shivaki WM1460S, Boz, 6 kq, 1200 dövr/dəq",527.77 ₼,1 049.99 ₼,reytinq yoxdur,-50 %
Paltaryuyan maşın LG F15L9DGD,2 189.99 ₼,2 690.00 ₼,reytinq yoxdur,-19 %
"Dondurucu şkaf Biryusa 6048, damlama sistemi, ağ, 135 L",476.97 ₼,899.99 ₼,reytinq yoxdur,-47 %
Soyuducu Shivaki HD 341 FN Grey,514.99 ₼,980.00 ₼,reytinq yoxdur,-47 %
"Paltaryuyan maşın Hoffmann WM6110TT, qara, 6 kq, 1200 dövr/dəq",549.26 ₼,699.99 ₼,reytinq yoxdur,-22 %
Buz generatoru Duvel DL-216 1 l gümüşü,358.00 ₼,429.00 ₼,reytinq yoxdur,-17 %
Buz generatoru Boma BM-1880,176.98 ₼,299.00 ₼,reytinq yoxdur,-41 %
Dondurucu qutu Uğur UMD 2100,3 900.00 ₼,6 999.99 ₼,reytinq yoxdur,-44 %
Soyuducu Hoffmann NF-185SD,1 073.99 ₼,1 639.00 ₼,reytinq yoxdur,-34 %
Mini paltaryuyan maşın Siso FP-2690,82.99 ₼,189.00 ₼,reytinq yoxdur,-56 %
Dondurucu qutu Bompani BOCF350,,1 847.00 ₼,reytinq yoxdur,endirim yoxdur
Paltaryuyan maşın LG F4V5VYL0W.ABWPMER,1 277.00 ₼,1 599.00 ₼,4  8 reytinq,-20 %
Soyuducu Samsung RB31FERNDWW/WT,1 274.99 ₼,1 700.00 ₼,4.9  7 reytinq,-25 %
Paltaryuyan maşın 7Tech 7WM4S1270GSS1,481.98 ₼,799.99 ₼,reytinq yoxdur,-40 %
Dondurucu qutu BD/BC-558,,1 720.00 ₼,reytinq yoxdur,endirim yoxdur
Soyuducu Ardesto DNF-M474GL177,1 499.99 ₼,1 699.99 ₼,reytinq yoxdur,-12 %
Paltaryuyan maşın 7Tech 7WM4S1270GSS1 Black,479.31 ₼,612.00 ₼,reytinq yoxdur,-22 %
Dondurucu qutu Ugur UDD 600 SC,2 449.16 ₼,3 669.00 ₼,reytinq yoxdur,-33 %
Soyuducu Hoffmann NF-786BG,1 195.78 ₼,2 199.98 ₼,reytinq yoxdur,-46 %
Paltaryuyan maşın Shivaki AZR WM1470S AZR - AZR WM1470S AZR,574.16 ₼,748.23 ₼,reytinq yoxdur,-23 %
Soyuducu Hoffmann NF-177WN,809.00 ₼,999.00 ₼,4  4 reytinq,-19 %
"Paltaryuyan maşın Shivaki SG70P, ağ, 7 kq, 1200 dövr/dəq",170.98 ₼,599.99 ₼,reytinq yoxdur,-72 %
Paltaryuyan maşın Beko WTV 9612 XS,999.99 ₼,1 180.00 ₼,5  1 reytinq,-15 %
Buz generatoru Duvel DL-272 HLY Əl Qara 6.1 l,453.41 ₼,647.00 ₼,reytinq yoxdur,-30 %
Soyuducu Hoffmann NF-178SN,865.74 ₼,1 999.00 ₼,reytinq yoxdur,-57 %
Dondurucu qutu Biryusa 210KX,,800.00 ₼,reytinq yoxdur,endirim yoxdur
Buz generatoru Duvel DL-214 1.3 l gümüşü,,212.80 ₼,reytinq yoxdur,endirim yoxdur
Buz hazırlayan aparat Hicon HZB-16AT,554.39 ₼,850.00 ₼,reytinq yoxdur,-35 %
Buz generatoru Scotsman AF 80 AS,,6 744.00 ₼,reytinq yoxdur,endirim yoxdur
Dondurucu kamera No brand Buz generatoru Əl Gümüşü 1.2 l,449.99 ₼,599.99 ₼,reytinq yoxdur,-25 %
Dondurucu qutu Ugur UED 280 M,1 400.00 ₼,1 999.99 ₼,reytinq yoxdur,-30 %
"Mini soyuducu VP088 Black Edition, 72x40x403sm",399.99 ₼,550.00 ₼,reytinq yoxdur,-27 %
Paltaryuyan maşın Ziffler BWMF-8J4DG,769.87 ₼,1 000.00 ₼,reytinq yoxdur,-23 %
Paltaryuyan maşın Midea MF01610US40/T 6 kg 1000 dövr/dəqiqə Titan,529.99 ₼,709.99 ₼,reytinq yoxdur,-25 %
"Soyuducu Shivaki, HS-228-RN AG, Low Frost, Birqapılı, Ağ",455.29 ₼,721.55 ₼,reytinq yoxdur,-37 %
Paltaryuyan Samsung WW80AG6S28AELP,1 026.99 ₼,1 599.99 ₼,reytinq yoxdur,-36 %
Dondurucu qutu Snow Village BD/BC-798,,2 100.00 ₼,reytinq yoxdur,endirim yoxdur
Soyuducu Toshiba GR-RT835WE-PGJXK,2 098.99 ₼,3 179.99 ₼,reytinq yoxdur,-34 %
Paltaryuyan maşın Shivaki TE-60L,246.30 ₼,349.28 ₼,reytinq yoxdur,-29 %
Dondurucu qutu Biryusa155KX,,700.00 ₼,reytinq yoxdur,endirim yoxdur
Soyuducu Hitachi R-W660PUC7 GGR,2 999.00 ₼,3 499.00 ₼,5  2 reytinq,-14 %
"Paltaryuyan maşın 7Tech 7WM4S1270GSS1, Boz, 7 kq, 1200 dövr/dəq",478.99 ₼,688.49 ₼,reytinq yoxdur,-30 %
Dondurucu sandıq PLD-12N2 No Frost 400 l gümüşü.,,1 000.00 ₼,reytinq yoxdur,endirim yoxdur
Soyuducu Hoffmann NFB-185BG,934.95 ₼,1 473.61 ₼,5  4 reytinq,-37 %
Mini paltaryuyan maşın X-1 O,,49.98 ₼,1  1 reytinq,endirim yoxdur
"Buz generatoru RAF, R.0307, De Frost, Boz, 2 L",242.07 ₼,450.00 ₼,reytinq yoxdur,-46 %
Buz hazırlayan cihaz DSP KD8001 LRD 1.4 l ağ,299.00 ₼,450.00 ₼,reytinq yoxdur,-34 %
Soyuducu Samsung RF65DG90B0SRWT,,3 869.96 ₼,5  1 reytinq,endirim yoxdur
"Paltaryuyan maşın Arçelik AWX7512S, 7 kq, 1000 dövr/dəq, A, boz",899.90 ₼,1 905.60 ₼,reytinq yoxdur,-53 %
"Paltaryuyan maşın Arçelik AWX7512S, 7 kq, 1000 dövr/dəq, A, boz",899.90 ₼,1 905.60 ₼,reytinq yoxdur,-53 %
Dondurucu qutu Shivaki SFC137,654.99 ₼,1 049.99 ₼,reytinq yoxdur,-38 %
Paltaryuyan maşın Beko B3WFT.5942MG,1 050.00 ₼,2 200.00 ₼,reytinq yoxdur,-52 %
Buz generatoru Ackiliss ACL-97851,,993.56 ₼,reytinq yoxdur,endirim yoxdur
Soyuducu Samsung RB30A32N0SA/WT,1 198.53 ₼,1 699.99 ₼,reytinq yoxdur,-29 %
Paltaryuyan maşın LG F2X5FYN23.AESQME3,1 079.99 ₼,1 534.99 ₼,reytinq yoxdur,-30 %
Paltaryuyan maşın Eurolux 12AF71 7 kq,631.36 ₼,899.99 ₼,reytinq yoxdur,-30 %
Soyuducu SHARP SJ-FS87V-BK5,4 000.00 ₼,8 000.00 ₼,reytinq yoxdur,-50 %
Paltaryuyan maşın Samsung WW80R52LCFW,,1 120.00 ₼,reytinq yoxdur,endirim yoxdur
Dondurucu qutu Snow Village BD/BC-508 No Frost White 438 l,,1 450.00 ₼,reytinq yoxdur,endirim yoxdur
"Dondurucu qutu, No Frost, Ağ, 300 L",,1 000.00 ₼,reytinq yoxdur,endirim yoxdur
Dondurucu qutu Winning Star ST-BD-208L 208 l gümüşü.,799.99 ₼,999.99 ₼,reytinq yoxdur,-20 %
"Soyuducu Ferre BCD275B, Low Frost, ikiqapılı, qara",442.98 ₼,699.99 ₼,reytinq yoxdur,-37 %
Paltaryuyan maşın Haier HW60-BP12929ASE,669.00 ₼,1 024.00 ₼,reytinq yoxdur,-35 %
Soyuducu Biryusa M960NF,741.00 ₼,1 160.00 ₼,4.3  3 reytinq,-36 %
Paltaryuyan maşın Shivaki TG70F 7 kq 1200 dövr/dəq ağ,228.97 ₼,399.99 ₼,reytinq yoxdur,-43 %
"Buz generatoru Hicon VP-HZB-16AL, 2 l",366.29 ₼,600.00 ₼,reytinq yoxdur,-39 %
Paltaryuyan maşın LG F4V5VYL2P - AZR F4V5VYL2P AZR,1 199.99 ₼,1 299.99 ₼,reytinq yoxdur,-8 %
Soyuducu Samsung RB53DG703ES9WT,2 183.99 ₼,3 999.99 ₼,reytinq yoxdur,-45 %
Paltaryuyan maşın Shivaki TE60L 2 6 kq 1300 dövr/dəq mavi,237.77 ₼,549.99 ₼,reytinq yoxdur,-57 %
"Dondurucu qutu Biryusa 260KVS, ağ",,810.00 ₼,reytinq yoxdur,endirim yoxdur
"Soyuducu SHARP SJ-X655-BK3, No Frost, side-by-side, qara",2 017.05 ₼,4 034.10 ₼,reytinq yoxdur,-50 %
Paltaryuyan maşın 7TECH 7WM4S1270GSS1 7 kq 1200 dövr/dəq gümüşü.,518.99 ₼,1 099.00 ₼,reytinq yoxdur,-53 %
"Buz generatoru DSP, kd-8001, qara, 1.5 l",239.98 ₼,320.00 ₼,reytinq yoxdur,-25 %
Buz generatoru Silver SL-12 E - KK_mpn_000806,200.00 ₼,220.00 ₼,reytinq yoxdur,-9 %
"Buz generatoru Winning Star ST-9501, ağ, 1.2 L",279.00 ₼,339.00 ₼,reytinq yoxdur,-18 %
"Buz generatoru Winning Star ST-9501, damlama sistemi, ağ, 1.2 L",294.98 ₼,399.99 ₼,reytinq yoxdur,-26 %
Dondurucu kamera FH 255-1,1 308.60 ₼,1 500.00 ₼,reytinq yoxdur,-13 %
"Soyuducu Biryusa W920NF, No Frost, İkiqapılı, Tünd boz",728.98 ₼,1 399.99 ₼,reytinq yoxdur,-48 %
Paltaryuyan maşın Silver SLW8000T,,295.75 ₼,reytinq yoxdur,endirim yoxdur
Soyuducu Beko B5RCNK363ZWB,1 147.99 ₼,1 400.00 ₼,5  5 reytinq,-18 %
Soyuducu Samsung RB34C670EB1,1 478.99 ₼,1 799.90 ₼,reytinq yoxdur,-18 %
Paltaryuyan maşın Electrolux EW6S4R06BX,716.00 ₼,1 432.00 ₼,4.1  17 reytinq,-50 %
Paltaryuyan maşın mini portativ - kop_12,49.99 ₼,67.49 ₼,reytinq yoxdur,-26 %
Buz generatoru Super Crest SCT-3009,192.83 ₼,299.00 ₼,reytinq yoxdur,-36 %
Mini soyuducu Biryusa 152 bm_999,,531.98 ₼,reytinq yoxdur,endirim yoxdur
Paltaryuyan maşın Darkin DK6001S Nano,539.07 ₼,899.00 ₼,4.3  6 reytinq,-40 %
Buz generatoru Super Crest SCT-3008,199.83 ₼,331.30 ₼,reytinq yoxdur,-40 %
"Dondurucu şkaf Biryusa, B-412, De Frost, Ağ, 80L",,900.00 ₼,reytinq yoxdur,endirim yoxdur
Buz generatoru Silver 45AZ,313.01 ₼,350.00 ₼,5  1 reytinq,-11 %
Buz generatoru RAF R.R.0311B Damlama sistemi Qara 16 l Avtomatik 150 Vt,,239.36 ₼,reytinq yoxdur,endirim yoxdur
"Buz generatoru DSP KD800, Qara, 1.4 l",,224.00 ₼,reytinq yoxdur,endirim yoxdur
Soyuducu Taube TB-60185NFSS-GD,999.00 ₼,1 499.00 ₼,reytinq yoxdur,-33 %
Paltaryuyan maşın Eurolux EU-WM1246S-8BLDG,846.15 ₼,1 169.99 ₼,reytinq yoxdur,-28 %
"Dondurucu qutu Biryusa, 305KVS, Əl ilə buzun əridilməsi, Ağ, 285 l",,950.00 ₼,reytinq yoxdur,endirim yoxdur
Soyuducu Taube TB-60166DFSS,646.54 ₼,1 000.00 ₼,reytinq yoxdur,-35 %
Paltaryuyan maşın Shivaki SE 65,195.61 ₼,314.29 ₼,4.2  5 reytinq,-38 %
Soyuducu Samsung RT42CG6420B1WT,1 498.99 ₼,2 000.99 ₼,reytinq yoxdur,-25 %
Paltaryuyan maşın Gorenje W2NHPI62SCSS,,650.00 ₼,reytinq yoxdur,endirim yoxdur
Dondurucu qutu SD/SC-328Y No Frost Ağ 328 l,,1 250.00 ₼,reytinq yoxdur,endirim yoxdur
Mini soyuducu VP088 Black Edition,374.99 ₼,450.00 ₼,reytinq yoxdur,-17 %
Yarıavtomatik paltaryuyan maşın Vesta WMG65P,161.99 ₼,249.00 ₼,reytinq yoxdur,-35 %
Buz generatoru Scotsman ACM 87 AS,,3 628.00 ₼,reytinq yoxdur,endirim yoxdur
Soyuducu Regal 210 W,527.58 ₼,668.00 ₼,reytinq yoxdur,-21 %
"Paltaryuyan maşın JVC WG NLDF07W5S, ağ, 7 kq, 1200 dövr/dəq",562.00 ₼,679.00 ₼,reytinq yoxdur,-17 %
Dondurucu qutu Ugur UDD 400 SC,1 495.37 ₼,3 999.99 ₼,reytinq yoxdur,-63 %
Paltaryuyan maşın Samsung WW11CGP44CSBLP,1 549.99 ₼,1 999.99 ₼,5  2 reytinq,-23 %
Soyuducu Eurolux EU-RF640HNF-4SB,1 919.95 ₼,2 000.00 ₼,reytinq yoxdur,-4 %
Mini paltaryuyan maşın SISO 40W 6.6L,40.04 ₼,65.85 ₼,5  1 reytinq,-39 %
Buz generatoru Scotsman ACM 176 AS,,6 391.00 ₼,reytinq yoxdur,endirim yoxdur
Buz generatoru Scotsman ACM 226 AS,,8 162.00 ₼,reytinq yoxdur,endirim yoxdur
Buz generatoru Winning Star ST-9502,449.99 ₼,539.99 ₼,reytinq yoxdur,-17 %
Buz generatoru RAF R.0311B qara,199.90 ₼,300.00 ₼,reytinq yoxdur,-33 %
Buz generatoru RAF R.0310 qara,174.98 ₼,210.00 ₼,reytinq yoxdur,-17 %
Mini soyuducu Biryusa 45,267.26 ₼,418.57 ₼,reytinq yoxdur,-36 %
"Buz generatoru Snow Village KB-50, qara, 50 l",,1 270.00 ₼,reytinq yoxdur,endirim yoxdur
"Dondurucu qutu, No Frost, Ağ, 500 L",,1 930.00 ₼,reytinq yoxdur,endirim yoxdur
Soyuducu MODEX-01 MNF385SE1,,980.00 ₼,reytinq yoxdur,endirim yoxdur
"Paltaryuyan maşın Samsung WD10T654CBH/LD, 10.5 kg yuma, 7 kg qurudma, EcoBubble™, AI Control, 1400 rpm, ağ rəng - WD10T654CBH/LD",,1 482.71 ₼,reytinq yoxdur,endirim yoxdur
Soyuducu Lotus LT417BLCGS,1 286.93 ₼,1 700.00 ₼,reytinq yoxdur,-24 %
"Buz generatoru Snow Village KB-30, ağ, 30 l",,880.00 ₼,reytinq yoxdur,endirim yoxdur
"Mini soyuducu Biryusa 45, birqapılı, ağ",218.39 ₼,349.22 ₼,reytinq yoxdur,-37 %
Paltaryuyan maşın Toshiba BN90C4UZ SK,783.92 ₼,1 799.99 ₼,reytinq yoxdur,-56 %
"Dondurucu qutu Biryusa 260KX, ağ",,810.00 ₼,reytinq yoxdur,endirim yoxdur
Soyuducu Kraft NF 403D,819.00 ₼,1 376.00 ₼,reytinq yoxdur,-40 %
Paltaryuyan maşın Eurolux EU-WM10XN17S-6BLDG,598.82 ₼,899.99 ₼,reytinq yoxdur,-33 %
"Vitrin soyuducusu BOO$, 130 x45 x45 sm, qara",712.98 ₼,985.00 ₼,1  1 reytinq,-28 %
Paltaryuyan maşın Silvers Criest SC-7906A,69.90 ₼,103.35 ₼,reytinq yoxdur,-32 %
"Dondurucu qutu Biryusa 680KXQ, Əl ilə buzun əridilməsi, Ağ, 600 l",,1 400.00 ₼,reytinq yoxdur,endirim yoxdur
"Buz generatoru Winning Star, ağ, 1.2 L",,299.99 ₼,reytinq yoxdur,endirim yoxdur
Dondurucu qutu Winning Star ST-DB-208L,,990.50 ₼,reytinq yoxdur,endirim yoxdur
Soyuducu Shivaki HD 345 RN,,749.94 ₼,reytinq yoxdur,endirim yoxdur
Paltaryuyan maşın Finlux SWM0910F4DS,849.99 ₼,1 299.00 ₼,4.6  9 reytinq,-35 %
Paltaryuyan maşın Beko WTV 8612 XSW,830.00 ₼,1 200.00 ₼,5  2 reytinq,-31 %
Soyuducu masa Smart Table Sound and Cool Black,2 877.00 ₼,3 255.00 ₼,reytinq yoxdur,-12 %
Paltaryuyan maşın Shivaki TE60LS 2 6 kq 1350 dövr/dəq boz,227.47 ₼,343.29 ₼,reytinq yoxdur,-34 %
Dondurucu şkaf Biryusa M412 əl ilə buz açma 80 l gümüşü,454.97 ₼,699.99 ₼,reytinq yoxdur,-35 %
"Buz generatoru RAF R.0311B (ARLS), qara",,219.99 ₼,reytinq yoxdur,endirim yoxdur
Soyuducu Smeg FAB38RRD,,9 097.00 ₼,reytinq yoxdur,endirim yoxdur
Paltaryuyan maşın Ardesto WMS-7117IDGBD,589.99 ₼,649.99 ₼,reytinq yoxdur,-9 %
Buz generatoru MinMax MI-230733_RB,173.00 ₼,259.00 ₼,reytinq yoxdur,-33 %
"Soyuducu Shivaki HD430-RWENE/DISP, No Frost, İkiqapılı, Qara",888.88 ₼,1 549.00 ₼,reytinq yoxdur,-43 %
Paltaryuyan Vestel W812T2B 8 kq bm_999,,765.52 ₼,reytinq yoxdur,endirim yoxdur
Dondurucu qutu Bompani BICO142/E,,1 660.00 ₼,reytinq yoxdur,endirim yoxdur
Dondurucu qutu Bompani BOCF150,,1 401.00 ₼,reytinq yoxdur,endirim yoxdur
Dondurucu qutu Biryusa M155KX,,700.00 ₼,reytinq yoxdur,endirim yoxdur
Dondurucu qutu Biryusa M155KX,,700.00 ₼,reytinq yoxdur,endirim yoxdur
Soyuducu 7Tech 7REF4G310DIS3_MYCM_14_71_59 No Frost ikiqapılı boz,749.03 ₼,835.99 ₼,reytinq yoxdur,-10 %
"Portativ paltaryuyan maşın BJ-669, mavi",29.90 ₼,48.80 ₼,reytinq yoxdur,-39 %
Paltaryuyan maşın Beko B5DFT510447M,1 199.00 ₼,1 799.00 ₼,reytinq yoxdur,-33 %
Soyuducu Biryusa W6133 MAI,657.08 ₼,950.00 ₼,5  2 reytinq,-31 %
"Dondurucu qutu Winning Star ST-BD-208L, gümüşü",799.99 ₼,999.99 ₼,reytinq yoxdur,-20 %
Mini-paltaryuyan maşın Pompakt 11L,54.96 ₼,80.00 ₼,5  1 reytinq,-31 %
Dondurucu qutu Winning Star ST-1112302_RB,755.00 ₼,1 005.00 ₼,reytinq yoxdur,-25 %
Soyuducu Hoffmann NF-184SDN,1 128.99 ₼,1 999.99 ₼,5  2 reytinq,-44 %
Soyuducu Bosch KDN55XIE0N Üst dondurucu Inox,1 549.00 ₼,1 999.00 ₼,reytinq yoxdur,-23 %
Paltaryuyan maşın Bergamo BG-WM1424T + ütü Bergamo Sİ1173 Hədiyyə,864.99 ₼,1 499.99 ₼,reytinq yoxdur,-42 %
Dondurucu qutu Biryusa 355KVS əl ilə buz açma 330 l ağ,669.97 ₼,1 199.99 ₼,reytinq yoxdur,-44 %
Soyuducu Vestel RM670TF3M-I1,,1 300.00 ₼,reytinq yoxdur,endirim yoxdur
Paltaryuyan maşın 7Tech 7WM4S1280GSS1,599.00 ₼,1 250.00 ₼,reytinq yoxdur,-52 %
Buz generatoru Avinas AV-6008 + Hədiyyə Süd köpükləndirici RAF R.342 (RAX010-0180),,420.96 ₼,reytinq yoxdur,endirim yoxdur
Buz generatoru Winning Star ST-9502 Damlama sistemi Gümüşü 2.5 l,458.00 ₼,599.00 ₼,reytinq yoxdur,-24 %
Buz generatoru Scotsman ACM 177 AS,,6 391.00 ₼,reytinq yoxdur,endirim yoxdur
Buz generatoru Winning Star ST-9502,,549.99 ₼,reytinq yoxdur,endirim yoxdur
Buz hazırlama cihazı Winning Star ST-9502 2.5 l gümüşü.,409.50 ₼,485.00 ₼,reytinq yoxdur,-16 %
Buz generatoru Hicon HZB-16C,465.29 ₼,750.00 ₼,reytinq yoxdur,-38 %
Buz generatoru CASO Design Ecostyle 3304CASO,,471.00 ₼,5  1 reytinq,endirim yoxdur
Buz hazırlayan Alveon ALV-18 1.8 L ağ - SH_2521_0538,499.99 ₼,600.00 ₼,reytinq yoxdur,-17 %
Buz generatoru Winning Star WS-030558_RB,315.00 ₼,472.00 ₼,reytinq yoxdur,-33 %
"Mini soyuducu Shivaki, 137 AG, Defrost, Birqapılı, Ağ",369.31 ₼,489.65 ₼,reytinq yoxdur,-25 %
Paltaryuyan maşın Sharp ES-FSI1012DLZ-S,970.19 ₼,1 940.38 ₼,reytinq yoxdur,-50 %
Soyuducu Vestel RM680BF3EI-LM F,,1 399.00 ₼,reytinq yoxdur,endirim yoxdur
Mini paltaryuyan maşın ÇH,38.15 ₼,85.00 ₼,reytinq yoxdur,-55 %
"Buz generatoru Duvel DL-215, 20 l",349.00 ₼,499.00 ₼,1  1 reytinq,-30 %
Dondurucu qutu Vesta VFC 300 White,589.97 ₼,699.00 ₼,reytinq yoxdur,-16 %
"Buz generatoru MinMax MI-Z9W, 1.2 l",,205.22 ₼,reytinq yoxdur,endirim yoxdur
Soyuducu Hoffmann NFB-186BG,829.74 ₼,1 124.99 ₼,2  1 reytinq,-26 %
Paltaryuyan maşın Sharp ES-FSI712DLZ-S,675.00 ₼,1 350.00 ₼,reytinq yoxdur,-50 %
Soyuducu Midea MDRU385FZE46 No Frost birqapılı gümüşü,995.79 ₼,1 991.58 ₼,reytinq yoxdur,-50 %
Paltaryuyan maşın Quicks Q-1865,,184.00 ₼,4.7  3 reytinq,endirim yoxdur
Dondurucu qutu Biryusa 155-KVS əl ilə buz açma 145 l ağ,449.97 ₼,899.99 ₼,reytinq yoxdur,-50 %
"Dondurucu kamera, Dondurucu qutu, No Frost, Ağ, 258 L",,1 200.00 ₼,reytinq yoxdur,endirim yoxdur
Dondurucu qutu Biryusa 210KVS əl ilə buz açma 200 l ağ,509.97 ₼,999.99 ₼,reytinq yoxdur,-49 %
Dondurucu qutu Snow Village BC/BD-1780,,4 000.00 ₼,reytinq yoxdur,endirim yoxdur
Soyuducu Eurolux EU-RF22HNF-2STM,680.00 ₼,750.00 ₼,5  5 reytinq,-9 %
Paltaryuyan maşın Neos KG60-1021N-WH,,751.00 ₼,5  1 reytinq,endirim yoxdur
"Buz generatoru Winning Star ST-9501, 1.2 L, ağ",289.99 ₼,399.99 ₼,reytinq yoxdur,-28 %
Soyuducu Atlant ХМ 4012-080,694.00 ₼,886.00 ₼,5  2 reytinq,-22 %
"Soyuducu Shivaki HD345-RND, Low Frost, İkiqapılı, Qara",602.97 ₼,899.00 ₼,reytinq yoxdur,-33 %
Paltaryuyan maşın Vegas 7 kq 1200 dövr/dəq boz,528.44 ₼,611.49 ₼,reytinq yoxdur,-14 %
Dondurucu kamera 7Tech 7FR4G418WS3 INVERTER 418 l ağ,829.97 ₼,1 399.99 ₼,reytinq yoxdur,-41 %
Dondurucu kamera 7Tech 7FR4G250WS3 INVERTER 250 l ağ,520.97 ₼,799.99 ₼,reytinq yoxdur,-35 %
"Mini soyuducu Boos BCD-176W, ikiiqapılı, boz",1 099.85 ₼,1 500.00 ₼,reytinq yoxdur,-27 %
"Paltaryuyan maşın Shivaki WM1470S, Boz, 7 kq",613.67 ₼,1 250.00 ₼,reytinq yoxdur,-51 %
"Paltaryuyan maşın Shivaki TG70F, ağ, 7 kq, 1200 dövr/dəq",240.98 ₼,599.99 ₼,reytinq yoxdur,-60 %
Paltaryuyan maşını LG F20L2CRV2E2,2 429.67 ₼,3 199.99 ₼,reytinq yoxdur,-24 %
Soyuducu Hitachi R-W660PUC7 GPW,2 454.90 ₼,4 909.80 ₼,reytinq yoxdur,-50 %
Paltaryuyan maşın Javel JVM3 1065 DGB,,565.00 ₼,reytinq yoxdur,endirim yoxdur
Paltaryuyan Masin BEKO WSRE6512PRW YS/YS 6KQ AG,798.97 ₼,1 038.69 ₼,reytinq yoxdur,-23 %
Soyuducu Shivaki HD341,515.01 ₼,643.22 ₼,reytinq yoxdur,-20 %
Paltaryuyan maşın Eurolux EU-WM1479S-8BLDG 8 kq 1400 dövr BLDC Inverter,799.99 ₼,944.99 ₼,reytinq yoxdur,-15 %
Soyuducu Atlant XM-4612-101 White,704.00 ₼,898.00 ₼,reytinq yoxdur,-22 %
Paltaryuyan maşın Shivaki SG70P,198.71 ₼,345.46 ₼,reytinq yoxdur,-42 %
Paltaryuyan maşın Neos KG70-1220N-GR,633.99 ₼,850.00 ₼,5  5 reytinq,-25 %
Soyuducu LG GR-B459FMFW.APYQMER,1 485.20 ₼,2 099.99 ₼,reytinq yoxdur,-29 %
Soyuducu Hitachi RV760PUK7K4BSL No Frost ikiqapılı gümüşü,,1 622.32 ₼,reytinq yoxdur,endirim yoxdur
Paltaryuyan maşın Eurolux 12XN71 7 kq,631.36 ₼,899.99 ₼,reytinq yoxdur,-30 %
Soyuducu Emersun BFN22D-348 EL/TP Black,969.00 ₼,1 508.00 ₼,5  1 reytinq,-36 %
Paltaryuyan maşın Berlin 10 kq,860.00 ₼,1 250.00 ₼,reytinq yoxdur,-31 %
Soyuducu Indesit ITS 5200 XB,858.00 ₼,1 313.00 ₼,4.6  7 reytinq,-35 %
Paltaryuyan maşın LG PAL F2T9GW9P,1 037.76 ₼,1 474.99 ₼,reytinq yoxdur,-30 %
Soyuducu Hoffmann DFT167S İkiqapılı DeFrost Gümüşü,590.00 ₼,899.99 ₼,reytinq yoxdur,-34 %
Paltaryuyan maşın Neos KG80-1221N-GR,,605.00 ₼,5  4 reytinq,endirim yoxdur
"Soyuducu Ferro, Fnf440i, No Frost, İkiqapılı, Gümüşü",730.99 ₼,999.99 ₼,reytinq yoxdur,-27 %
Paltaryuyan maşın Eurolux EU-WM1017S-6BLDG 6 kq 1000 dövr/dəq,530.17 ₼,809.90 ₼,5  1 reytinq,-35 %
Soyuducu EUROLUX EU-RF60-SS-HNF2-BG - EU-RF60-SS-HNF2-BG,1 781.57 ₼,2 000.00 ₼,reytinq yoxdur,-11 %
"Paltaryuyan maşın Samsung WW70T3020BS/LP, gümüşü, 7 kq, 1200 dövr/dəq",780.97 ₼,1 299.99 ₼,reytinq yoxdur,-40 %
Soyuducu Shivaki HD430-RWENE/DISP__MYCM_14_71_59 No Frost ikiqapılı qara,,879.99 ₼,reytinq yoxdur,endirim yoxdur
"Soyuducu Shivaki HD455-RWENE INV 195.259.566252/98LT D/ALT, No Frost, İkiqapılı, Boz",949.95 ₼,1 850.00 ₼,reytinq yoxdur,-49 %
Paltaryuyan maşın Vegas 7 kq 1200 dövr/dəq boz.,490.18 ₼,683.27 ₼,reytinq yoxdur,-28 %
Paltaryuyan Toshiba VP-TW-BN80C2UZWK,795.50 ₼,1 299.99 ₼,reytinq yoxdur,-39 %
"Soyuducu Shivaki H345-RND, statik, ikiqapılı, qara",602.98 ₼,999.99 ₼,reytinq yoxdur,-40 %
Paltaryuyan maşın Hisense WF3S7021BB,719.00 ₼,999.00 ₼,reytinq yoxdur,-28 %
Soyoducu Hoffmann DEFB 180S,677.43 ₼,999.99 ₼,reytinq yoxdur,-32 %
Soyuducu Indesit ITS 4180 NG,827.98 ₼,1 199.99 ₼,5  5 reytinq,-31 %
Paltaryuyan maşın Denx DX2041,105.00 ₼,147.00 ₼,4  4 reytinq,-29 %
"Mini soyuducu Termoelektrik, Birqapılı Ağ.",119.99 ₼,189.99 ₼,reytinq yoxdur,-37 %
Paltaryuyan maşın Eurolux EU-WM10AF17S-6BLDG,598.82 ₼,899.99 ₼,reytinq yoxdur,-33 %
Paltaryuyan maşın LG W1S1CVK2EHM,5 145.00 ₼,10 290.00 ₼,reytinq yoxdur,-50 %
"Mini soyuducu Biryusa 45, ağ",,310.00 ₼,reytinq yoxdur,endirim yoxdur
Paltaryuyan maşın Geepas GWMF1041SRG Silver,659.00 ₼,899.00 ₼,reytinq yoxdur,-27 %
Soyuducu Biryusa 410,499.90 ₼,700.00 ₼,5  1 reytinq,-29 %
Paltaryuyan maşın Vestel MU_1375 8 kq 1000 dövr/dəq qara,890.00 ₼,1 333.00 ₼,reytinq yoxdur,-33 %
Soyuducu No Brand 83x45x45 sm 83 l Gray,384.99 ₼,620.00 ₼,reytinq yoxdur,-38 %
"Paltaryuyan maşın Slivers Criest SC-7906A, mavi, 8 l, 36 Vt",64.52 ₼,83.88 ₼,reytinq yoxdur,-23 %
Soyuducu Eurolux EU-RF620HNF-4SB,,1 952.66 ₼,5  1 reytinq,endirim yoxdur
Paltaryuyan Maşın Wolf 953032_RB,187.97 ₼,255.00 ₼,reytinq yoxdur,-26 %
Paltaryuyan maşın Eurolux EU-WM1477S-8BLDG,1 153.79 ₼,1 500.00 ₼,reytinq yoxdur,-23 %
Soyuducu Biryusa C960NF,781.00 ₼,1 220.00 ₼,5  1 reytinq,-36 %
Paltaryuyan maşın Beko WSPE7H616S,789.00 ₼,999.00 ₼,reytinq yoxdur,-21 %
Soyuducu Samsung RB50DG602EB1WT,1 809.78 ₼,3 619.56 ₼,5  1 reytinq,-50 %
"Paltaryuyan maşın LG F2V7FR2P 9 kq yuma və 5 kq qurudma tutumu, AI DD™ texnologiyası, TurboWash™, Steam™, ThinQ™, sinif A enerjiyə qənaətcil, gümüşü rəng, ön yükləmə - LG F2V7FR2P",,1 324.98 ₼,reytinq yoxdur,endirim yoxdur
Soyuducu Ficher BC-71,328.35 ₼,480.00 ₼,reytinq yoxdur,-32 %
Paltaryuyan maşın LG F20L2CRV2E2.ABLPMEA,2 703.36 ₼,2 999.99 ₼,reytinq yoxdur,-10 %
Soyuducu Haier C4F744CMGU1,1 536.00 ₼,2 351.00 ₼,5  1 reytinq,-35 %
Portativ mini paltaryuyan maşın 6W White,6.55 ₼,15.99 ₼,1  1 reytinq,-59 %
Soyuducu Kumtel HTMF-210 White,439.98 ₼,539.00 ₼,reytinq yoxdur,-18 %
Paltaryuyan maşın Бирюса WM-SL1214/15 M,879.99 ₼,1 750.00 ₼,reytinq yoxdur,-50 %
Soyuducu Beko RDNE350K40WN,1 079.99 ₼,1 599.00 ₼,reytinq yoxdur,-32 %
Paltaryuyan maşın Eurolux EU-WM1274S-10BLDG7 10 kq BLDC 1200 dövr/dəq boz,952.65 ₼,1 379.90 ₼,reytinq yoxdur,-31 %
Paltaryuyan maşın LG W1S1CVKK2HM.ABGPCOM,6 058.62 ₼,8 059.88 ₼,reytinq yoxdur,-25 %
Soyuducu Emersun TMFH17T360 Steel,639.00 ₼,999.00 ₼,reytinq yoxdur,-36 %
"Soyuducu Shivaki HD341-FN, Defrost, İkiqapılı, Qara",558.90 ₼,1 100.00 ₼,reytinq yoxdur,-49 %
Soyuducu Beko B3RCNK362HW/VPTCH,1 099.99 ₼,1 699.99 ₼,reytinq yoxdur,-35 %
"Portativ paltar yuyan maşın Slivers Criest SC-7906, Ağ, 2.8 kq",59.47 ₼,89.99 ₼,reytinq yoxdur,-34 %
Paltaryuyan maşın Quicks Q-10020 Grey,1 099.00 ₼,1 499.00 ₼,reytinq yoxdur,-27 %
Soyuducu Biryusa 553 AG 230 l 145×58×62 sm,496.51 ₼,999.99 ₼,reytinq yoxdur,-50 %
"Paltaryuyan maşın DSP, Ağ, 1 kq, 150 dövr/dəq",41.90 ₼,65.00 ₼,reytinq yoxdur,-36 %
Soyuducu Eurolux EU-RF20HNF-2STM 200 L Ağ,630.00 ₼,720.00 ₼,reytinq yoxdur,-13 %
Paltaryuyan maşın Samsung WD90DG5G34BELP,1 377.00 ₼,2 109.00 ₼,reytinq yoxdur,-35 %
Soyuducu Hoffmann NBT.185SN,779.00 ₼,1 558.00 ₼,reytinq yoxdur,-50 %
Paltaryuyan maşın Бирюса WM-SL1214/15 B,898.99 ₼,1 750.00 ₼,reytinq yoxdur,-49 %
"Mini soyuducu Biryusa 50, Damcı sistemi, Birqapılı, Ağ",208.98 ₼,399.99 ₼,reytinq yoxdur,-48 %
Paltaryuyan maşın TCL C2110WDG,,815.79 ₼,reytinq yoxdur,endirim yoxdur
Paltaryuyan maşın Eurolux EU-WM1274S-10BLDG7,1 049.00 ₼,1 599.00 ₼,reytinq yoxdur,-34 %
"Soyuducu Shivaki HD 341-FN, statik, ikiqapılı, qara",533.98 ₼,899.99 ₼,reytinq yoxdur,-41 %
Soyuducu Shivaki HD455-RWENE Black,909.00 ₼,1 225.88 ₼,4.5  2 reytinq,-26 %
"Paltaryuyan maşın JVC WG-NLDE10H5S, boz, 10 kq, 1600 dövr/dəq",816.00 ₼,999.00 ₼,reytinq yoxdur,-18 %
Soyuducu Toshiba GR-RT559WE-PMJ (37),1 160.00 ₼,1 787.00 ₼,reytinq yoxdur,-35 %
"Paltaryuyan maşın Shivaki WM1460S, Gümüşü, 6 kq, 1000 dövr/dəq",499.97 ₼,799.99 ₼,reytinq yoxdur,-38 %
Paltaryuyan maşın Samsung - WD11DG6B85BB qara,1 535.27 ₼,1 920.00 ₼,reytinq yoxdur,-20 %
Soyuducu Beko B5RCNE565HXPE,1 899.98 ₼,2 000.99 ₼,reytinq yoxdur,-5 %
Soyuducu Samsung RB56TS754SA/WT,1 950.87 ₼,2 713.00 ₼,reytinq yoxdur,-28 %
Paltaryuyan maşın Ardesto WMW-6103DGBDI 6 kg 1200 döv./dəq. Boz,569.99 ₼,649.99 ₼,reytinq yoxdur,-12 %
Soyuducu Sharp SJ-FSD910N-WH5,4 999.00 ₼,7 329.00 ₼,reytinq yoxdur,-32 %
Paltaryuyan maşın Shivaki TE60LS,215.36 ₼,322.19 ₼,reytinq yoxdur,-33 %
Soyuducu Vestel RM450BF3M-XL,959.99 ₼,1 299.99 ₼,reytinq yoxdur,-26 %
Paltaryuyan maşın 5 kq 150 dövr/dəq bənövşəyi.,94.99 ₼,150.00 ₼,reytinq yoxdur,-37 %
Paltaryuyan maşın Bosch WGK244Z0ME White,1 699.97 ₼,2 000.99 ₼,reytinq yoxdur,-15 %
Soyuducu 7Tech FS 7REF4G310DIS3 No Frost birqapılı gümüşü.,,1 200.00 ₼,reytinq yoxdur,endirim yoxdur
Paltaryuyan maşın LG F4V5EYLYP 9 kq 1400 dövr/dəq Gümüş,1 299.99 ₼,1 629.99 ₼,reytinq yoxdur,-20 %
Soyuducu Toshiba GR-RT624WE-PMJ(37),1 207.42 ₼,1 600.00 ₼,1  1 reytinq,-25 %
Paltaryuyan maşın Ziffler BWMD-8J2GD,749.88 ₼,1 000.00 ₼,reytinq yoxdur,-25 %
Paltaryuyan maşın Ziffler BWMJ-8J4BL,569.00 ₼,889.00 ₼,reytinq yoxdur,-36 %
Buz generatoru Winning Star ST-9501,,299.99 ₼,reytinq yoxdur,endirim yoxdur
Soyuducu Eurolux EU.RF600HNF-2TSB,1 562.13 ₼,1 999.00 ₼,reytinq yoxdur,-22 %
Paltaryuyan maşın Hoffman WM6110WT 6 kq,633.54 ₼,1 000.00 ₼,5  1 reytinq,-37 %
Paltaryuyan maşın Darkin 6001s 6kg,699.00 ₼,799.00 ₼,reytinq yoxdur,-13 %
Soyuducu Shivaki HD430-RWENE No Frost ikiqapılı ağ 187×59.5×66,827.99 ₼,1 670.00 ₼,reytinq yoxdur,-50 %
Paltaryuyan maşın Ziffler BWM8-A2DG,569.00 ₼,889.00 ₼,reytinq yoxdur,-36 %
Soyuducu LG GC-B509SLCL - GC-B509SLCL,,1 356.53 ₼,reytinq yoxdur,endirim yoxdur
Paltaryuyan Maşın Ziffler BWMK-7T2DG,699.88 ₼,1 100.00 ₼,reytinq yoxdur,-36 %
Soyuducu Beko B3RCNK402HW,1 259.99 ₼,1 879.00 ₼,reytinq yoxdur,-33 %
Paltaryuyan maşın Vestel W812T2B 8 kq 1200 dövr/dəqiqə Qara,835.99 ₼,1 450.00 ₼,reytinq yoxdur,-42 %
Paltaryuyan maşın Shivaki TG70F,240.96 ₼,449.00 ₼,reytinq yoxdur,-46 %
"Soyuducu Shivaki HD316-FN AG, Low Frost, İkiqapılı, Ağ",495.97 ₼,599.99 ₼,reytinq yoxdur,-17 %
Paltaryuyan maşın Finlux SWM0608T1DSC 6 kg 1000 dövr/dəq Gümüşü,699.88 ₼,1 464.30 ₼,reytinq yoxdur,-52 %
Soyuducu Atlant 4624-151,761.00 ₼,1 032.00 ₼,5  1 reytinq,-26 %
Paltaryuyan maşın Vegas 8 kq 1200 dövr/dəq boz.,566.78 ₼,639.28 ₼,reytinq yoxdur,-11 %
Soyuducu LG GN-B492PXGB qara,1 599.99 ₼,2 999.99 ₼,reytinq yoxdur,-47 %
Paltaryuyan maşın HomeStore XSK99,45.00 ₼,70.00 ₼,reytinq yoxdur,-36 %
Paltaryuyan maşın Бирюса WM-SL814/15 B,774.99 ₼,1 340.00 ₼,reytinq yoxdur,-42 %
Soyuducu Hitachi R-V660PUC7-1000 BSL,2 394.99 ₼,3 000.00 ₼,reytinq yoxdur,-20 %
Paltaryuyan Gorenje W5NGPI72SBSS/C,,690.00 ₼,reytinq yoxdur,endirim yoxdur
Mini paltaryuyan TPP-21911_19290,,47.11 ₼,1  2 reytinq,endirim yoxdur
Soyuducu Vestfrost VVW18LFM00S,749.99 ₼,884.99 ₼,reytinq yoxdur,-15 %
Paltaryuyan maşın Samsung WW11CGC04CAELP,1 198.00 ₼,1 833.00 ₼,reytinq yoxdur,-35 %
Soyuducu Biryusa B-551,479.90 ₼,619.90 ₼,5  1 reytinq,-23 %
Soyuducu Ficher BC51,259.60 ₼,450.00 ₼,reytinq yoxdur,-42 %
"Soyuducu Shivaki HD316-FN, Low Frost, İkiqapılı, Qara",514.99 ₼,779.02 ₼,reytinq yoxdur,-34 %
Paltaryuyan maşın Vestfrost F40610S,500.00 ₼,650.00 ₼,reytinq yoxdur,-23 %
Washing Machine Wolf 953033_RB Semi-automatic 10 kg Top Load White,182.97 ₼,252.00 ₼,5  2 reytinq,-27 %
Soyuducu Hitachi R-V765PU7 PWH,1 890.00 ₼,3 780.00 ₼,reytinq yoxdur,-50 %
Paltaryuyan maşın Hisense WFVB7012 MT,664.98 ₼,1 200.00 ₼,reytinq yoxdur,-45 %
Soyuducu Shivaki HS 228 RN White,499.19 ₼,756.39 ₼,reytinq yoxdur,-34 %
Paltaryuyan maşın Electrolux EW6S3R07SI,811.24 ₼,1 622.48 ₼,reytinq yoxdur,-50 %
Paltaryuyan maşın Darkin DK8001S,,690.00 ₼,reytinq yoxdur,endirim yoxdur
Soyuducu Shivaki HD-276-FN AG Defrost ikiqapılı ağ.,481.63 ₼,579.35 ₼,reytinq yoxdur,-17 %
"Paltaryuyan maşın Yoshiro YWM-GR1014SI60G, Boz, 10 kq, 1400 dövr/dəq",,920.00 ₼,reytinq yoxdur,endirim yoxdur
Soyuducu Samsung RT53DG7A10S9WT No Frost,1 673.99 ₼,2 822.90 ₼,reytinq yoxdur,-41 %
Paltaryuyan maşın HVB43,54.96 ₼,87.00 ₼,reytinq yoxdur,-37 %
Paltaryuyan maşın Samsung WD11DG6B85BB,1 598.98 ₼,1 899.90 ₼,5  1 reytinq,-16 %
Soyuducu Biryusa C940NF,800.00 ₼,1 250.00 ₼,reytinq yoxdur,-36 %
Paltaryuyan maşını Ake-5212,44.78 ₼,89.00 ₼,5  3 reytinq,-50 %
Soyuducu Hisense RD60WR,1 117.81 ₼,1 499.99 ₼,reytinq yoxdur,-25 %
Paltaryuyan maşın Eurolux EUWM1477S8BLDG,1 041.42 ₼,1 759.00 ₼,reytinq yoxdur,-41 %
Soyuducu Eurolux EU-RF420HNF-2SS,1 076.92 ₼,1 799.00 ₼,reytinq yoxdur,-40 %
"Paltaryuyan maşın Lexical 7502-4 300 Vt. 3 funksiya: yuma, fırlatma və qurutma.",220.00 ₼,300.00 ₼,reytinq yoxdur,-27 %
Paltaryuyan maşın Samsung WW11CG604CLB,1 320.99 ₼,1 849.90 ₼,reytinq yoxdur,-29 %
Soyuducu Hitachi RV710PUK7KBSL-TH No Frost ikiqapılı gümüşü,,1 528.72 ₼,reytinq yoxdur,endirim yoxdur
Mini paltaryuyan maşın FP-8806-Ç,68.08 ₼,90.17 ₼,reytinq yoxdur,-24 %
Soyuducu Samsung RS70F65Q1TWT,2 328.00 ₼,3 569.00 ₼,reytinq yoxdur,-35 %
Paltaryuyan maşın Ziffler BWME-8J4BB Black,569.00 ₼,889.00 ₼,reytinq yoxdur,-36 %
Soyuducu Hitachi R-W760PU7 GPW,2 454.48 ₼,4 908.96 ₼,reytinq yoxdur,-50 %
Paltaryuyan maşın Vestfrost VFSC610T20W,,560.00 ₼,reytinq yoxdur,endirim yoxdur
"Soyuducu Shivaki HD345-RND, Defrost, İkiqapılı, Ağ",597.78 ₼,1 090.57 ₼,reytinq yoxdur,-45 %
Soyuducu Shivaki HD 316FN Inox,560.01 ₼,700.00 ₼,reytinq yoxdur,-20 %
Paltaryuyan maşın Samsung WW70A6S23AE/LP,1 059.00 ₼,1 359.00 ₼,reytinq yoxdur,-22 %
"Soyuducu Shivaki HD 430-RWENE/DISP, No Frost, ikiqapılı, ağ",796.98 ₼,1 399.99 ₼,reytinq yoxdur,-43 %
Paltaryuyan maşın Eurolux EU-WM1273S-8BLDG 8 kq Gümüş,650.58 ₼,853.26 ₼,reytinq yoxdur,-24 %
Soyuducu Biryusa 120,599.99 ₼,750.00 ₼,reytinq yoxdur,-20 %
Paltaryuyan maşın Hoffmann VSL-7200S,662.69 ₼,950.00 ₼,reytinq yoxdur,-30 %
Soyuducu Samsung RS70F65Q1FWT,2 359.00 ₼,3 609.00 ₼,reytinq yoxdur,-35 %
"Portativ mini paltaryuyan maşın X-1 O, Yaşıl",,37.55 ₼,2.9  11 reytinq,endirim yoxdur
Soyuducu LG GN-B492PXGB,1 658.97 ₼,1 714.23 ₼,reytinq yoxdur,-3 %
Paltaryuyan maşın KONKA KG6021GR,479.96 ₼,849.99 ₼,reytinq yoxdur,-44 %
Soyuducu Atlant ХМ-4621-101,703.00 ₼,934.00 ₼,reytinq yoxdur,-25 %
Paltaryuyan maşın LG F08ZDYPK4,2 399.66 ₼,5 000.00 ₼,reytinq yoxdur,-52 %
Soyuducu Shivaki HD-276-FN Silver,487.77 ₼,754.66 ₼,reytinq yoxdur,-35 %
Paltaryuyan maşın Bergamo BG-WМ1425T-10DS3CI,812.95 ₼,1 200.00 ₼,5  1 reytinq,-32 %
Soyuducu Samsung RB34T670FBN/WT.,1 479.00 ₼,1 879.00 ₼,reytinq yoxdur,-21 %
Paltaryuyan maşın KONKA KG6021W,457.96 ₼,799.99 ₼,reytinq yoxdur,-43 %
Paltaryuyan maşın Samsung WW90T4041.CE,1 125.00 ₼,1 399.99 ₼,reytinq yoxdur,-20 %
"Soyuducu Shivaki HD341-FN Metal, Low Frost, İkiqapılı, Gümüşü",545.01 ₼,856.34 ₼,reytinq yoxdur,-36 %
Portativ paltaryuyan maşın Double-bucket washing machine,46.50 ₼,65.80 ₼,reytinq yoxdur,-29 %
"Soyuducu Shivaki HD455-RWENE INV QRAFIT, ikiqapılı, tünd boz",897.98 ₼,1 599.99 ₼,reytinq yoxdur,-44 %
Soyuducu Samsung RT53DG7A10S9,1 676.00 ₼,3 352.00 ₼,reytinq yoxdur,-50 %
Soyuducu Shivaki HS 137 RN White,357.00 ₼,558.27 ₼,reytinq yoxdur,-36 %
Paltaryuyan maşın Lotus LT80JP12 Black,670.00 ₼,980.00 ₼,reytinq yoxdur,-32 %
Soyuducu Ziffler RF-BF-400BG - Ziffler RF-BF-400BG,893.00 ₼,1 389.00 ₼,reytinq yoxdur,-36 %
Paltaryuyan maşın Vestfrost T00710S,505.00 ₼,620.00 ₼,reytinq yoxdur,-19 %
Mini paltaryuyan maşın IL-4533,39.99 ₼,73.99 ₼,reytinq yoxdur,-46 %
Soyuducu Hoffmann NBT186BG İkiqapılı No Frost Gümüşü,829.73 ₼,1 124.99 ₼,reytinq yoxdur,-26 %
Paltaryuyan maşın Bompani BO1410XG/B,,3 611.00 ₼,reytinq yoxdur,endirim yoxdur
Soyuducu Eurolux EU-RF400HNF-2BG,1 088.76 ₼,1 599.00 ₼,reytinq yoxdur,-32 %
Soyuducu Hitachi R-VG660PUC7-1000 GBK,,2 543.00 ₼,reytinq yoxdur,endirim yoxdur
Paltaryuyan maşın NEOHOT XQG70- U412VE,579.09 ₼,1 448.70 ₼,reytinq yoxdur,-60 %
Soyuducu Samsung RS80F65M1BWT,3 114.00 ₼,4 769.00 ₼,reytinq yoxdur,-35 %
Paltaryuyan maşın Euro Wolf EF-0901,73.99 ₼,82.09 ₼,5  2 reytinq,-10 %
"Paltaryuyan maşın, 2.5 kq, 800 dövr/dəq, bənövşəyi",88.90 ₼,130.00 ₼,reytinq yoxdur,-32 %
Soyuducu Ziffler RF-TF-680I 680 L No Frost İnverter kompressor - Ziffler RF-TF-680I,1 235.00 ₼,1 919.00 ₼,reytinq yoxdur,-36 %
Paltaryuyan maşın Bosch WGA25400ME,1 579.99 ₼,1 799.00 ₼,5  2 reytinq,-12 %
Soyuducu Eurolux EU-RF105DF-1S,449.89 ₼,499.00 ₼,4.8  5 reytinq,-10 %
Paltaryuyan maşın Бирюса WM-SL1014/15 M,867.98 ₼,1 550.00 ₼,reytinq yoxdur,-44 %
Paltaryuyan maşın KONKA KG7021GR,591.88 ₼,929.99 ₼,reytinq yoxdur,-36 %
Mini soyuducu Smeg FAB10RPG5,3 151.00 ₼,3 938.75 ₼,reytinq yoxdur,-20 %
Paltaryuyan maşın Xiaomi QMP4603EU,1 299.67 ₼,1 799.00 ₼,reytinq yoxdur,-28 %
Soyuducu Yoshiro YRF-T415NF70HB 420 L Qara,1 444.99 ₼,2 888.50 ₼,reytinq yoxdur,-50 %
Paltaryuyan Eurolux EU.WM1299S-12BLDG,1 019.98 ₼,1 300.00 ₼,reytinq yoxdur,-22 %
Soyuducu Shivaki HD345RN,789.00 ₼,999.00 ₼,reytinq yoxdur,-21 %
Soyuducu Sharp SJ-X655-DS3,1 800.75 ₼,3 601.50 ₼,reytinq yoxdur,-50 %
Paltaryuyan Maşın Midea MF01814BS47/T 8 kq 1400 dövr/dəq Boz,829.99 ₼,1 300.00 ₼,reytinq yoxdur,-36 %
"Paltaryuyan maşın, Çəhrayı, 2 kq, 12 dövr/ dəq",,61.23 ₼,reytinq yoxdur,endirim yoxdur
Mini soyuducu Smeg FAB10RPB5,3 151.00 ₼,3 938.75 ₼,reytinq yoxdur,-20 %
"Soyuducu Winsor RF-W50S, Mini soyuducu, Statik, Sərbəst dayanan, Gümüşü",248.93 ₼,400.00 ₼,reytinq yoxdur,-38 %
Paltaryuyan maşını Shahs SH-8-BLDC-WH White,608.99 ₼,929.99 ₼,4  1 reytinq,-35 %
"Paltaryuyan maşın, Ağ, 2.5 kq, 0 dövr/dəq",,51.99 ₼,reytinq yoxdur,endirim yoxdur
Əczaçılıq soyuducusu Biryusa 250S-G,699.00 ₼,1 099.00 ₼,reytinq yoxdur,-36 %
"Paltaryuyan maşın Shivaki SE65, Ağ, 6.5 kq, 1000 dövr/dəq",149.97 ₼,399.99 ₼,reytinq yoxdur,-63 %
Soyuducu Hitachi R-W660PUC7 GBE LGE,2 999.99 ₼,5 000.00 ₼,reytinq yoxdur,-40 %
"Soyuducu Shivaki HD430-RWENE/DISP, No Frost, İkiqapılı, Boz",897.79 ₼,1 750.00 ₼,reytinq yoxdur,-49 %
Paltaryuyan maşın Eurolux EU.WM1456S-10BLDG,957.92 ₼,1 299.00 ₼,reytinq yoxdur,-26 %
Soyuducu Yoshiro YRF-M401NF79HGBX 401 L No Frost Qara,1 784.97 ₼,3 510.50 ₼,reytinq yoxdur,-49 %
Paltaryuyan maşın Samsung WW11CGC04CAE,1 318.54 ₼,2 800.00 ₼,reytinq yoxdur,-53 %
Soyuducu KRAFT TNC-NF402X,799.00 ₼,1 299.00 ₼,reytinq yoxdur,-38 %
Mini paltaryuyan maşın Tiffany TF-8032,,108.00 ₼,reytinq yoxdur,endirim yoxdur
Soyuducu SHARP SJ-FE850-DS5 No Frost,3 743.25 ₼,7 486.50 ₼,reytinq yoxdur,-50 %
Paltaryuyan maşın Hitachi BD-802HVOW,1 000.00 ₼,1 799.99 ₼,reytinq yoxdur,-44 %
Soyuducu Hitachi RV760PUK7K4PWH No Frost ikiqapılı ağ,,1 622.32 ₼,reytinq yoxdur,endirim yoxdur
Paltaryuyan maşın 269854-HV-00,99.10 ₼,188.66 ₼,5  1 reytinq,-47 %
Paltaryuyan maşın Shahs ZTW-AB351,690.00 ₼,1 000.00 ₼,reytinq yoxdur,-31 %
Paltaryuyan maşın Midea MF100W70/T-C 7 kq 1200 dövr/dəq Boz,658.00 ₼,1 000.00 ₼,reytinq yoxdur,-34 %
Soyuducu 7Tech 7REF4G310DIS3 Inox,883.87 ₼,1 650.00 ₼,reytinq yoxdur,-46 %
Soyuducu Eurolux EU-RF650HNF-2TSB,1 720.28 ₼,3 400.00 ₼,5  1 reytinq,-49 %
"Portativ paltaryuyan maşın AtrauX, Blue",76.27 ₼,90.00 ₼,reytinq yoxdur,-15 %
Paltaryuyan maşın Beko B5DFT 510447,1 516.68 ₼,2 200.00 ₼,reytinq yoxdur,-31 %
Soyuducu Vestfrost NF289 INX,780.00 ₼,990.00 ₼,reytinq yoxdur,-21 %
"Paltaryuyan maşın 7Tech, Tünd boz, 7 kq, 1200 dövr/ dəq",495.97 ₼,899.99 ₼,reytinq yoxdur,-45 %
"Soyuducu Shivaki HS 117 RN-WH, birqapılı, ağ",299.98 ₼,599.99 ₼,reytinq yoxdur,-50 %
Paltaryuyan maşın Vestel 6 kq 6082,,565.00 ₼,reytinq yoxdur,endirim yoxdur
Soyuducu Indesit ITS4160G Gümüşü,799.99 ₼,1 000.99 ₼,reytinq yoxdur,-20 %
Paltaryuyan maşın Hotpoint Ariston NDD 11725 DA EE,1 399.90 ₼,1 500.00 ₼,reytinq yoxdur,-7 %
Soyuducu Hisense RD39WCRG,999.99 ₼,1 799.99 ₼,reytinq yoxdur,-44 %
"Soyuducu Shivaki HD 316-FN, statik, ikiqapılı, gümüşü",514.98 ₼,899.99 ₼,reytinq yoxdur,-43 %
"Paltaryuyan maşın Shivaki WM1470S, tünd boz, 7 kq, 1200 dövr/dəq",576.97 ₼,899.99 ₼,reytinq yoxdur,-36 %
Soyuducu Pozis RS 405,494.00 ₼,630.00 ₼,5  2 reytinq,-22 %
Paltaryuyan maşın Beko WM419CGI - SHRK_4884_00658,849.99 ₼,1 004.99 ₼,reytinq yoxdur,-15 %
Paltaryuyan maşın Vestfrost T00710W,500.00 ₼,630.00 ₼,reytinq yoxdur,-21 %
Soyuducu Biryusa W6133 statik ikiqapılı tünd boz,637.97 ₼,899.99 ₼,reytinq yoxdur,-29 %
Paltaryuyan maşın 5 kq 150 dövr/dəq ağ-mavi.,46.83 ₼,75.00 ₼,reytinq yoxdur,-38 %
Soyuducu Samsung RB31FERNDS9 /WT,,1 199.45 ₼,reytinq yoxdur,endirim yoxdur
Paltaryuyan maşın Eurolux EU-WМ1281T-7DS5EI,799.90 ₼,1 000.00 ₼,reytinq yoxdur,-20 %
Paltaryuyan maşın LG F2V5GG2S 8 kq 1200 dövr/dəq Gümüş,1 145.35 ₼,2 290.70 ₼,reytinq yoxdur,-50 %
Paltaryuyan maşın Kumtel HW8MAC-01 MC Silver,,687.99 ₼,reytinq yoxdur,endirim yoxdur
Soyuducu Yoshiro YBR-B248DF54HW,874.00 ₼,1 337.00 ₼,reytinq yoxdur,-35 %
Paltaryuyan maşın Eurolux 8 kq Inverter BLDC - EU-WM1273S-8BLDG,769.97 ₼,900.00 ₼,reytinq yoxdur,-14 %
"Soyuducu Atlant 4621-181, gümüşü",725.00 ₼,971.00 ₼,reytinq yoxdur,-25 %
"Mini paltaryuyan maşın Tiffany TF-8032, yaşıl",69.89 ₼,95.00 ₼,reytinq yoxdur,-26 %
Mini paltaryuyan maşın Tiffany TF-8031,,83.00 ₼,reytinq yoxdur,endirim yoxdur
Soyuducu Sharp SJ-X815P-DS3,1 976.10 ₼,3 952.20 ₼,reytinq yoxdur,-50 %
Soyuducu Midea MDRT645MTF28,,1 179.99 ₼,reytinq yoxdur,endirim yoxdur
Paltaryuyan maşın KONKA KG7021W,529.95 ₼,1 050.00 ₼,reytinq yoxdur,-50 %
"Paltaryuyan maşın, ağ, 10 kq - ZTW-AB347",,820.00 ₼,reytinq yoxdur,endirim yoxdur
Soyuducu Sonifer SF-6518,545.57 ₼,850.00 ₼,reytinq yoxdur,-36 %
Paltaryuyan maşın Eurolux EU-WM10ES17S-6BLDG,598.82 ₼,899.99 ₼,reytinq yoxdur,-33 %
Soyuducu Emersun BFN20D 321,856.00 ₼,1 330.00 ₼,reytinq yoxdur,-36 %
Soyuducu Sharp SJ-X815P-BK3,2 080.05 ₼,4 160.10 ₼,reytinq yoxdur,-50 %
Mini-paltaryuyan maşın PPLH,,75.99 ₼,reytinq yoxdur,endirim yoxdur
"Soyuducu Eurolux RF40 (XN), No Frost, ikiqapılı, qara",1 184.62 ₼,1 599.99 ₼,reytinq yoxdur,-26 %
Paltaryuyan maşın Artel WF80K237 DS,718.98 ₼,1 380.00 ₼,reytinq yoxdur,-48 %
"Soyuducu Biryusa 6133, Damcı sistemi, İkiqapılı, Ağ",615.97 ₼,999.99 ₼,reytinq yoxdur,-38 %
Paltaryuyan maşın Vegas 7 Met,544.37 ₼,657.69 ₼,reytinq yoxdur,-17 %
Paltaryuyan maşın Ardesto WMW-6104DGI,549.98 ₼,780.00 ₼,reytinq yoxdur,-29 %
Soyuducu Shivaki HS-228-RN White,457.75 ₼,659.99 ₼,reytinq yoxdur,-31 %
"Paltaryuyan maşın Shivaki TE60LS, Ağ, 6 kq, 1000 dövr/dəq",225.97 ₼,399.99 ₼,reytinq yoxdur,-44 %
Soyuducu Eurolux EU-RF580HNF-4SB,1 639.04 ₼,2 239.90 ₼,reytinq yoxdur,-27 %
Paltaryuyan maşın Vestfrost F40610W,495.00 ₼,599.00 ₼,reytinq yoxdur,-17 %
Soyuducu Bosch KDN55XIE0N,1 629.75 ₼,2 000.99 ₼,reytinq yoxdur,-19 %
Paltaryuyan Bosch WAN2420XME 8 kq 1200 dövr/dəq Gümüşü,1 540.99 ₼,2 200.00 ₼,reytinq yoxdur,-30 %
Soyuducu Eurolux EU-RF400HNF-2SS,1 195.27 ₼,1 559.00 ₼,reytinq yoxdur,-23 %
Paltaryuyan maşın DSP KW-1011 0.8 kq 12 dövr/dəq ağ,49.99 ₼,160.00 ₼,reytinq yoxdur,-69 %
"Soyuducu Shivaki HS 137 RN, birqapılı, ağ",374.98 ₼,699.99 ₼,reytinq yoxdur,-46 %
Paltaryuyan maşın Eurolux EU-WM1487S-10BLDG 10 kg 1400 dövr Qara,1 091.27 ₼,1 500.00 ₼,reytinq yoxdur,-27 %
"Soyuducu Eurolux EU-RF56-UD-HNF2-ID, No Frost, İkiqapılı, Boz",1 599.88 ₼,1 999.99 ₼,reytinq yoxdur,-20 %
Paltaryuyan Maşın Taube TB6012J 6 kq Gümüşü,546.99 ₼,1 059.00 ₼,reytinq yoxdur,-48 %
"Paltaryuyan maşın JVC WG-NLDE12H5S, Boz, 12 kq, 1600 dövr/dəq",918.00 ₼,1 199.00 ₼,reytinq yoxdur,-23 %
Soyuducu Shivaki HD-276-FN Black,487.85 ₼,919.99 ₼,reytinq yoxdur,-47 %
"Paltaryuyan maşın Tiffany TF-8032, Bənövşəyi, 1.5 kq, 400 dövr/dəq",,108.00 ₼,reytinq yoxdur,endirim yoxdur
Paltaryuyan maşın Artel WF 80L2344G,769.98 ₼,1 380.00 ₼,reytinq yoxdur,-44 %
Soyuducu Hoffmann NF177WN Ağ,929.94 ₼,1 399.99 ₼,reytinq yoxdur,-34 %
Paltaryuyan Midea MF100W70/T-C 7 kq 1200 dövr/dəq Boz,658.99 ₼,1 150.00 ₼,reytinq yoxdur,-43 %
Soyuducu Lanova LN-413RWES,798.00 ₼,1 298.00 ₼,5  1 reytinq,-39 %
"Paltaryuyan maşın ZTW-AA205, bənövşəyi rəngli, kiçik ölçülü, portativ dizaynlı",,45.00 ₼,reytinq yoxdur,endirim yoxdur
Paltaryuyan maşın Winning Star ST-WM12UJ1W,833.00 ₼,1 371.00 ₼,reytinq yoxdur,-39 %
Soyuducu Ferre Fnf440ı,799.00 ₼,1 094.53 ₼,reytinq yoxdur,-27 %
Paltaryuyan maşın Bompani BO1413GD/E,,3 444.00 ₼,reytinq yoxdur,endirim yoxdur
Soyuducu Vestfrost LF283W,,495.00 ₼,reytinq yoxdur,endirim yoxdur
Paltaryuyan maşın Bompani BO5283 - BO5283,,3 023.00 ₼,reytinq yoxdur,endirim yoxdur
Paltaryuyan maşın Electrolux EWS6307BE 7 kq 1000 dövr/dəq ağ,712.99 ₼,999.00 ₼,reytinq yoxdur,-29 %
Soyuducu Biryusa B-6133,658.60 ₼,999.99 ₼,reytinq yoxdur,-34 %
"Soyuducu Shivaki HD430-RWENE, ağ",825.96 ₼,1 189.99 ₼,reytinq yoxdur,-31 %
Paltaryuyan maşın Generic YC-001 8 kq 1400 dövr/dəq ağ,119.90 ₼,184.00 ₼,reytinq yoxdur,-35 %
Soyuducu Sharp SJ-HM440-HS2,1 023.75 ₼,2 047.50 ₼,reytinq yoxdur,-50 %
Soyuducu Biryusa 6133 AG 210/100 l 60×62.5×175 sm,619.11 ₼,887.38 ₼,reytinq yoxdur,-30 %
Mini paltaryuyan maşın-43HOME B,39.13 ₼,70.00 ₼,reytinq yoxdur,-44 %
Soyuducu TCL P465TMG,1 189.65 ₼,2 379.30 ₼,reytinq yoxdur,-50 %
Mini soyuducu Eurolux EU-RF-11124171_RB,368.00 ₼,552.00 ₼,reytinq yoxdur,-33 %
Paltaryuyan maşın Bompani BI2876N,1 149.00 ₼,1 699.00 ₼,reytinq yoxdur,-32 %
Paltaryuyan maşın Eurolux EU-WM1299S-12BLDG,1 112.42 ₼,1 400.00 ₼,reytinq yoxdur,-21 %
Paltaryuyan maşın Eurolux EU-WM1280X-8BSR,799.00 ₼,950.00 ₼,reytinq yoxdur,-16 %
Mini soyuducu Hailang BC-71TE Black,280.00 ₼,350.00 ₼,reytinq yoxdur,-20 %
Paltaryuyan maşın Premier PRM-70F1002SIN,649.99 ₼,899.00 ₼,reytinq yoxdur,-28 %
Mini soyuducu No brand Termoelektrik Birqapılı Ağ,109.94 ₼,265.00 ₼,reytinq yoxdur,-59 %
"Mini soyuducu Termoelektrik, Birqapılı, Ağ, A+",129.99 ₼,209.99 ₼,reytinq yoxdur,-38 %
Paltaryuyan maşın Bompani BO3013,,2 887.00 ₼,reytinq yoxdur,endirim yoxdur
Soyuducu Biryusa M10,409.00 ₼,641.00 ₼,5  1 reytinq,-36 %
Soyuducu Shivaki HS-137MYCM_14 Defrost birqapılı qara,394.78 ₼,513.26 ₼,reytinq yoxdur,-23 %
Paltaryuyan maşın Ardesto Black Mars WMW-8120DGII 8 kg 1200 döv/dəqiqə Boz,699.98 ₼,780.00 ₼,reytinq yoxdur,-10 %
Paltaryuyan Maşın Midea MF01814BS47/T 8 kq 1400 dövr/dəq Boz,829.99 ₼,1 555.00 ₼,reytinq yoxdur,-47 %
Soyuducu Biryusa 551 ikiqapılı damcı sistemli ağ,455.97 ₼,788.99 ₼,reytinq yoxdur,-42 %
Paltaryuyan maşın Samsung WW80AG6S28AELP 8 kq 1200 dövr/dəq Ağ,1 201.99 ₼,1 860.00 ₼,reytinq yoxdur,-35 %
"Soyuducu LG LBB459EQYW-LTS, No Frost, İkiqapılı, Tünd boz",,1 519.99 ₼,reytinq yoxdur,endirim yoxdur
Soyuducu Biryusa B-M6133,623.84 ₼,999.99 ₼,reytinq yoxdur,-38 %
Paltaryuyan maşın Bompani BO1410XG/W,,3 611.00 ₼,reytinq yoxdur,endirim yoxdur
Paltaryuyan Bompani BI2876NS,,1 364.00 ₼,reytinq yoxdur,endirim yoxdur
"Mini soyuducu No Brand 1614, ağ",,189.99 ₼,reytinq yoxdur,endirim yoxdur
"Soyuducu Shivaki HD455-RWENE INV, No Frost, İkiqapılı, Qara",906.74 ₼,1 650.12 ₼,reytinq yoxdur,-45 %
Paltaryuyan maşın Bompani BWM15T,,3 300.00 ₼,reytinq yoxdur,endirim yoxdur
Soyuducu Kumtel HTMF-210JZ,,499.37 ₼,reytinq yoxdur,endirim yoxdur
Paltaryuyan maşını Shahs SH-10-BLDC-WH White,749.99 ₼,1 299.99 ₼,reytinq yoxdur,-42 %
Paltaryuyan maşın Eurolux EU-WM1487S-10BLDG,988.16 ₼,1 489.90 ₼,reytinq yoxdur,-34 %
"Soyuducu Biryusa C6139, Statik, İkiqapılı, Gümüşü",630.98 ₼,1 599.99 ₼,reytinq yoxdur,-61 %
Ultrasəs portativ paltaryuyan maşın Turbine Wash MRO004-3001,,7.00 ₼,5  1 reytinq,endirim yoxdur
Paltaryuyan maşın Ardesto WDMW-106ISBDI,,1 049.98 ₼,reytinq yoxdur,endirim yoxdur
"Soyuducu Shivaki HS-137, birqapılı, qara",377.98 ₼,599.99 ₼,reytinq yoxdur,-37 %
"Soyuducu Ferre UCR470I, gümüşü",847.90 ₼,1 670.90 ₼,reytinq yoxdur,-49 %
Paltaryuyan maşın Bompani BO5290/UK,,1 676.00 ₼,reytinq yoxdur,endirim yoxdur
Soyuducu Kraft KF-NF720XD,1 089.00 ₼,1 749.00 ₼,1  1 reytinq,-38 %
Soyuducu Vestfrost NF289 W,749.00 ₼,899.00 ₼,5  2 reytinq,-17 %
Paltaryuyan maşın Hisense WFQP7012EVMT 7 kq,618.99 ₼,1 200.00 ₼,reytinq yoxdur,-48 %
Soyuducu TCL P417BFB,1 393.35 ₼,2 786.70 ₼,reytinq yoxdur,-50 %
Paltaryuyan maşın Bompani BO1285S/E,,2 348.00 ₼,reytinq yoxdur,endirim yoxdur
Soyuducu Biryusa M980NF,806.75 ₼,1 089.93 ₼,5  1 reytinq,-26 %
Paltaryuyan maşın Haley HY-7102 8 kq 1400 dövr/dəq ağ,129.90 ₼,200.00 ₼,reytinq yoxdur,-35 %
"Soyuducu Ferre FNF440, No Frost, ikiqapılı, gümüşü",738.98 ₼,1 099.99 ₼,reytinq yoxdur,-33 %
"Paltaryuyan maşın 7Tech 7WM4S1280GSS1, Tünd boz, 8 kq, 1200 dövr/dəq",536.97 ₼,799.99 ₼,reytinq yoxdur,-33 %
Soyuducu Hitachi R-V660PUC7-1 PWH,1 890.00 ₼,3 780.00 ₼,reytinq yoxdur,-50 %
Paltaryuyan maşın 7Tech 7WM4S1280GSS1,,850.00 ₼,reytinq yoxdur,endirim yoxdur
Soyuducu Shivaki 137 White,389.99 ₼,650.00 ₼,5  1 reytinq,-40 %
"Paltaryuyan maşın Shivaki TG70F, Ağ, 7 kq, 1200 dövr/dəq",235.97 ₼,499.99 ₼,reytinq yoxdur,-53 %
Soyuducu Ferre Fnf440ı Silver,742.37 ₼,1 019.23 ₼,reytinq yoxdur,-27 %
Paltaryuyan maşın Bompani BO5283,,3 023.00 ₼,reytinq yoxdur,endirim yoxdur
Soyuducu Shivaki 117AG 82/8 l 45×82×47 sm,349.35 ₼,799.00 ₼,reytinq yoxdur,-56 %
Paltaryuyan maşın Bompani BO02834/E,,1 235.00 ₼,reytinq yoxdur,endirim yoxdur
"Soyuducu Shivaki HD 316-FN, statik, ikiqapılı, ağ",504.98 ₼,799.99 ₼,reytinq yoxdur,-37 %
"Mini paltaryuyan maşın Haley, Ağ, 8 kq, 1400 dövr/dəq",139.90 ₼,220.00 ₼,reytinq yoxdur,-36 %
Soyuducu Shivaki HD430 RWENE Inox,946.33 ₼,1 500.00 ₼,reytinq yoxdur,-37 %
Soyuducu Eurolux EU-RF74HNF-2GS,2 399.97 ₼,3 300.00 ₼,reytinq yoxdur,-27 %
Soyuducu Shivaki HD455-RWENE Graphite,949.94 ₼,1 237.16 ₼,reytinq yoxdur,-23 %
Soyuducu Biryusa W6133,639.14 ₼,1 250.00 ₼,reytinq yoxdur,-49 %
Paltaryuyan Finlux Teka LI3 1470E B/I,,2 554.00 ₼,reytinq yoxdur,endirim yoxdur
Şərab üçün soyuducu La Sommeliere APOGEE250DZ,5 689.00 ₼,6 125.00 ₼,reytinq yoxdur,-7 %
Paltaryuyan maşın Vestfrost F4T0812S,665.00 ₼,800.00 ₼,reytinq yoxdur,-17 %
Soyuducu Shivaki HD 276 FN White,523.79 ₼,593.69 ₼,reytinq yoxdur,-12 %
Paltaryuyan maşın 1.5 kq 200 dövr/dəq ağ,64.99 ₼,87.88 ₼,reytinq yoxdur,-26 %
Soyuducu Beko B5RCNK 403 ZXBR,1 359.99 ₼,1 999.00 ₼,reytinq yoxdur,-32 %
Paltaryuyan maşın Bompani BI2877,,1 482.00 ₼,reytinq yoxdur,endirim yoxdur
"Mini soyuducu No Brand 4943, ağ",,189.99 ₼,reytinq yoxdur,endirim yoxdur
Paltaryuyan maşın Bompani BOWM639/E,,1 802.00 ₼,reytinq yoxdur,endirim yoxdur
"Mini soyuducu Shivaki, 117, Defrost, Birqapılı, Ağ",,450.00 ₼,reytinq yoxdur,endirim yoxdur
Paltaryuyan maşın KahnMix Qatlana bilən mini 041201055 - KahnMix0412010,63.02 ₼,100.00 ₼,reytinq yoxdur,-37 %
Paltaryuyan maşın Yumsaq Qatlana bilən mini 041201055 - Yumsaq0412010,,57.56 ₼,reytinq yoxdur,endirim yoxdur
"Soyuducu Biryusa M6133, ikiqapılı, gümüşü",637.99 ₼,798.98 ₼,reytinq yoxdur,-20 %
Paltaryuyan maşın Vestel W812T2B 8 kq 1200 dövr Qara,835.99 ₼,1 455.00 ₼,reytinq yoxdur,-43 %
Paltaryuyan Bosch WAN2420XME 8 kq 1200 dövr/dəq Gümüşü,1 540.99 ₼,2 255.00 ₼,reytinq yoxdur,-32 %
Paltaryuyan maşın Samsung WW80AG6S28AELP 8 kq Ağ-Qara,1 201.99 ₼,2 150.00 ₼,reytinq yoxdur,-44 %
"Paltaryuyan maşın Shivaki SG70P, Ağ, 7 kq, 1000 dövr/dəq",163.97 ₼,399.99 ₼,reytinq yoxdur,-59 %
"Soyuducu Shivaki HD341-FN, defrost, ikiqapılı, boz",548.70 ₼,1 050.00 ₼,reytinq yoxdur,-48 %
Soyuducu Samsung RT53DG7A10B1WR,1 751.99 ₼,2 606.00 ₼,reytinq yoxdur,-33 %
Mini soyuducu Smeg FAB10RBL5,,4 152.00 ₼,reytinq yoxdur,endirim yoxdur
Soyuducu Biryusa W6139,688.23 ₼,1 300.00 ₼,reytinq yoxdur,-47 %
Soyuducu Eurolux EU-RF600HNF-2BGH,1 539.95 ₼,1 789.00 ₼,reytinq yoxdur,-14 %
Paltaryuyan maşın Eurolux EU-WM1278S-10BLDG,1 083.67 ₼,1 799.99 ₼,reytinq yoxdur,-40 %
"Soyuducu Shivaki, No Frost, İkiqapılı, Ağ",844.69 ₼,1 499.99 ₼,reytinq yoxdur,-44 %
Soyuducu Hitachi R-BG410PUC6GBK,1 569.77 ₼,1 800.00 ₼,reytinq yoxdur,-13 %
Soyuducu Hoffmann DEFB-185S - DEFB 185 S,698.84 ₼,1 022.99 ₼,reytinq yoxdur,-32 %
Soyuducu Eurolux EU-RF600HNF-2TSB,1 653.49 ₼,2 449.00 ₼,reytinq yoxdur,-32 %
Soyuducu Hitachi HRTN6443S,1 473.94 ₼,2 000.00 ₼,reytinq yoxdur,-26 %
"Soyuducu Samsung RB37A5200SA/WT, No Frost, ikiqapılı, gümüşü",1 149.99 ₼,2 349.99 ₼,reytinq yoxdur,-51 %
Soyuducu LG X267CQES.AMCQMER,4 440.00 ₼,6 228.88 ₼,5  1 reytinq,-29 %
Soyuducu Teka RLF 74925,,3 966.00 ₼,reytinq yoxdur,endirim yoxdur
"Soyuducu Shivaki HS-228-RN, birqapılı, ağ",434.98 ₼,699.99 ₼,reytinq yoxdur,-38 %
Soyuducu Samsung RS80F65J1F 616 L Side by Side,2 459.84 ₼,3 199.00 ₼,reytinq yoxdur,-23 %
Ticarət soyuducusu Biryusa 152,579.89 ₼,800.00 ₼,reytinq yoxdur,-28 %
Soyuducu Lanova HD-403RWEN,798.00 ₼,1 249.00 ₼,reytinq yoxdur,-36 %
Soyuducu Hitachi RV655PUK0K4PSV No Frost ikiqapılı gümüşü,,1 341.53 ₼,reytinq yoxdur,endirim yoxdur
Soyuducu Eurolux EU-LN40-UD-HNF2-BG,1 142.01 ₼,1 699.00 ₼,reytinq yoxdur,-33 %
Soyuducu Ficher BC71T,283.68 ₼,529.99 ₼,5  4 reytinq,-46 %
Soyuducu Beko B5RCNE565HXPBG Qara/Inox,1 699.00 ₼,2 399.00 ₼,reytinq yoxdur,-29 %
"Soyuducu Shivaki HD455-RWENE INV, ikiqapılı, qara",874.97 ₼,1 599.99 ₼,reytinq yoxdur,-45 %
Soyuducu Vestfrost LF263 W,,460.00 ₼,reytinq yoxdur,endirim yoxdur
Soyuducu Sharp SJ-SE75D-SL5,2 181.99 ₼,4 363.98 ₼,reytinq yoxdur,-50 %
Soyuducu Biryusa M980NF,863.94 ₼,1 600.00 ₼,reytinq yoxdur,-46 %
Soyuducu SHARP SJ-SE75D-BK5,2 100.00 ₼,4 200.00 ₼,reytinq yoxdur,-50 %
Soyuducu Eurolux EU.RF580HNF-4SB,1 707.18 ₼,1 999.00 ₼,reytinq yoxdur,-15 %
Soyuducu Sharp SJ-HM620-HS2 Silver,1 630.00 ₼,3 260.00 ₼,reytinq yoxdur,-50 %
Mini soyuducu HW-10 Lad Red,165.00 ₼,220.00 ₼,5  2 reytinq,-25 %
"Soyuducu 7Tech 7REF4G310DIS3, Total No Frost, İkiqapılı, Gümüşü",779.97 ₼,1 099.99 ₼,reytinq yoxdur,-29 %
Soyuducu Biryusa 6133,604.99 ₼,739.50 ₼,reytinq yoxdur,-18 %
"Soyuducu Shivaki HD455-RWENE INV AG, ikiqapılı, ağ",816.98 ₼,1 599.99 ₼,reytinq yoxdur,-49 %
"Soyuducu Biryusa M6133, Damcı sistemi, İkiqapılı, Gümüşü",637.97 ₼,999.99 ₼,reytinq yoxdur,-36 %
Soyuducu LG GR-B642PFF,1 499.34 ₼,2 600.00 ₼,reytinq yoxdur,-42 %
Soyuducu Eurolux RF40 60x185 (XN),1 100.59 ₼,1 799.99 ₼,reytinq yoxdur,-39 %
Mini soyuducu Biryusa 45 Defrost birqapılı ağ.,,306.00 ₼,reytinq yoxdur,endirim yoxdur
Soyuducu Eurolux EU-RF72HNF-2SS,1 763.30 ₼,3 200.00 ₼,reytinq yoxdur,-45 %
Soyuducu Biryusa 118,,699.99 ₼,3.6  7 reytinq,endirim yoxdur
"Paltaryuyan maşın Hisense WF116022BWU2, Ağ, 6 kq, 1200 dövr/dəq",519.99 ₼,899.99 ₼,reytinq yoxdur,-42 %
Soyuducu Eurolux EU-RF72HNF-2BG,1 879.97 ₼,3 000.00 ₼,reytinq yoxdur,-37 %
Soyuducu By The Glass Easy-Cooler Taxta 5 butulka üçün - 170502,992.00 ₼,1 102.00 ₼,reytinq yoxdur,-10 %
Soyuducu Biryusa B960NF,799.00 ₼,1 249.00 ₼,4  1 reytinq,-36 %
Soyuducu SHARP SJ-GP75D-SL5,2 230.00 ₼,4 460.00 ₼,reytinq yoxdur,-50 %
Soyuducu Midea MDRB470MGF33O,1 059.00 ₼,1 699.00 ₼,reytinq yoxdur,-38 %
Soyuducu Biryusa C6139,738.85 ₼,999.99 ₼,reytinq yoxdur,-26 %
Soyuducu Eurolux EU.RF72HNF-2SS,1 749.00 ₼,1 850.00 ₼,reytinq yoxdur,-5 %
Soyuducu Vesta VES330DO,,839.00 ₼,reytinq yoxdur,endirim yoxdur
Paltaryuyan maşın Electrolux EWS6327DXE 7 kq 1200 dövr/dəq qara,849.99 ₼,1 299.99 ₼,reytinq yoxdur,-35 %
Soyuducu Biryusa C 6135 MAYCOM 147159 statik ikiqapılı boz.,540.60 ₼,649.73 ₼,reytinq yoxdur,-17 %
Süd soyuducusu FG10i - 43323,,1 923.00 ₼,reytinq yoxdur,endirim yoxdur
Soyuducu Shivaki Pro HD455-RWENE INV AG,958.87 ₼,1 599.99 ₼,reytinq yoxdur,-40 %
Soyuducu Biryusa C920NF,897.98 ₼,1 200.99 ₼,reytinq yoxdur,-25 %
"Ticarət soyuducusu BOO$, 63 l, qara",399.99 ₼,500.00 ₼,reytinq yoxdur,-20 %
Soyuducu Biryusa M920,,797.00 ₼,reytinq yoxdur,endirim yoxdur
Soyuducu Indesit TIA 16 White,695.00 ₼,999.99 ₼,5  1 reytinq,-30 %
Soyuducu Eurolux EU-RF62-MD-HNF4-BG - EU-RF62-MD-HNF4-BG,2 698.48 ₼,3 999.99 ₼,reytinq yoxdur,-33 %
Soyuducu Eurolux EU-RF580HNF-2TSB No Frost ikiqapılı qara,,1 999.88 ₼,reytinq yoxdur,endirim yoxdur
Şərab soyuducusu Caso Wine Exclusive 12,931.00 ₼,1 086.00 ₼,reytinq yoxdur,-14 %
Soyuducu Eurolux EU-TP40-UD-HNF2-BG,1 360.95 ₼,1 699.00 ₼,reytinq yoxdur,-20 %
Soyuducu Biryusa C980NF,946.76 ₼,1 259.00 ₼,1  1 reytinq,-25 %
"Mini soyuducu No Brand 4517, ağ",,249.99 ₼,reytinq yoxdur,endirim yoxdur
Soyuducu 7Tech 7REF4G310DIS3,749.53 ₼,975.00 ₼,reytinq yoxdur,-23 %
Soyuducu Neos NSRF-314B,879.99 ₼,1 250.00 ₼,4.5  2 reytinq,-30 %
Paltaryuyan maşın Whirlpool FFS7259BEE 7 kq 1200 dövr/dəq Ağ,999.98 ₼,1 200.00 ₼,reytinq yoxdur,-17 %
Soyuducu Biryusa M6034,688.99 ₼,1 400.00 ₼,3.8  4 reytinq,-51 %
Mini soyuducu Snow Village BT-500F,,850.00 ₼,reytinq yoxdur,endirim yoxdur
Soyuducu Hoffmann DTF-850WEN,479.96 ₼,649.00 ₼,4.2  10 reytinq,-26 %
Soyuducu Hoffmann DTF 840 AWEN,421.13 ₼,559.99 ₼,reytinq yoxdur,-25 %
Soyuducu Toshiba GR-RT624WE.PMJ,1 298.99 ₼,1 699.99 ₼,reytinq yoxdur,-24 %
"Ticarət soyuducusu BOO$, 83 l, qara",475.00 ₼,650.00 ₼,reytinq yoxdur,-27 %
Soyuducu Eurolux EU-RF40-UD-HNF2-BG Qara,1 130.00 ₼,1 250.00 ₼,reytinq yoxdur,-10 %
Soyuducu LG GR-B30FFGPB,3 789.94 ₼,5 999.99 ₼,reytinq yoxdur,-37 %
"Soyuducu Biryusa 6139, ağ",658.47 ₼,1 271.99 ₼,reytinq yoxdur,-48 %
Soyuducu Eurolux EU.RF58HNF-4BMD,1 848.99 ₼,2 999.99 ₼,reytinq yoxdur,-38 %
Soyuducu Hoffmann NF177SN İkiqapılı No Frost Gümüşü,989.99 ₼,1 200.00 ₼,reytinq yoxdur,-18 %
"Soyuducu Biryusa W6139, İkiqapılı, Tünd boz",630.98 ₼,1 099.99 ₼,reytinq yoxdur,-43 %
Soyuducu Bompani BOECO-450,,3 870.00 ₼,reytinq yoxdur,endirim yoxdur
Soyuducu Biryusa W135,695.00 ₼,1 120.55 ₼,reytinq yoxdur,-38 %
Soyuducu Samsung RB31FERNDS9,1 285.00 ₼,1 620.00 ₼,reytinq yoxdur,-21 %
"Soyuducu Hisense RD-60WRG, iki kameralı, 466 L, No Frost, A+, gümüşü/boz - R RD-60 WRG",1 199.99 ₼,2 099.90 ₼,reytinq yoxdur,-43 %
Soyuducu Vesta VES-212_İE De Frost,450.28 ₼,499.00 ₼,reytinq yoxdur,-10 %
Soyuducu SHARP SJ-SE70D-SL5,2 038.05 ₼,4 076.10 ₼,reytinq yoxdur,-50 %
Soyuducu Ziffler RF-BF-400Dl - Ziffler RF-BF-400Dl,836.00 ₼,1 299.00 ₼,reytinq yoxdur,-36 %
Soyuducu Biryusa B-M6139,619.99 ₼,783.66 ₼,reytinq yoxdur,-21 %
Soyuducu Eurolux EU-RF510HNF-2TSS,1 599.85 ₼,2 500.00 ₼,reytinq yoxdur,-36 %
Soyuducu Indesit ITS 5180 W,909.65 ₼,1 200.00 ₼,4.1  11 reytinq,-24 %
Soyuducu Eurolux EU.RF560HNF-2TSB,1 509.99 ₼,1 800.00 ₼,reytinq yoxdur,-16 %
"Soyuducu Shivaki HD 341-FN, statik, ikiqapılı, gümüşü",533.98 ₼,899.99 ₼,reytinq yoxdur,-41 %
Soyuducu Biryusa M553,592.97 ₼,1 299.99 ₼,reytinq yoxdur,-54 %
Soyuducu Eurolux EU-EH40-UD-HNF2-BG,1 242.60 ₼,1 699.00 ₼,reytinq yoxdur,-27 %
"Paltaryuyan maşın Ake-5212 Tool 3 kq, 1300 dövr/dəq, C sinfi, Bənövşəyi",44.99 ₼,89.00 ₼,reytinq yoxdur,-49 %
Soyuducu Eurolux EU-ON40-UD-HNF2-BG,1 360.95 ₼,2 381.66 ₼,reytinq yoxdur,-43 %
Soyuducu Alneo RK280,546.06 ₼,999.99 ₼,reytinq yoxdur,-45 %
Mini paltaryuyan maşın Sisc FP-8808 (LRD_FP-8808),90.00 ₼,120.00 ₼,5  1 reytinq,-25 %
Soyuducu Hisense RD39WC,1 043.29 ₼,1 399.99 ₼,reytinq yoxdur,-25 %
"Soyuducu Ferre FNF470, No Frost, ikiqapılı, gümüşü",786.98 ₼,1 299.99 ₼,reytinq yoxdur,-39 %
Soyuducu Shivaki HD 341FN Silver,558.99 ₼,799.86 ₼,5  2 reytinq,-30 %
Paltaryuyan maşın Electrolux EW6F9452E 10.5 kq 1400 dövr/dəq ağ,1 179.00 ₼,1 379.00 ₼,reytinq yoxdur,-15 %
Soyuducu Indesit DS 4200 SB,949.99 ₼,1 299.90 ₼,3.7  3 reytinq,-27 %
Soyuducu By The Glass Охладитель на 3 бутылки вина 29 x 18 x 27 sm - BTG170509,,550.00 ₼,reytinq yoxdur,endirim yoxdur
Soyuducu Samsung RS61R5001M9,,2 389.99 ₼,reytinq yoxdur,endirim yoxdur
Soyuducu KLEO FNF-440B_B_MCI14,838.97 ₼,920.00 ₼,reytinq yoxdur,-9 %
Ticarət soyuducusu No Frost dördqapılı gümüşü.,,2 100.00 ₼,reytinq yoxdur,endirim yoxdur
Soyuducu Sharp SJ-GP75D-BK5,2 389.99 ₼,4 779.98 ₼,reytinq yoxdur,-50 %
Soyuducu Pozis XF2503W,1 099.99 ₼,1 599.99 ₼,reytinq yoxdur,-31 %
Soyuducu Neohot 280 L Nofrost Boz - AG Soyuducu 04,732.79 ₼,1 834.96 ₼,reytinq yoxdur,-60 %
Soyuducu Biryusa M424,699.88 ₼,1 000.00 ₼,reytinq yoxdur,-30 %
Soyuducu Biryusa C 6139,759.69 ₼,986.00 ₼,reytinq yoxdur,-23 %
"Soyuducu Biryusa, 6139, Damcı sistemi, İkiqapılı, Ağ",599.00 ₼,689.73 ₼,reytinq yoxdur,-13 %
"Ticarət soyuducusu LCD-639, No Frost, İkiqapılı, Ağ/Qara/Yaşıl",,1 900.00 ₼,reytinq yoxdur,endirim yoxdur
Soyuducu Toshiba GR-RS780WI-PGJ,2 270.96 ₼,4 400.00 ₼,reytinq yoxdur,-48 %
Paltaryuyan maşın Neos KG10-1220N-GR,789.99 ₼,999.00 ₼,4.7  3 reytinq,-21 %
"Ticarət soyuducusu BOO$, 43 l, qara",370.00 ₼,500.00 ₼,reytinq yoxdur,-26 %
Soyuducu Riffel RFDN42320W,799.99 ₼,1 189.00 ₼,reytinq yoxdur,-33 %
Soyuducu Vestfrost NF379W,849.00 ₼,999.00 ₼,reytinq yoxdur,-15 %
Soyuducu LG LFX29FFQYB Qara,4 999.99 ₼,9 999.99 ₼,reytinq yoxdur,-50 %
Soyuducu 7Tech REF4G310DIS3,799.00 ₼,1 899.00 ₼,reytinq yoxdur,-58 %
Mini soyuducu Hailang BC-65,320.00 ₼,350.00 ₼,reytinq yoxdur,-9 %
Soyuducu Bompani BBF480SS,,4 027.00 ₼,reytinq yoxdur,endirim yoxdur
Soyuducu Riffel 30030 MW,509.99 ₼,899.99 ₼,reytinq yoxdur,-43 %
Soyuducu Riffel RFDN42320X,829.99 ₼,1 229.00 ₼,reytinq yoxdur,-32 %
Soyuducu Eurolux EU-RF51-UD-HNF2-I,1 136.08 ₼,1 609.90 ₼,reytinq yoxdur,-29 %
Soyuducu Biryusa 461RN,827.99 ₼,1 175.00 ₼,5  1 reytinq,-30 %
Soyuducu Hoffmann NFB-185DS 320 L Inox,952.99 ₼,1 750.00 ₼,reytinq yoxdur,-46 %
Soyuducu Teka RFD 77820,,5 915.00 ₼,reytinq yoxdur,endirim yoxdur
Soyuducu Eurolux EU-BE40-UD-HNF2-BG,1 148.85 ₼,1 953.13 ₼,reytinq yoxdur,-41 %
Soyuducu Teka RFD 77820,,5 915.00 ₼,reytinq yoxdur,endirim yoxdur
Soyuducu Eurolux EU-BE40-UD-HNF2-BG,1 148.85 ₼,1 953.13 ₼,reytinq yoxdur,-41 %
Soyuducu Eurolux EU-RF62-MD-HNF4-DI - EU-RF62-MD-HNF4-DI,2 430.36 ₼,3 999.99 ₼,reytinq yoxdur,-39 %
Soyuducu Pozis RS 411 Grey,476.00 ₼,599.00 ₼,reytinq yoxdur,-21 %
Mini soyuducu Termoelektrik Birqapılı Ağ,184.00 ₼,249.99 ₼,reytinq yoxdur,-26 %
Soyuducu Vestel RM480BF3EI-LMF,1 099.99 ₼,1 500.00 ₼,5  1 reytinq,-27 %
Şərab üçün soyuducu La Sommeliere LS102DZBLA,2 433.00 ₼,2 617.00 ₼,reytinq yoxdur,-7 %
"Soyuducu LG LBB459EMYW-LTS, No Frost, İkiqapılı, Boz",,1 499.99 ₼,reytinq yoxdur,endirim yoxdur
"Soyuducu Hotpoint Ariston HPAD2 6553 XP5E, 557 L, NoFrost, 1877x780x750 mm, Display, Titanium Inox",1 878.27 ₼,2 419.90 ₼,reytinq yoxdur,-22 %
Soyuducu SHARP SJ-GP70D-SL5,2 182.95 ₼,4 365.90 ₼,reytinq yoxdur,-50 %
Soyuducu Premier PRM-317BFNF/DI Black,1 099.00 ₼,2 500.00 ₼,reytinq yoxdur,-56 %
Soyuducu Teka RVF 10051 GBK,,2 387.00 ₼,reytinq yoxdur,endirim yoxdur
Soyuducu Hoffmann NFB-185DS Inox,952.99 ₼,1 700.00 ₼,reytinq yoxdur,-44 %
Mini soyuducu Hailang BC-1120776TE_RB,277.00 ₼,422.00 ₼,reytinq yoxdur,-34 %
Soyuducu Sharp SJ-GP70D-BK5,2 121.00 ₼,4 242.00 ₼,reytinq yoxdur,-50 %
Soyuducu Pozis RS 411,499.99 ₼,599.00 ₼,reytinq yoxdur,-17 %
Soyuducu Biryusa M418,599.89 ₼,820.00 ₼,reytinq yoxdur,-27 %
Soyuducu Biryusa C6035,619.99 ₼,1 050.00 ₼,5  3 reytinq,-41 %
Soyuducu Ardesto DNF-M295X188,,879.98 ₼,reytinq yoxdur,endirim yoxdur
Soyuducu Biryusa M6139 damcı sistemli ikiqapılı gümüşü,630.98 ₼,999.99 ₼,reytinq yoxdur,-37 %
Soyuducu Hisense RD39WCR - RD39SWCR,1 083.99 ₼,1 899.99 ₼,reytinq yoxdur,-43 %
Siqar dolabı La Sommeliere CIG251,2 072.00 ₼,2 339.00 ₼,reytinq yoxdur,-11 %
Ticarət soyuducusu BC/BD-218,,760.00 ₼,reytinq yoxdur,endirim yoxdur
Soyuducu Bosch KGN36XL30U 324 L Gümüşü,1 839.99 ₼,2 575.00 ₼,reytinq yoxdur,-29 %
Mini soyuducu No brand Termoelektrik Birqapılı Ağ,131.89 ₼,275.00 ₼,reytinq yoxdur,-52 %
Soyuducu Vestfrost VW18LFM00S,744.02 ₼,884.99 ₼,reytinq yoxdur,-16 %
"Soyuducu Biryusa M6133, ikiqapılı, gümüşü",,1 100.00 ₼,reytinq yoxdur,endirim yoxdur
Soyuducu Beko B5RCNK 363 - ZXBR,1 159.99 ₼,2 317.99 ₼,reytinq yoxdur,-50 %
Soyuducu Bompani BOK34FL/M,,4 411.00 ₼,reytinq yoxdur,endirim yoxdur
Soyuducu Biryusa 6035,610.50 ₼,899.00 ₼,5  1 reytinq,-32 %
Soyuducu Biryusa W960NF boz,,1 200.00 ₼,reytinq yoxdur,endirim yoxdur
Mini soyuducu Biryusa birqapılı damcı sistemli ağ,203.98 ₼,399.99 ₼,reytinq yoxdur,-49 %
Vitrin soyuducusu LC-1200FX,2 300.00 ₼,2 700.00 ₼,reytinq yoxdur,-15 %
Soyuducu Eurolux EU.RF74HNF-2GS,1 952.66 ₼,3 499.99 ₼,reytinq yoxdur,-44 %
Soyuducu Vegas VG44BLGL No Frost dördqapılı qara,1 399.99 ₼,1 999.99 ₼,reytinq yoxdur,-30 %
Soyuducu Vestfrost NF482W,1 100.00 ₼,1 599.00 ₼,reytinq yoxdur,-31 %
Şərab üçün soyuducu La Sommeliere LSBU51DB2,2 767.00 ₼,3 118.00 ₼,reytinq yoxdur,-11 %
Soyuducu Bompani BO06257/E,,4 932.00 ₼,reytinq yoxdur,endirim yoxdur
Soyuducu Bompani BOCB691/V,,5 960.00 ₼,reytinq yoxdur,endirim yoxdur
Ticarət soyuducusu Snow Village LC-298A,,840.00 ₼,reytinq yoxdur,endirim yoxdur
Soyuducu Sharp SJ-GT760G-BK3,2 650.00 ₼,5 300.00 ₼,reytinq yoxdur,-50 %
"Soyuducu Biryusa W980NF, No Frost, ikiqapılı, gümüşü",1 399.99 ₼,1 763.00 ₼,reytinq yoxdur,-21 %
Ticarət soyuducusu Snow Village,2 230.00 ₼,2 530.00 ₼,reytinq yoxdur,-12 %
Soyuducu Bompani EKO-NFS522,,5 652.00 ₼,reytinq yoxdur,endirim yoxdur
Soyuducu Bompani BOCB670/N,,5 960.00 ₼,reytinq yoxdur,endirim yoxdur
Soyuducu Bompani BOCB740/N,,7 810.00 ₼,reytinq yoxdur,endirim yoxdur
Soyuducu Biryusa M135,695.00 ₼,1 120.55 ₼,reytinq yoxdur,-38 %
Soyuducu Eurolux EU-RF40-UD-HNF2-I,1 059.16 ₼,1 539.90 ₼,reytinq yoxdur,-31 %
Soyuducu Hitachi R-BG410PUC6X GS,1 699.75 ₼,2 200.00 ₼,reytinq yoxdur,-23 %
"Soyuducu Biryusa 553, ikiqapılı, ağ",456.97 ₼,699.99 ₼,reytinq yoxdur,-35 %
Soyuducu Eurolux EU-FR9-SD-HDF1-I,372.78 ₼,999.00 ₼,reytinq yoxdur,-63 %
Ət yaşlandırılması üçün soyuducu CASO Design 380 Pro,,5 574.00 ₼,reytinq yoxdur,endirim yoxdur
Soyuducu Toshiba GR-RB308WE-DGJ (22),1 497.19 ₼,2 800.00 ₼,5  1 reytinq,-47 %
Soyuducu Vestfrost VW18NFE01W,,845.68 ₼,5  1 reytinq,endirim yoxdur
Soyuducu Ziffler RF-BF-456L - Ziffler RF-BF-456l,883.00 ₼,1 379.00 ₼,reytinq yoxdur,-36 %
Soyuducu Ferre UCR470I_MYCM_14_71_59 No Frost ikiqapılı gümüşü,799.99 ₼,999.97 ₼,reytinq yoxdur,-20 %
Əczaçılıq soyuducusu Biryusa 245K-RB,4 949.00 ₼,7 999.00 ₼,reytinq yoxdur,-38 %
Şərab üçün soyuducu La Sommeliere CV6T,,1 422.00 ₼,reytinq yoxdur,endirim yoxdur
"Soyuducu Shivaki HD 316FN, gümüşü",,800.00 ₼,reytinq yoxdur,endirim yoxdur
Soyuducu Hoffmann NFB-186WN LGE,860.04 ₼,1 200.00 ₼,5  1 reytinq,-28 %
Soyuducu Indesit DS 320W,818.25 ₼,1 059.90 ₼,reytinq yoxdur,-23 %
"Soyuducu Biryusa 6139 AG, Damcı sistemi, İkiqapılı, Ağ",611.98 ₼,999.99 ₼,reytinq yoxdur,-39 %
Soyuducu Yoshiro YRF-T466NF70MX Boz,1 094.99 ₼,1 959.00 ₼,reytinq yoxdur,-44 %
Soyuducu Eurolux EU-RF580HNF-2TSB,,2 499.88 ₼,reytinq yoxdur,endirim yoxdur
Soyuducu Eurolux EU-RF40-UD-HNF2-DI,1 181.99 ₼,1 900.00 ₼,reytinq yoxdur,-38 %
Soyuducu Pozis RK FNF 170 Black,909.90 ₼,1 169.90 ₼,4  1 reytinq,-22 %
Soyuducu Bompani BOCB662/B,,5 960.00 ₼,reytinq yoxdur,endirim yoxdur
Soyuducu Sharp SJ-GP77D-BK,2 390.00 ₼,2 845.00 ₼,reytinq yoxdur,-16 %
Ticarət soyuducusu Snow Village LC-258A,,780.00 ₼,reytinq yoxdur,endirim yoxdur
Soyuducu Biryusa B980NF Full No Frost ikiqapılı qara.,,1 400.00 ₼,reytinq yoxdur,endirim yoxdur
Soyuducu Biryusa 6134 White,,910.00 ₼,reytinq yoxdur,endirim yoxdur
Soyuducu Vestfrost NF473W,,1 000.00 ₼,reytinq yoxdur,endirim yoxdur
Ticarət soyuducusu Biryusa 310P ağ,645.00 ₼,1 039.00 ₼,4  1 reytinq,-38 %
"Soyuducu Shivaki HS 117 RN-WH, birqapılı, ağ",397.93 ₼,599.99 ₼,reytinq yoxdur,-34 %
Ticarət soyuducusu LC-338W,,1 340.00 ₼,reytinq yoxdur,endirim yoxdur
Soyuducu Bompani BOCB740/C,,7 810.00 ₼,reytinq yoxdur,endirim yoxdur
"Soyuducu Eurolux AF RF105DF1S, Defrost, Birqapılı, Boz",,599.99 ₼,reytinq yoxdur,endirim yoxdur
Soyuducu Biryusa W6133 boz,,1 200.00 ₼,reytinq yoxdur,endirim yoxdur
Soyuducu Biryusa M 6033 sl,749.99 ₼,900.00 ₼,5  3 reytinq,-17 %
Soyuducu Eurolux EU-RF40-UD-HNF2-I Inox,1 150.00 ₼,1 300.00 ₼,reytinq yoxdur,-12 %
Soyuducu Yoshiro YRF-T415NF70HB 420 L Qara,1 143.99 ₼,2 150.00 ₼,reytinq yoxdur,-47 %
Soyuducu Bompani EKO-NF600DS,,4 730.00 ₼,reytinq yoxdur,endirim yoxdur
Soyuducu Eurolux EU-RF72HNF-2BG 700 L Qara,1 869.99 ₼,2 550.00 ₼,reytinq yoxdur,-27 %
Soyuducu Hisense RD39WCR,959.98 ₼,1 099.99 ₼,reytinq yoxdur,-13 %
"Soyuducu Eurolux RF40 (AF), No Frost, ikiqapılı, qara",1 184.62 ₼,1 599.99 ₼,reytinq yoxdur,-26 %
Soyuducu Biryusa I820NF,1 044.99 ₼,1 999.99 ₼,reytinq yoxdur,-48 %
Soyuducu Biryusa M50,180.00 ₼,319.00 ₼,reytinq yoxdur,-44 %
"Soyuducu Shivaki HS-137, birqapılı, qara",408.93 ₼,599.99 ₼,reytinq yoxdur,-32 %
Ticarət soyuducusu SD/SC-158Y,,750.00 ₼,reytinq yoxdur,endirim yoxdur
Soyuducu Biryusa M6134 Silver,,940.00 ₼,reytinq yoxdur,endirim yoxdur
Soyuducu Samsung RB30A32NOSA/WT MET,1 199.99 ₼,2 399.98 ₼,reytinq yoxdur,-50 %
Soyuducu Konka 544 DX02,989.99 ₼,1 299.99 ₼,reytinq yoxdur,-24 %
Soyuducu Yoshiro YRF-B400NF60HX Boz,1 124.99 ₼,2 100.00 ₼,reytinq yoxdur,-46 %
Soyuducu SHARP SJ-SE70D-BK5,2 080.05 ₼,4 160.10 ₼,reytinq yoxdur,-50 %
Soyuducu Sharp SJ-GT760G-DS3,2 620.00 ₼,5 240.00 ₼,reytinq yoxdur,-50 %
Ticarət soyuducusu BC/BD-268,,870.00 ₼,reytinq yoxdur,endirim yoxdur
Soyuducu Sharp SJ-GT760G-DS3,2 620.00 ₼,5 240.00 ₼,reytinq yoxdur,-50 %
Ticarət soyuducusu BC/BD-268,,870.00 ₼,reytinq yoxdur,endirim yoxdur
Soyuducu Biryusa C6139 Silver,,1 000.00 ₼,reytinq yoxdur,endirim yoxdur
Soyuducu Yoshiro YRF-B299DF60SX,669.99 ₼,826.82 ₼,reytinq yoxdur,-19 %
Soyuducu Eurolux RF40 60x185 (AF),1 145.56 ₼,1 799.99 ₼,reytinq yoxdur,-36 %
Ticarət soyuducusu No brand No Frost İkiqapılı 75 l,1 240.00 ₼,1 620.00 ₼,reytinq yoxdur,-23 %
"Soyuducu Ferre BCD325B, Damcı sistemi, İkiqapılı, Qara",442.97 ₼,899.99 ₼,reytinq yoxdur,-51 %
Ticarət soyuducusu Snow Village LC-298A No Frost,,910.00 ₼,reytinq yoxdur,endirim yoxdur
Soyuducu Teka NFE2 320,,1 982.00 ₼,reytinq yoxdur,endirim yoxdur
Ticarət soyuducusu PLS-15N2 HB No Frost 209 l,,1 510.00 ₼,reytinq yoxdur,endirim yoxdur
Soyuducu Biryusa W980NF boz,,1 400.00 ₼,reytinq yoxdur,endirim yoxdur
Soyuducu Biryusa 6135 White,,880.00 ₼,reytinq yoxdur,endirim yoxdur
Soyuducu Hitachi R-V660PUC7 BSL,2 549.99 ₼,4 100.00 ₼,reytinq yoxdur,-38 %
Soyuducu Ardesto DNF-M295W188,799.82 ₼,990.00 ₼,reytinq yoxdur,-19 %
Soyuducu Bompani BOCB740/T,,7 810.00 ₼,reytinq yoxdur,endirim yoxdur
"Soyuducu Eurolux XN RF105DF1S, Defrost, Birqapılı, Boz",,599.99 ₼,reytinq yoxdur,endirim yoxdur
Soyuducu Yoshiro VP-YRF-B254H55W 255 L Ağ,616.99 ₼,1 156.00 ₼,reytinq yoxdur,-47 %
Soyuducu Eurolux EU-RF375HNF-SBL,994.07 ₼,1 469.90 ₼,reytinq yoxdur,-32 %
Soyuducu Biryusa 6139 White,,1 000.00 ₼,reytinq yoxdur,endirim yoxdur
Soyuducu LG GN-B492PXGB No Frost ikiqapılı qara,1 589.99 ₼,2 200.00 ₼,reytinq yoxdur,-28 %
Soyuducu Teka RBF 78720 GBK,,4 966.00 ₼,reytinq yoxdur,endirim yoxdur
Soyuducu Bompani BOK34FL/B,,4 411.00 ₼,reytinq yoxdur,endirim yoxdur
Soyuducu Biryusa BR 521 RN,866.00 ₼,1 356.00 ₼,2.3  3 reytinq,-36 %
Mini soyuducu Snow Village LC-108 No Frost Birqapılı Ağ,,600.00 ₼,reytinq yoxdur,endirim yoxdur
Soyuducu Bompani BR64B,,608.00 ₼,reytinq yoxdur,endirim yoxdur
Soyuducu Biryusa M 6033,768.47 ₼,900.00 ₼,reytinq yoxdur,-15 %
Soyuducu Eurolux EU---RF105DF1S,499.98 ₼,551.39 ₼,reytinq yoxdur,-9 %
Şərab üçün dispenser La Sommeliere DVV22,,2 217.00 ₼,reytinq yoxdur,endirim yoxdur
Soyuducu Bompani BOK340G/E,,4 206.00 ₼,reytinq yoxdur,endirim yoxdur
Ticarət soyuducusu PLS-15N2 No Frost 209 l,,1 230.00 ₼,reytinq yoxdur,endirim yoxdur
"Ticarət soyuducusu PLD-15N2 HB No Frost, İkiqapılı, 220 l",,1 510.00 ₼,reytinq yoxdur,endirim yoxdur
"Soyuducu Ferre UCR345I, Defrost, İkiqapılı, Gümüşü",572.97 ₼,899.99 ₼,reytinq yoxdur,-36 %
Soyuducu Neohot BCD-350 Grey,694.27 ₼,1 736.91 ₼,reytinq yoxdur,-60 %
Soyuducu Bompani BOK340NF/C,,4 206.00 ₼,reytinq yoxdur,endirim yoxdur
"Soyuducu Shivaki HS 137 RN, birqapılı, ağ",447.92 ₼,699.99 ₼,reytinq yoxdur,-36 %
Soyuducu Biryusa C920NF Silver,1 199.99 ₼,1 599.99 ₼,reytinq yoxdur,-25 %
Soyuducu Biryusa W6134 boz,,1 000.00 ₼,reytinq yoxdur,endirim yoxdur
Soyuducu Biryusa M980NF gümüşü,,1 400.00 ₼,reytinq yoxdur,endirim yoxdur
Soyuducu dəzgah Titan Group Gilavar 1,,2 310.00 ₼,reytinq yoxdur,endirim yoxdur
Soyuducu Biryusa M553 damcı sistemli ikiqapılı gümüşü,499.97 ₼,799.99 ₼,reytinq yoxdur,-38 %
Soyuducu Bompani BOK32NF/R,,5 129.00 ₼,reytinq yoxdur,endirim yoxdur
Soyuducu Bompani BODP262/C,,4 932.00 ₼,reytinq yoxdur,endirim yoxdur
"Ticarət soyuducusu DG-900FY Tort desert No Frost, İkiqapılı, Gümüşü",,1 800.00 ₼,reytinq yoxdur,endirim yoxdur
Soyuducu Biryusa M6139 gümüşü,,1 000.00 ₼,reytinq yoxdur,endirim yoxdur
"Soyuducu Eurolux ES RF105DF1S, Defrost, Birqapılı, Boz",,599.98 ₼,reytinq yoxdur,endirim yoxdur
Soyuducu Bompani BOCB669/D,,5 960.00 ₼,reytinq yoxdur,endirim yoxdur
Soyuducu Bompani BOK34NF/C,,4 206.00 ₼,reytinq yoxdur,endirim yoxdur
Soyuducu Bompani BODP740/N,,7 583.00 ₼,reytinq yoxdur,endirim yoxdur
Ticarət soyuducusu BC/BD-358,,980.00 ₼,reytinq yoxdur,endirim yoxdur
Şərab paylayıcısı modul 2 butulka üçün - BTGM2,,4 750.00 ₼,reytinq yoxdur,endirim yoxdur
Soyuducu Bompani BOK34NF/M,,4 206.00 ₼,reytinq yoxdur,endirim yoxdur
Soyuducu Bompani BRS-620WD,,4 388.00 ₼,reytinq yoxdur,endirim yoxdur
Soyuducu Bompani EKONF505/BC,,5 920.00 ₼,reytinq yoxdur,endirim yoxdur
Soyuducu Bompani BR-146B,,856.00 ₼,reytinq yoxdur,endirim yoxdur
Soyuducu Bompani BODP281/A,,4 932.00 ₼,reytinq yoxdur,endirim yoxdur
Soyuducu Bompani BR-146 SLVR,,856.00 ₼,reytinq yoxdur,endirim yoxdur
Ticarət soyuducusu PLR-18N2 No Frost ikiqapılı gümüşü.,,1 300.00 ₼,reytinq yoxdur,endirim yoxdur
Soyuducu Bompani BOECO-635B,,3 539.00 ₼,reytinq yoxdur,endirim yoxdur
Soyuducu Bompani BOECO-425,,2 470.00 ₼,reytinq yoxdur,endirim yoxdur
"Soyuducu Ferre BCD275W, Defrost, İkiqapılı, Ağ",442.97 ₼,899.99 ₼,reytinq yoxdur,-51 %
Soyuducu Biryusa C6139 Defrost ikiqapılı gümüşü,649.97 ₼,999.99 ₼,reytinq yoxdur,-35 %
Soyuducu Bompani BR-146,,843.00 ₼,reytinq yoxdur,endirim yoxdur
Soyuducu Bompani BOCB675/C,,5 960.00 ₼,reytinq yoxdur,endirim yoxdur
Ticarət soyuducusu Snow Village SD/SC-328Y,,1 169.00 ₼,reytinq yoxdur,endirim yoxdur
Soyuducu Bompani BOK32NF/S,,5 129.00 ₼,reytinq yoxdur,endirim yoxdur
Ticarət soyuducusu PLD-15N2,,1 230.00 ₼,reytinq yoxdur,endirim yoxdur
Soyuducu Biryusa C920 No Frost ikiqapılı gümüşü,749.97 ₼,1 299.99 ₼,reytinq yoxdur,-42 %
"Soyuducu Ferre, FNF470I, No Frost, İkiqapılı, Gümüşü",787.97 ₼,1 299.99 ₼,reytinq yoxdur,-39 %
Soyuducu Bompani BO6862NFT,,2 530.00 ₼,reytinq yoxdur,endirim yoxdur
Soyuducu Teka RTF 15810 SS,,4 523.00 ₼,reytinq yoxdur,endirim yoxdur
"Soyuducu Ferre FNF440I, No Frost, İkiqapılı, Gümüşü",738.97 ₼,1 299.99 ₼,reytinq yoxdur,-43 %
Soyuducu Bosch KGN49LB30U Qara,2 526.99 ₼,3 555.00 ₼,reytinq yoxdur,-29 %
Ticarət soyuducusu PLS-18N2,,1 420.00 ₼,reytinq yoxdur,endirim yoxdur
"Soyuducu Biryusa 6133, Damcı sistemi, İkiqapılı, Ağ",639.97 ₼,999.99 ₼,reytinq yoxdur,-36 %
Soyuducu Biryusa M980 No Frost ikiqapılı gümüşü,849.97 ₼,1 499.99 ₼,reytinq yoxdur,-43 %
Soyuducu Biryusa M6133 Silver,,1 100.00 ₼,reytinq yoxdur,endirim yoxdur
Soyuducu Biryusa M553 230 l,549.99 ₼,1 099.98 ₼,reytinq yoxdur,-50 %
Soyuducu Biryusa M6134 210/85 l 165×60×62.5 sm dondurucu altda,629.99 ₼,1 259.99 ₼,reytinq yoxdur,-50 %
Soyuducu Biryusa C6139 240/80 l 60×62.5×180 sm,699.99 ₼,1 399.98 ₼,reytinq yoxdur,-50 %
Soyuducu Biryusa 551 240 l 58×145×62 sm ağ,499.99 ₼,989.99 ₼,reytinq yoxdur,-49 %
Soyuducu Yoshiro YRF-T415NF70HB 420 L Qara,1 143.99 ₼,2 300.00 ₼,reytinq yoxdur,-50 %
Soyuducu Yoshiro YRF-B400NF60HX Boz,1 124.99 ₼,2 200.00 ₼,reytinq yoxdur,-49 %
Soyuducu Bosch KGN36XL30U 324 L Gümüşü,1 839.99 ₼,2 755.00 ₼,reytinq yoxdur,-33 %
Soyuducu Yoshiro VP-YRF-B254H55W 255 L Ağ,616.99 ₼,1 025.00 ₼,reytinq yoxdur,-40 %
Əczaçılıq soyuducusu Biryusa 246K-R,3 299.00 ₼,5 099.00 ₼,reytinq yoxdur,-35 %
"Soyuducu Biryusa 6139, Damcı sistemi, İkiqapılı, Ağ",629.97 ₼,1 199.99 ₼,reytinq yoxdur,-48 %
Soyuducu Biryusa W920 No Frost ikiqapılı tünd boz,749.97 ₼,1 299.99 ₼,reytinq yoxdur,-42 %
Soyuducu Biryusa W6139 damcı sistemli ikiqapılı tünd boz,649.97 ₼,999.99 ₼,reytinq yoxdur,-35 %
Soyuducu Biryusa M6139 damcı sistemli ikiqapılı gümüşü,649.97 ₼,999.99 ₼,reytinq yoxdur,-35 %
Soyuducu Biryusa M6134 damcı sistemli ikiqapılı gümüşü,619.97 ₼,999.99 ₼,reytinq yoxdur,-38 %
Soyuducu Biryusa M6133 damcı sistemli ikiqapılı gümüşü,659.97 ₼,999.99 ₼,reytinq yoxdur,-34 %
Soyuducu Biryusa M940NF,999.99 ₼,1 399.99 ₼,5  2 reytinq,-29 %
Soyuducu Samsung RS62R5031.B4,2 488.99 ₼,2 799.99 ₼,reytinq yoxdur,-11 %
Soyuducu Vestfrost VW18NFE01S,879.69 ₼,1 129.90 ₼,3  2 reytinq,-22 %
"Soyuducu LG GR.X267CQES, qara",4 525.00 ₼,6 500.00 ₼,reytinq yoxdur,-30 %
Soyuducu Toshiba GR-RT835WE-PGYXK,2 178.99 ₼,3 179.99 ₼,reytinq yoxdur,-31 %
Soyuducu Beko RDNE55X,1 299.98 ₼,1 399.99 ₼,reytinq yoxdur,-7 %
Soyuducu Neos NSRF-314DINX,959.99 ₼,1 250.00 ₼,reytinq yoxdur,-23 %
Soyuducu Vestfrost VVW18NFE01W,888.99 ₼,1 199.99 ₼,reytinq yoxdur,-26 %
Soyuducu Indesit ITS 4200 W,909.16 ₼,1 800.00 ₼,reytinq yoxdur,-49 %
Soyuducu Hitachi HRTN7489DFGBKCS,2 399.89 ₼,3 000.00 ₼,reytinq yoxdur,-20 %
Soyuducu Beko / B3RCNK 362 HW -- LGE,1 123.83 ₼,2 100.00 ₼,reytinq yoxdur,-46 %
Soyuducu Biryusa M880NF,935.01 ₼,1 200.00 ₼,5  2 reytinq,-22 %
Soyuducu Pozis RK-149 White,799.66 ₼,1 600.00 ₼,5  2 reytinq,-50 %
Soyuducu Finlux NF 473IXL,980.00 ₼,1 360.00 ₼,reytinq yoxdur,-28 %
Soyuducu TCL TRF-465WEXPU,1 199.04 ₼,1 800.00 ₼,reytinq yoxdur,-33 %
Soyuducu Riffel 30030 MBK,979.99 ₼,1 321.00 ₼,reytinq yoxdur,-26 %
Soyuducu Regal 289 Inox Look,799.99 ₼,999.99 ₼,5  1 reytinq,-20 %
Soyuducu Eurolux SPRK_EU-RF40HNF-2SSC,,1 299.90 ₼,reytinq yoxdur,endirim yoxdur
Soyuducu Hitachi HRTN6443S Black,1 589.99 ₼,1 800.00 ₼,reytinq yoxdur,-12 %
Soyuducu Hotpoint Ariston HT 5180 AB,1 048.25 ₼,1 349.90 ₼,3  1 reytinq,-22 %
Soyuducu Pozis RK103SX,799.99 ₼,1 000.00 ₼,reytinq yoxdur,-20 %
Soyuducu Hotpoint-Ariston HTS 5180 W,1 168.52 ₼,1 400.00 ₼,5  1 reytinq,-17 %
Soyuducu Vestfrost VVW18NFE01S,899.99 ₼,1 199.99 ₼,reytinq yoxdur,-25 %
"Soyuducu Samsung RR39T7475AP-1730, No Frost, Birqapılı, Ağ",2 399.99 ₼,3 399.99 ₼,reytinq yoxdur,-29 %
Soyuducu Konka 514 DX02,899.99 ₼,1 299.99 ₼,reytinq yoxdur,-31 %
"Soyuducu Hotpoint Ariston HPAK2 6472 XP5E, 477 L, NoFrost, 1865x700x746 mm, Display, Titanium Inox - HPAK2 6472 XP5E",1 598.22 ₼,3 200.00 ₼,reytinq yoxdur,-50 %
Soyuducu Regal 379 W,869.99 ₼,1 399.99 ₼,reytinq yoxdur,-38 %
Soyuducu Pozis RK 102 W,659.90 ₼,849.90 ₼,5  1 reytinq,-22 %
Soyuducu Alneo 512 IX,1 396.44 ₼,1 999.99 ₼,reytinq yoxdur,-30 %
Soyuducu Pozis XF 140-3 W,1 058.59 ₼,1 339.90 ₼,reytinq yoxdur,-21 %
Mini soyuducu No brand Termoelektrik Birqapılı Ağ,178.99 ₼,319.99 ₼,reytinq yoxdur,-44 %
Soyuducu Pozis RK-149 Graphite,828.52 ₼,1 299.99 ₼,5  1 reytinq,-36 %
Soyuducu Regal 379 IX Look,879.99 ₼,1 300.99 ₼,reytinq yoxdur,-32 %
Soyuducu Pozis SVIYAQA-538-8 W,1 088.56 ₼,2 000.00 ₼,5  1 reytinq,-46 %
Soyuducu Beko RDNE510M20W,1 249.98 ₼,1 700.00 ₼,reytinq yoxdur,-26 %
Soyuducu Biryusa B 860 NF,939.99 ₼,1 399.99 ₼,5  1 reytinq,-33 %
Soyuducu Hotpoint Ariston HTR8202IMXO3 320 L Inox,1 499.99 ₼,2 000.00 ₼,reytinq yoxdur,-25 %
Soyuducu Pozis RK103SX İnoks,899.99 ₼,1 199.99 ₼,reytinq yoxdur,-25 %
Soyuducu Pozis RK103S Gümüş,858.99 ₼,1 299.99 ₼,reytinq yoxdur,-34 %
Soyuducu Finlux NF 473IXL LGE,1 020.17 ₼,2 400.00 ₼,reytinq yoxdur,-57 %
Soyuducu Regal 482 Inox Look,1 269.99 ₼,1 999.99 ₼,reytinq yoxdur,-37 %
Soyuducu Pozis RK 149 Silver,877.12 ₼,1 600.00 ₼,5  3 reytinq,-45 %
Soyuducu Pozis RK 103 SX,791.40 ₼,1 500.00 ₼,reytinq yoxdur,-47 %
Mini soyuducu Termoelektrik Birqapılı Ağ A+,214.99 ₼,304.99 ₼,reytinq yoxdur,-30 %
Soyuducu Hotpoint-Ariston HTR 8202I MX O3,1 297.88 ₼,1 669.90 ₼,4  1 reytinq,-22 %
Soyuducu MIR DX -120 W,758.22 ₼,999.99 ₼,reytinq yoxdur,-24 %
Soyuducu Riffel 30030 MBG,979.99 ₼,1 321.00 ₼,reytinq yoxdur,-26 %
Soyuducu Pozis RK 139 W,779.66 ₼,1 400.00 ₼,5  1 reytinq,-44 %
Soyuducu Finlux NF483IXL,1 143.41 ₼,1 500.00 ₼,reytinq yoxdur,-24 %
Soyuducu Hotpoint Ariston HPAD26472XP5E,1 699.99 ₼,2 000.99 ₼,reytinq yoxdur,-15 %
"Soyuducu Hisense RD39WCWD-BI, Total No Frost, ikiqapılı, qara",1 025.99 ₼,1 555.99 ₼,reytinq yoxdur,-34 %
"Soyuducu Pozis RK 149 SX, 370 L, A+, Inox",879.99 ₼,1 499.99 ₼,reytinq yoxdur,-41 %
Soyuducu Pozis RK 139 SX,879.67 ₼,1 129.90 ₼,reytinq yoxdur,-22 %
Soyuducu Pozis RK-139 White,839.99 ₼,1 299.99 ₼,reytinq yoxdur,-35 %
Soyuducu Hotpoint Ariston HBT18I,1 599.99 ₼,2 000.99 ₼,reytinq yoxdur,-20 %
Quruducu maşın Folding Clothes Dryer GYJ-002,50.85 ₼,94.99 ₼,2.3  3 reytinq,-46 %
Dondurucu qutu Biryusa 260KX,494.00 ₼,775.00 ₼,3.4  5 reytinq,-36 %
Qaz plitəsi Winning Star ST-9658,109.90 ₼,199.00 ₼,2.8  9 reytinq,-45 %
Qarışıq plitə Shivaki Milagro 01-K Silver,385.00 ₼,520.00 ₼,4  4 reytinq,-26 %
Qabyuyan maşın YOSHIRO YDW-VF815S38/G,731.99 ₼,1 079.90 ₼,2.5  2 reytinq,-32 %
"Qaz sobası Quick Q-6405, ağ",67.98 ₼,100.00 ₼,3.5  2 reytinq,-32 %
Qaz plitəsi Lexical LGS-2812-2,67.38 ₼,135.00 ₼,1  1 reytinq,-50 %
"Mini-paltaryuyan maşın XYJ-001, çəhrayı",43.41 ₼,80.00 ₼,3  4 reytinq,-46 %
Buz Küpü Hazırlayıcı 48,19.99 ₼,35.00 ₼,1  3 reytinq,-43 %
Qaz plitəsi Sultan SUL-2 Black,60.00 ₼,90.00 ₼,1  1 reytinq,-33 %
Paltaryuyan maşın Midea MF01610US40/T,,463.63 ₼,1  2 reytinq,endirim yoxdur
Paltaryuyan maşın LG F2V7GWL1W,987.95 ₼,1 500.00 ₼,1  1 reytinq,-34 %
Qaz plitəsi Winning Star ST-9659,54.90 ₼,91.00 ₼,1  2 reytinq,-40 %
Soyuducu Bosch KGN56CX30U,2 043.00 ₼,3 149.00 ₼,2.3  3 reytinq,-35 %
Soyuducu LG GN-B502PLGB,1 236.00 ₼,2 034.00 ₼,1.5  2 reytinq,-39 %
"Soyuducu Hisense RD39WCWD, Black",852.00 ₼,1 313.00 ₼,4.4  7 reytinq,-35 %
Soyuducu Biryusa 6139,560.00 ₼,917.00 ₼,1  1 reytinq,-39 %
Paltaryuyan maşın Samsung WW90TA047AE/LP,1 199.99 ₼,1 349.00 ₼,1  1 reytinq,-11 %
Soyuducu Samsung RT42CG6000B1WT,1 248.99 ₼,1 713.60 ₼,3  1 reytinq,-27 %
Paltaryuyan maşın Green Lion Foldable Mini Washing Machine Blue,,122.55 ₼,1.3  3 reytinq,endirim yoxdur
Paltaryuyan maşın Shivaki SE-65 - SE-65,191.58 ₼,499.00 ₼,2  2 reytinq,-62 %
Paltaryuyan maşın Beko B3WFT5942MG,1 106.00 ₼,1 722.00 ₼,3  2 reytinq,-36 %
Paltaryuyan maşın UM001000960,39.86 ₼,89.00 ₼,1  2 reytinq,-55 %
Mini paltaryuyan maşın ZISHUU_3v1,49.96 ₼,80.00 ₼,3  2 reytinq,-38 %
Paltaryuyan maşın HomeStore SCX44,89.54 ₼,135.00 ₼,1.8  5 reytinq,-34 %
Mini paltaryuyan maşın YŞ,52.98 ₼,85.00 ₼,1  1 reytinq,-38 %
Paltaryuyan maşın Electrolux EW6S3R06S,626.00 ₼,1 252.00 ₼,3  3 reytinq,-50 %
Soyuducu Beko RDNE510M20XBR,1 129.74 ₼,1 500.99 ₼,3.7  3 reytinq,-25 %
"Mini paltaryuyan maşın 60 W, ağ",9.99 ₼,15.00 ₼,1  3 reytinq,-33 %
Paltaryuyan maşın Bergamo BG-WМ1226Т-10DDG7EI,879.94 ₼,1 499.00 ₼,1  1 reytinq,-41 %
Paltaryuyan maşın MIX125 (6917190070005),49.96 ₼,120.00 ₼,3.5  2 reytinq,-58 %
Soyuducu Biryusa W-6039,749.00 ₼,799.00 ₼,1  1 reytinq,-6 %
Soyuducu Eurolux EU-RF40-UD-HNF2-BG,1 076.91 ₼,1 579.90 ₼,1  1 reytinq,-32 %
Soyuducu Samsung RF65DG90B0SRWR,3 775.99 ₼,4 999.99 ₼,reytinq yoxdur,-24 %
Soyuducu Hoffmann NFFD-180IX,1 448.99 ₼,1 800.00 ₼,5  3 reytinq,-20 %
Soyuducu Indesit ITS 4160 W,799.46 ₼,1 299.99 ₼,4.9  13 reytinq,-39 %
Paltaryuyan maşın Beko - B3WFU51240MCI,1 433.63 ₼,1 599.99 ₼,reytinq yoxdur,-10 %
Quruducu maşın LG RH90V5PVTN,1 749.62 ₼,2 599.99 ₼,1  1 reytinq,-33 %
Qarışıq plitə Hoffmann F747S,599.99 ₼,1 099.99 ₼,4  2 reytinq,-45 %
Qaz plitəsi Winning Star ST-5662,97.00 ₼,126.00 ₼,1  1 reytinq,-23 %
Soyuducu Beko B5RCNE565HXPMG,1 477.72 ₼,1 839.90 ₼,3  1 reytinq,-20 %
Paltaryuyan maşın Hisense WFVB7012MS,599.01 ₼,760.00 ₼,1  1 reytinq,-21 %
Soyuducu Bosch KDN43NW20U,1 469.98 ₼,1 849.99 ₼,3  2 reytinq,-21 %
Soyuducu Yoshiro YRF-T465NF70TX,1 050.82 ₼,1 250.00 ₼,3  1 reytinq,-16 %
Soyuducu Artel HD-316FND Black Matte,699.99 ₼,1 800.00 ₼,1  1 reytinq,-61 %
Soyuducu Samsung RB29FERNDSA/WT,1 399.99 ₼,1 750.00 ₼,3  2 reytinq,-20 %
Paltaryuyan maşın Hoffmann VSL-72010W,599.99 ₼,750.00 ₼,3  4 reytinq,-20 %
Soyuducu Biryusa W6039,698.99 ₼,1 200.00 ₼,3  4 reytinq,-42 %
Soyuducu Indesit TIA 16 S,649.99 ₼,900.00 ₼,3  2 reytinq,-28 %
Paltaryuyan maşın LG F4V5VYLOW 9 kq 1400 dövr/dəq Ağ,1 179.99 ₼,1 499.99 ₼,reytinq yoxdur,-21 %
Soyuducu YOSHIRO YRF-B435NF70MX,1 199.99 ₼,1 600.00 ₼,reytinq yoxdur,-25 %
Soyuducu Biryusa C 6035,630.00 ₼,810.00 ₼,reytinq yoxdur,-22 %
Dondurucu kamera Pozis FH250 Ağ,1 055.99 ₼,1 499.99 ₼,reytinq yoxdur,-30 %
Dondurucu qutu Midea MDRC345FZF01D De Frost 249 l ağ,565.00 ₼,1 130.00 ₼,reytinq yoxdur,-50 %
"Qaz plitəsi Lexical, 2 konforlu, mina, qəhvəyi",99.99 ₼,169.99 ₼,reytinq yoxdur,-41 %
Quruducu maşın UM001000810,,59.98 ₼,1  1 reytinq,endirim yoxdur
Soyuducu Samsung RT42CB662012WT,1 580.99 ₼,2 299.99 ₼,reytinq yoxdur,-31 %
"Soyuducu Hoffmann NFBT-186BGT, No Frost, ikiqapılı, qara",959.99 ₼,1 059.99 ₼,reytinq yoxdur,-9 %
Soyuducu Biryusa I 940 NF,899.92 ₼,1 600.00 ₼,5  1 reytinq,-44 %
Masaüstü qaz plitəsi Dreamchef ES-33442,90.00 ₼,130.00 ₼,reytinq yoxdur,-31 %
Soyuducu Samsung RS62R50312C,2 759.99 ₼,3 999.88 ₼,reytinq yoxdur,-31 %
Dondurucu kamera Uğur UDD 160 BK,722.22 ₼,950.00 ₼,reytinq yoxdur,-24 %
Soyuducu Pozis RK103G Boz,858.99 ₼,1 199.99 ₼,reytinq yoxdur,-28 %
Soyuducu LG GR.B459FQFW,1 619.99 ₼,2 999.99 ₼,reytinq yoxdur,-46 %
Soyuducu TCL P460CDB,1 749.99 ₼,2 100.00 ₼,reytinq yoxdur,-17 %
Soyuducu LG GR-X347CQFS,5 389.98 ₼,6 659.90 ₼,reytinq yoxdur,-19 %
Soyuducu Hoffmann DTF 850 AWEN,535.99 ₼,999.99 ₼,reytinq yoxdur,-46 %
Soyuducu Hoffmann NF-184SD,1 124.85 ₼,1 600.00 ₼,5  2 reytinq,-30 %
Soyuducu Finlux NF 343IXL,955.12 ₼,1 060.00 ₼,reytinq yoxdur,-10 %
Soyuducu LG GR-X267CQES,5 198.57 ₼,5 739.90 ₼,reytinq yoxdur,-9 %
Paltaryuyan maşın DARKİN 8KG 1860,823.00 ₼,1 019.00 ₼,5  1 reytinq,-19 %
Soyuducu Pozis RK139W Ağ,849.99 ₼,1 399.99 ₼,reytinq yoxdur,-39 %
Soyuducu Indesit ITS 4180 W,839.90 ₼,1 079.90 ₼,4.4  8 reytinq,-22 %
Qabyuyan maşın Vermont VT-DW8040B60GW,748.84 ₼,1 015.00 ₼,5  1 reytinq,-26 %
Soyuducu Biryusa W6134,630.01 ₼,899.99 ₼,reytinq yoxdur,-30 %
"Soyuducu Hoffmann, No Frost, Dördqapılı, Gümüşü",1 259.99 ₼,1 599.99 ₼,reytinq yoxdur,-21 %
Soyuducu LG GR-H842HLHM - GR-H842HLHM,2 139.90 ₼,2 749.90 ₼,5  1 reytinq,-22 %
Paltaryuyan maşın Geepas GWMF7126BRG Black,499.00 ₼,699.00 ₼,4.5  2 reytinq,-29 %
Paltar qurutma maşını kondensasiyalı 5 kq ağ,195.50 ₼,400.00 ₼,reytinq yoxdur,-51 %
Buz generatoru DSP damlama sistemli 1.4 l ağ,,251.50 ₼,reytinq yoxdur,endirim yoxdur
Soyuducu Pozis RK149W Ağ,858.99 ₼,1 399.99 ₼,reytinq yoxdur,-39 %
Dondurucu kamera Birusa 155KX Ağ,499.99 ₼,700.00 ₼,reytinq yoxdur,-29 %
Soyuducu Indesit ITS 5180 G LGE,939.99 ₼,1 300.00 ₼,5  1 reytinq,-28 %
Soyuducu Vestfrost VVW18NFE01X,929.99 ₼,1 299.99 ₼,reytinq yoxdur,-28 %
Soyuducu Pozis RK 102 SX,758.25 ₼,979.90 ₼,reytinq yoxdur,-23 %
Dondurucu kamera Pozis FV NF-117 S,1 025.99 ₼,1 599.99 ₼,reytinq yoxdur,-36 %
Paltaryuyan maşın WM RIFFEL WMRF 94410 - WM RIFFEL WMRF 94410,1 600.18 ₼,3 000.00 ₼,reytinq yoxdur,-47 %
"Paltaryuyan maşın Hoffmann WMH9014T, tünd boz, 9 kq, ön yükləmə, rəqəmsal idarəetmə - WMH9014T",717.90 ₼,1 299.99 ₼,5  7 reytinq,-45 %
Qabyuyan maşın Whirlpool WSIC 3M27C,1 112.99 ₼,1 899.99 ₼,reytinq yoxdur,-41 %
Paltaryuyan maşın Eurolux EU.WM1437S-7BLDW,873.75 ₼,1 200.00 ₼,reytinq yoxdur,-27 %
Soyuducu Samsung RB29FERNDSA/WR,1 299.99 ₼,1 500.00 ₼,5  2 reytinq,-13 %
Dondurucu qutu Biryusa 210KX 200L,449.99 ₼,699.99 ₼,reytinq yoxdur,-36 %
Paltaryuyan maşın Samsung WW80AGAS21AX,1 111.99 ₼,1 599.99 ₼,reytinq yoxdur,-31 %
"Qaz plitəsi Lexical 5 ocaq, paslanmayan polad, 12.85 kW",269.99 ₼,550.00 ₼,reytinq yoxdur,-51 %
Soyuducu Biryusa 120 ağ,580.00 ₼,700.00 ₼,reytinq yoxdur,-17 %
Soyuducu Pozis RK139B Qara,899.99 ₼,1 299.99 ₼,reytinq yoxdur,-31 %
"Buz generatoru Avinas, Əl, Gümüşü, 2.2 L",369.90 ₼,511.80 ₼,reytinq yoxdur,-28 %
"Digər mətbəx ləvazimatları Qaz sobası, bir gözlü, asan təmizlənən, vahid istilik, sadə əməliyyat - TW-RZR8500G",27.99 ₼,44.00 ₼,reytinq yoxdur,-36 %
Paltaryuyan maşın Toshiba TWBN80C2UZ-MK 8 kq,789.99 ₼,989.99 ₼,reytinq yoxdur,-20 %
Paltaryuyan maşın Konka KG 7021GR,639.99 ₼,999.99 ₼,reytinq yoxdur,-36 %
Soyuducu Pozis RK-103 Graphite,788.21 ₼,1 019.90 ₼,3  2 reytinq,-23 %
Paltaryuyan maşın Hoffmann VSL-72010S,574.99 ₼,1 000.00 ₼,4.1  34 reytinq,-43 %
Soyuducu Indesit ITS4160W Ağ,825.99 ₼,1 299.99 ₼,reytinq yoxdur,-36 %
Soyuducu Hisense RD39WC White,999.98 ₼,1 099.99 ₼,reytinq yoxdur,-9 %
Paltaryuyan maşın Winning Star ST-XPB130-2009SVA,324.00 ₼,920.00 ₼,reytinq yoxdur,-65 %
Soyuducu Biryusa 108,499.99 ₼,650.00 ₼,3.7  3 reytinq,-23 %
Soyuducu Beko B5RCNE565HXPBG,1 899.99 ₼,2 599.99 ₼,reytinq yoxdur,-27 %
Soyuducu Birusa 960NF,855.99 ₼,1 000.00 ₼,reytinq yoxdur,-14 %
Dondurucu qutu Uğur UMD 1850,5 873.18 ₼,12 000.00 ₼,reytinq yoxdur,-51 %
Paltaryuyan maşın Eurolux EU-WM1234S-7BLDG 7 kq 1200 dövr/dəq Boz,834.97 ₼,1 800.00 ₼,reytinq yoxdur,-54 %
Soyuducu Hisense RD39WCR Inox,934.76 ₼,1 299.99 ₼,1  1 reytinq,-28 %
Paltaryuyan maşın Beko WSRE 6512 PRW,589.90 ₼,759.90 ₼,3.9  22 reytinq,-22 %
Soyuducu Hoffmann NF-167SX,799.99 ₼,1 200.00 ₼,reytinq yoxdur,-33 %
Paltaryuyan maşın Darkin DK6001S,529.00 ₼,599.00 ₼,reytinq yoxdur,-12 %
Paltaryuyan maşın LG F2V9GW9P-LTS,1 117.46 ₼,1 599.99 ₼,5  1 reytinq,-30 %
Dondurucu qutu Yoshiro YFZ-C508DF164HW 508 l,1 099.00 ₼,1 199.00 ₼,reytinq yoxdur,-8 %
Qabyuyan Beko BDFN356-20S,629.30 ₼,799.99 ₼,reytinq yoxdur,-21 %
Soyuducu Beko B3RDNE66HXB,1 638.99 ₼,2 300.00 ₼,reytinq yoxdur,-29 %
Paltaryuyan maşın Hisense WFQP8014EVMTG,899.99 ₼,1 399.99 ₼,reytinq yoxdur,-36 %
Paltaryuyan LG F2V9GW9P 8.5 kq Color Qrafit,1 119.99 ₼,1 550.99 ₼,reytinq yoxdur,-28 %
Quruducu maşın Samsung DV90BBA245AWLP,1 529.99 ₼,1 999.99 ₼,5  1 reytinq,-24 %
Soyuducu Biryusa M 108,428.53 ₼,570.00 ₼,reytinq yoxdur,-25 %
Dondurucu qutu Pozis FH-258-1,,999.00 ₼,reytinq yoxdur,endirim yoxdur
Soyuducu Pozis XF 250-3 W,1 099.53 ₼,1 999.99 ₼,reytinq yoxdur,-45 %
Paltaryuyan maşın LG F2V7GWL1W-LG 7 kg 1200 dövr/dəq Ağ,1 099.99 ₼,1 698.00 ₼,1  1 reytinq,-35 %
Paltaryuyan maşın LG F2J3HYL5W - AZR F2J3HYL5W AZR,979.99 ₼,1 299.00 ₼,reytinq yoxdur,-25 %
Soyuducu Regal 4320 IX,1 199.99 ₼,1 699.99 ₼,reytinq yoxdur,-29 %
Quruducu maşın SH-009,55.00 ₼,58.99 ₼,5  3 reytinq,-7 %
Soyuducu Pozis RK102W Ağ,799.99 ₼,999.99 ₼,reytinq yoxdur,-20 %
Soyuducu Hoffmann DTF492W Ağ,187.99 ₼,375.98 ₼,reytinq yoxdur,-50 %
Quruducu maşın SAMSUNG DV90BB9445GHLP,1 947.99 ₼,2 599.99 ₼,reytinq yoxdur,-25 %
Soyuducu Hotpoint-Ariston HTR 5180 M,1 148.99 ₼,2 000.00 ₼,reytinq yoxdur,-43 %
Mini soyuducu Silver LZ-773831 Defrost birqapılı boz.,329.99 ₼,700.00 ₼,reytinq yoxdur,-53 %
Dondurucu kamera Pozis FV NF-117 Silver,1 025.99 ₼,1 425.99 ₼,5  2 reytinq,-28 %
Paltaryuyan maşın Artel SE65 Blue,290.00 ₼,350.00 ₼,5  3 reytinq,-17 %
Soyuducu Winning Star ST-BCD-118L,322.00 ₼,418.00 ₼,5  1 reytinq,-23 %
Soyuducu Hotpoint-Ariston HTS 5200 S,1 318.55 ₼,1 699.90 ₼,reytinq yoxdur,-22 %
Soyuducu Biryusa M108,420.00 ₼,600.00 ₼,4.6  8 reytinq,-30 %
Qaz plitəsi RAF R.8500 Black,25.00 ₼,55.00 ₼,reytinq yoxdur,-55 %
"Paltaryuyan maşın Haley KL-774017, 2 kq",79.99 ₼,150.00 ₼,reytinq yoxdur,-47 %
"Qabyuyan maşın Whirlpool WIO 3T226 PFG, 14 dəst, 42 dB, A++",1 259.99 ₼,1 699.99 ₼,reytinq yoxdur,-26 %
Soyuducu Biryusa M290,698.00 ₼,950.00 ₼,5  1 reytinq,-27 %
Soyuducu Samsung RB31FERDNS9,1 400.00 ₼,1 650.00 ₼,5  1 reytinq,-15 %
Qabyuyan maşın Beko BDFN36531GB,1 106.48 ₼,1 299.99 ₼,5  1 reytinq,-15 %
Soyuducu Hoffmann NF-785X LGE,1 050.11 ₼,2 000.00 ₼,reytinq yoxdur,-47 %
"Buz generatoru Winning Star ST-9501, ağ",,260.00 ₼,reytinq yoxdur,endirim yoxdur
Paltaryuyan maşın BEKO WM419CAI,1 099.98 ₼,1 599.99 ₼,5  3 reytinq,-31 %
Soyuducu Lotus LT3181 RFBG Beige,991.60 ₼,1 200.00 ₼,reytinq yoxdur,-17 %
Soyuducu Pozis RK 139 S,809.65 ₼,1 039.90 ₼,5  1 reytinq,-22 %
"Paltaryuyan maşın Mini MP-2680, Bənövşəyi, 10 kq, 150 dövr/dəq",,62.99 ₼,reytinq yoxdur,endirim yoxdur
Soyuducu Beko B1RCSK272G,879.98 ₼,999.99 ₼,5  3 reytinq,-12 %
Soyuducu LG GR.F679HLHL,1 534.12 ₼,1 960.00 ₼,5  1 reytinq,-22 %
Qabyuyan maşın Hotpoint HFC 3B19 X,1 099.76 ₼,1 300.00 ₼,reytinq yoxdur,-15 %
Paltaryuyan maşın LG W4W8BVPKZHM,4 887.18 ₼,9 000.00 ₼,reytinq yoxdur,-46 %
Soyuducu Biryusa 135,658.99 ₼,750.00 ₼,reytinq yoxdur,-12 %
"Qabyuyan maşın Hotpoint Ariston HI5D84DW, 15 dəst, 8 proqram, A enerji, 44 dB",989.99 ₼,1 122.99 ₼,reytinq yoxdur,-12 %
"Buz generatoru Winning Star ST-9501, Damlama sistemi, Ağ, 1.2 L",,299.99 ₼,reytinq yoxdur,endirim yoxdur
Paltaryuyan maşın Eurolux EU-WM1477S-8BLDG 8 kq 1400 dövr/dəq,1 210.00 ₼,2 200.00 ₼,reytinq yoxdur,-45 %
Soyuducu Finlux ST 374IBG,699.01 ₼,999.00 ₼,5  2 reytinq,-30 %
Paltaryuyan maşın Samsung WW70A4S21EELP,1 118.99 ₼,1 243.33 ₼,reytinq yoxdur,-10 %
Soyuducu Hoffmann NFB-167SN,899.32 ₼,1 200.00 ₼,reytinq yoxdur,-25 %
Soyuducu Bosch KDN76XL30 U,2 590.00 ₼,5 000.00 ₼,reytinq yoxdur,-48 %
Soyuducu Hotpoint Ariston HT 5180 MX,1 158.22 ₼,2 000.00 ₼,reytinq yoxdur,-42 %
Soyuducu Beko 455E40DSN,1 222.99 ₼,1 599.99 ₼,5  1 reytinq,-24 %
Qabyuyan maşın Bosch SMS4IMB62Q Inox,1 455.99 ₼,1 999.99 ₼,reytinq yoxdur,-27 %
Paltaryuyan maşın Beko WSRE6512PRW,689.99 ₼,999.99 ₼,5  1 reytinq,-31 %
Soyuducu LG GR-F589BQCM.AMCQMER,1 997.00 ₼,4 000.00 ₼,reytinq yoxdur,-50 %
Paltaryuyan maşın Samsung WW70T3020BW,799.99 ₼,1 300.00 ₼,5  2 reytinq,-38 %
Soyuducu Hitachi R-V660PUC7 BSL LGE,2 144.99 ₼,4 200.00 ₼,reytinq yoxdur,-49 %
Paltaryuyan Bosch WGB24400ME,2 079.90 ₼,2 669.90 ₼,reytinq yoxdur,-22 %
Soyuducu Pozis RK 149 White,861.73 ₼,1 299.99 ₼,reytinq yoxdur,-34 %
Soyuducu Beko B3RDNE66HXB - B3RDNE66HXB boz,1 732.02 ₼,2 199.99 ₼,reytinq yoxdur,-21 %
Qaz plitəsi polad qara,,34.89 ₼,reytinq yoxdur,endirim yoxdur
Quraşdırılan qabyuyan maşın Bosch SMI4IMS62T,1 777.18 ₼,3 600.00 ₼,reytinq yoxdur,-51 %
Soyuducu Samsung RB50DG602EB1WR 520 L Qara,1 798.99 ₼,2 099.98 ₼,reytinq yoxdur,-14 %
Soyuducu Biryusa M 118,518.53 ₼,699.99 ₼,reytinq yoxdur,-26 %
Soyuducu Pozis XF 400-3 W,1 569.90 ₼,2 129.90 ₼,reytinq yoxdur,-26 %
Soyuducu TCL P545TMG,,1 999.99 ₼,reytinq yoxdur,endirim yoxdur
Paltaryuyan maşın Beko WSRE 6512 PRS,699.99 ₼,1 199.99 ₼,4.2  22 reytinq,-42 %
Paltaryuyan maşın LG F0L9DYP2S - AZR F0L9DYP2S AZR,2 004.45 ₼,4 008.90 ₼,reytinq yoxdur,-50 %
Soyuducu Biryusa B-6134,637.96 ₼,829.90 ₼,reytinq yoxdur,-23 %
Soyuducu LG GR-A34FDMKB,8 999.99 ₼,15 000.00 ₼,reytinq yoxdur,-40 %
Soyuducu Biryusa M860NF,915.00 ₼,1 100.00 ₼,reytinq yoxdur,-17 %
Dondurucu qutu Uğur UDD 200 BK,789.99 ₼,1 099.00 ₼,reytinq yoxdur,-28 %
Paltaryuyan maşın Samsung - WW11CGC04CAE,1 273.02 ₼,2 400.00 ₼,5  1 reytinq,-47 %
"Paltaryuyan maşın Oujisang, Ağ, 6 kq, 600 dövr/dəq",130.00 ₼,180.00 ₼,reytinq yoxdur,-28 %
Paltaryuyan Samsung WW80AG6S28.ABLP,1 169.99 ₼,1 999.99 ₼,5  1 reytinq,-42 %
Soyuducu Bosch KGN49LB30U NoFrost,2 005.00 ₼,4 010.00 ₼,reytinq yoxdur,-50 %
"Mini soyuducu Silver LZ-773836, Defrost, Birqapılı, Qara",299.99 ₼,600.00 ₼,reytinq yoxdur,-50 %
Paltaryuyan maşın Toshiba TW-BK90G4UZ(SK),950.01 ₼,1 299.99 ₼,reytinq yoxdur,-27 %
"Mini soyuducu, birqapılı, qara",380.50 ₼,430.00 ₼,reytinq yoxdur,-12 %
Dondurucu kamera Pozis FH2581 Ağ,1 099.99 ₼,1 499.99 ₼,reytinq yoxdur,-27 %
Quruducu maşın LG RH10V9PV2W.BPTPMEA,2 159.99 ₼,2 599.00 ₼,5  1 reytinq,-17 %
Buz generatoru Sonifer 1.2 l ağ.,229.99 ₼,350.00 ₼,reytinq yoxdur,-34 %
Soyuducu Hoffmann NF-785X,1 149.98 ₼,2 149.99 ₼,reytinq yoxdur,-47 %
Qabyuyan maşın Beko BDFN26530X LGE,775.98 ₼,999.99 ₼,reytinq yoxdur,-22 %
Soyuducu Toshiba GR-RT468WE-PMJ(37),1 237.99 ₼,2 000.00 ₼,5  2 reytinq,-38 %
"Dondurucu kamera Winning Star, VB-773887, Buz generatoru, Damlama sistemi, Gümüşü, 2.5 L",499.99 ₼,750.00 ₼,reytinq yoxdur,-33 %
"Qaz plitəsi No brand, 2 konfor, metal, yaşıl",,175.99 ₼,reytinq yoxdur,endirim yoxdur
Soyuducu Indesit ITS4180W,1 017.64 ₼,1 299.99 ₼,reytinq yoxdur,-22 %
"Portativ paltaryuyan maşın, yaşıl",,44.90 ₼,reytinq yoxdur,endirim yoxdur
Dondurucu qutu Pozis FH-256-1,648.13 ₼,1 200.00 ₼,reytinq yoxdur,-46 %
Soyuducu Biryusa M 110,478.55 ₼,577.90 ₼,reytinq yoxdur,-17 %
"Dondurucu qutu Midea MDRC283FZF01D, De Frost, Ağ, 198 L",473.56 ₼,947.12 ₼,reytinq yoxdur,-50 %
Dondurucu qutu Ugur UDD 200 SC,780.01 ₼,1 600.00 ₼,reytinq yoxdur,-51 %
Paltaryuyan maşın 1 kq ağ-qəhvəyi,,70.00 ₼,reytinq yoxdur,endirim yoxdur
Paltaryuyan maşın Darkın D-R NANO1860,899.00 ₼,999.00 ₼,reytinq yoxdur,-10 %
Soyuducu Biryusa M6039,650.00 ₼,850.00 ₼,5  1 reytinq,-24 %
Soyuducu LG GN-C732SGGM.ABMQMER,2 089.99 ₼,3 999.99 ₼,reytinq yoxdur,-48 %
Soyuducu LG GR-X29FFQAB 635 L Qara,5 199.99 ₼,9 999.99 ₼,reytinq yoxdur,-48 %
Soyuducu Pozis RKFNF170B,1 200.07 ₼,1 399.99 ₼,reytinq yoxdur,-14 %
"Dondurucu qutu Silver, LZ-773837, De Frost, Qara, 100 L",439.99 ₼,700.00 ₼,reytinq yoxdur,-37 %
Soyuducu Indesit TIA16 G 296 l Boz,722.91 ₼,1 233.66 ₼,reytinq yoxdur,-41 %
"Qabyuyan maşın Whirlpool WFE2B19X, 13 dəst, 5 proqram, A+ enerji, 49 dB, İnoks",939.99 ₼,1 199.99 ₼,reytinq yoxdur,-22 %
"Paltaryuyan maşın Bergamo BG-WM1226T-10DDG7EI, 10 kq, 1200 rpm, A+++ (BG-WМ1226Т-10DDG7EI AABIG)",1 009.97 ₼,2 000.00 ₼,reytinq yoxdur,-50 %
Qabyuyan maşın LG DFB512FW.ABWPARA,1 389.99 ₼,1 499.00 ₼,reytinq yoxdur,-7 %
Paltaryuyan maşın Taube TB7012J,540.00 ₼,630.00 ₼,reytinq yoxdur,-14 %
"Paltaryuyan maşın Mini MP-2690, Mavi, 5 kq, 150 dövr/dəq",,42.99 ₼,reytinq yoxdur,endirim yoxdur
Soyuducu Biryusa BR I 940 NF,949.99 ₼,1 500.00 ₼,4.8  5 reytinq,-37 %
Quruducu maşın Vestel TDC7GPT2,699.90 ₼,1 099.98 ₼,reytinq yoxdur,-36 %
Paltaryuyan maşın Bosch WGB2440XME (4242005419142),2 180.00 ₼,2 350.00 ₼,5  1 reytinq,-7 %
Quruducu maşın Regal TDCN8F4TW,717.61 ₼,1 200.99 ₼,reytinq yoxdur,-40 %
Dondurucu şkaf Biryusa M6147NF No Frost 280 l ağ,799.99 ₼,1 299.99 ₼,reytinq yoxdur,-38 %
Qarışıq soba Artel Milagro 01-K Black,,775.90 ₼,4.3  3 reytinq,endirim yoxdur
Dondurucu kamera Pozis FH2501 Ağ,899.99 ₼,1 299.99 ₼,reytinq yoxdur,-31 %
Dondurucu kamera Hoffmann FRZ-143W Ağ 143 l,727.99 ₼,1 399.99 ₼,reytinq yoxdur,-48 %
"Mini paltaryuyan maşın Oujisang, yaşıl, 6 kq, 600 dövr/dəq",,156.00 ₼,reytinq yoxdur,endirim yoxdur
Dondurucu kamera Hotpoint-Ariston HFZ 6175 W,1 499.77 ₼,2 000.00 ₼,reytinq yoxdur,-25 %
Soyuducu LG GR.B267SLWL,2 400.00 ₼,2 599.99 ₼,reytinq yoxdur,-8 %
Soyuducu LG GR-F589BLCM,1 999.99 ₼,2 500.00 ₼,5  8 reytinq,-20 %
Soyuducu Beko B3RCNK362HX LGE,1 099.99 ₼,1 399.99 ₼,reytinq yoxdur,-21 %
Qaz plitəsi İL-5077,,195.00 ₼,reytinq yoxdur,endirim yoxdur
Soyuducu Pozis RK 149 Silver Metallic (RK149SX),839.90 ₼,1 079.90 ₼,reytinq yoxdur,-22 %
Paltaryuyan maşın Bergamo BG-WМ1425T-10DS3CI 10 kq 1400 dövrə Gümüşü,991.08 ₼,2 000.00 ₼,reytinq yoxdur,-50 %
Paltaryuyan Electrolux PerfectCare 600 EW6F4R28B,819.90 ₼,1 059.90 ₼,5  1 reytinq,-23 %
Soyuducu Biryusa BM960NF 340 L Ağ/gümüşü,885.99 ₼,1 200.00 ₼,reytinq yoxdur,-26 %
Paltaryuyan maşın YT-50-33 Mini - YT-50-33,59.99 ₼,75.00 ₼,reytinq yoxdur,-20 %
"Soyuducu Biryusa B-C6135, İkiqapılı, Boz",639.99 ₼,839.99 ₼,reytinq yoxdur,-24 %
Paltaryuyan LG F2J3HYL5L,989.99 ₼,1 250.00 ₼,reytinq yoxdur,-21 %
Paltaryuyan maşın LG F2V5HS2S,1 299.99 ₼,1 499.99 ₼,5  3 reytinq,-13 %
Soyuducu Konka 531 G01 Gold,1 459.99 ₼,2 100.99 ₼,reytinq yoxdur,-31 %
Soyuducu Samsung RT53DG7B60S9WR,1 999.99 ₼,2 499.99 ₼,5  2 reytinq,-20 %
Paltaryuyan Beko WTV - 8612-XMCI2,879.99 ₼,1 600.00 ₼,reytinq yoxdur,-45 %
"Portativ paltar yuyan maşın No brand, Bənövşəyi, 10 kq, 150 dövr/dəq",89.99 ₼,150.00 ₼,reytinq yoxdur,-40 %
Dondurucu kamera Hoffmann FR-567WNL,459.98 ₼,799.98 ₼,reytinq yoxdur,-43 %
Qaz plitəsi RAF R.8503,,33.40 ₼,reytinq yoxdur,endirim yoxdur
Soyuducu Indesit ITS4180NG 298 l Tünd boz,854.40 ₼,1 000.22 ₼,reytinq yoxdur,-15 %
Soyuducu Pozis RK-103 Black,769.68 ₼,1 199.99 ₼,5  1 reytinq,-36 %
Dondurucu kamera Pozis FH2561 Ağ,699.99 ₼,999.99 ₼,reytinq yoxdur,-30 %
Mini paltaryuyan maşın home b43,,122.98 ₼,reytinq yoxdur,endirim yoxdur
Paltaryuyan maşın Samsung WW90T4041CX,1 210.01 ₼,1 559.00 ₼,reytinq yoxdur,-22 %
Soyuducu Hoffmann NFBL -180S,899.99 ₼,1 200.00 ₼,reytinq yoxdur,-25 %
Paltaryuyan maşın LG W1S1CVKK2HM,6 058.58 ₼,7 100.00 ₼,reytinq yoxdur,-15 %
Soyuducu Hotpoint HPAD2 6472 XP5E,1 559.90 ₼,1 999.90 ₼,reytinq yoxdur,-22 %
Soyuducu Indesit IFFT510N01TS,1 442.74 ₼,2 100.00 ₼,reytinq yoxdur,-31 %
Paltarqurudan maşın Hotpoint Ariston NT M11 82SK EU,1 318.24 ₼,1 999.99 ₼,reytinq yoxdur,-34 %
Soyuducu Samsung RS61R5001M9 White,2 498.99 ₼,2 860.00 ₼,reytinq yoxdur,-13 %
Spyuducu Midea MDRM691MIE45,1 599.99 ₼,1 800.00 ₼,5  1 reytinq,-11 %
Soyuducu Toshiba GRRT624WEPMJ06G - GRRT624WEPMJ06G,1 399.99 ₼,2 499.99 ₼,reytinq yoxdur,-44 %
Soyuducu Biryusa 6033,819.99 ₼,1 399.99 ₼,reytinq yoxdur,-41 %
Soyuducu Pozis RK FNF 172 Black,968.52 ₼,1 499.99 ₼,5  2 reytinq,-35 %
Dondurucu kamera Biryusa B240KVS 220 litr Ağ,545.01 ₼,899.99 ₼,reytinq yoxdur,-39 %
Qabyuyan maşın Hotpoint Ariston HFC3C41CWX,1 199.99 ₼,2 500.00 ₼,reytinq yoxdur,-52 %
Soyuducu Toshiba GR-RT835WE-PGJXK .,2 189.99 ₼,2 999.99 ₼,reytinq yoxdur,-27 %
Paltaryuyan maşın LG F2V9GW9P,1 198.99 ₼,1 300.00 ₼,4.7  59 reytinq,-8 %
Soyuducu LG GR-B452PGFK,1 790.48 ₼,3 900.00 ₼,reytinq yoxdur,-54 %
Soyuducu LG GR-B642PFFQ.DPYQMEA,1 491.12 ₼,1 850.00 ₼,5  1 reytinq,-19 %
Soyuducu Samsung RT42CG6420S9WT,1 355.99 ₼,1 600.00 ₼,5  3 reytinq,-15 %
Soyuducu Biryusa M920NF Silver,759.99 ₼,1 400.00 ₼,reytinq yoxdur,-46 %
Dondurucu qutu Uğur UMD 2500,7 251.15 ₼,14 000.00 ₼,reytinq yoxdur,-48 %
"Portativ paltar yuyan maşın No brand, Mavi, 5 kq, 150 dövr/dəq",49.99 ₼,100.00 ₼,reytinq yoxdur,-50 %
Soyuducu Bosch KDD86AI31M,2 999.99 ₼,4 200.00 ₼,reytinq yoxdur,-29 %
Dondurucu kamera Pozis FH258 Ağ,1 199.99 ₼,1 499.99 ₼,reytinq yoxdur,-20 %
Dondurucu kamera Pozis FH255 Ağ,1 133.62 ₼,1 299.99 ₼,reytinq yoxdur,-13 %
Paltaryuyan maşın Hisense WFPV7012MT,598.99 ₼,1 000.00 ₼,5  1 reytinq,-40 %
Soyuducu Yoshiro YRF-B400NF60HX,759.90 ₼,859.00 ₼,5  1 reytinq,-12 %
Soyuducu Pozis RK139SX Inox,899.99 ₼,1 300.00 ₼,reytinq yoxdur,-31 %
Soyuducu Artel HD-316FND Silver,645.50 ₼,945.00 ₼,reytinq yoxdur,-32 %
"Portativ Paltar Qurutma Maşını, qurudulma çantası ilə birgə",64.99 ₼,130.00 ₼,reytinq yoxdur,-50 %
Soyuducu Vestfrost VW18NFE01X,889.66 ₼,999.99 ₼,reytinq yoxdur,-11 %
Dondurucu kamera Pozis 106 2,692.49 ₼,1 029.90 ₼,reytinq yoxdur,-33 %
"Dondurucu şkaf Samsung RZ32T7435AP, gümüşü, 323 L",2 499.99 ₼,3 499.99 ₼,reytinq yoxdur,-29 %
"Dondurucu qutu Hisense FT300N1AW1, ağ, 297 L",639.99 ₼,999.99 ₼,reytinq yoxdur,-36 %
Soyuducu Indesit ITS 4160 G + Qızıl zəmanət,879.90 ₼,1 080.00 ₼,reytinq yoxdur,-19 %
Quruducu maşın Beko B5T89243M,1 570.04 ₼,3 000.00 ₼,reytinq yoxdur,-48 %
Dondurucu qutu Ugur UDD 500 SCEBN,2 041.63 ₼,3 999.99 ₼,reytinq yoxdur,-49 %
Paltaryuyan maşın Bosch WIW24342EU 8 kq Ağ,2 999.93 ₼,4 000.00 ₼,reytinq yoxdur,-25 %
Soyuducu Hoffmann NFB186DS,828.91 ₼,1 000.00 ₼,reytinq yoxdur,-17 %
Soyuducu Pozis RK149G,899.99 ₼,1 400.00 ₼,reytinq yoxdur,-36 %
Paltaryuyan maşın BEKO WM418CMI,989.54 ₼,1 100.00 ₼,reytinq yoxdur,-10 %
Paltaryuyan maşın Beko B5DF T 59442 M,1 138.99 ₼,1 784.00 ₼,reytinq yoxdur,-36 %
"Masaüstü qaz plitəsi DSP KD-5073, 2 konfor, Metal, Ağ",49.72 ₼,100.00 ₼,reytinq yoxdur,-50 %
Soyuducu Hoffmann DFT-167S,509.00 ₼,799.00 ₼,4.9  19 reytinq,-36 %
Soyuducu Hitachi R-B410PUC6-BBK LGE,1 399.99 ₼,1 999.99 ₼,reytinq yoxdur,-30 %
Paltaryuyan maşın Samsung WW10T654CLX,1 455.01 ₼,1 699.99 ₼,reytinq yoxdur,-14 %
Paltaryuyan maşını LG F2J3HYL5W.ABWPMER,998.75 ₼,1 500.00 ₼,5  4 reytinq,-33 %
Soyuducu Pozis RK 103 Silver,789.67 ₼,1 019.90 ₼,5  1 reytinq,-23 %
Qaz plitəsi DSP KD-5077,62.49 ₼,100.00 ₼,4.3  7 reytinq,-38 %
Paltaryuyan maşın Hoffmann VSL-6100W,529.99 ₼,750.00 ₼,4.5  35 reytinq,-29 %
Paltaryuyan maşın Eurolux EU.WM1437S-7BLDW 7 kq 1400 dövr Ağ,759.99 ₼,1 500.00 ₼,reytinq yoxdur,-49 %
Soyuducu Biryusa M820NF,799.99 ₼,1 150.00 ₼,reytinq yoxdur,-30 %
Soyuducu Pozis RK139S Gümüş,899.99 ₼,1 399.99 ₼,reytinq yoxdur,-36 %
Soyuducu Yoshiro YRF-M431NF83TX,1 349.99 ₼,1 650.00 ₼,5  2 reytinq,-18 %
Soyuducu Hotpoint Ariston HTR8202IMXO3,1 399.99 ₼,2 000.99 ₼,reytinq yoxdur,-30 %
Soyuducu Pozis RK 139 B,789.66 ₼,1 199.99 ₼,5  2 reytinq,-34 %
Paltaryuyan maşın Whirlpool FFB 8458 BV EE,1 190.57 ₼,2 000.00 ₼,reytinq yoxdur,-40 %
Quruducu maşın Samsung DV90BBA245ABLP,1 748.99 ₼,3 000.00 ₼,4.7  3 reytinq,-42 %
Dondurucu qutu Hoffmann FR-567WN,390.00 ₼,599.99 ₼,5  13 reytinq,-35 %
Paltaryuyan maşın 269854-HVB43,69.10 ₼,144.80 ₼,1.5  2 reytinq,-52 %
Soyuducu Hotpoint Ariston HTS5180W,1 364.44 ₼,1 500.99 ₼,reytinq yoxdur,-9 %
Paltaryuyan maşın Samsung WD11DB8B85GHLP,1 999.99 ₼,2 700.00 ₼,5  1 reytinq,-26 %
Qarışıq soba Alneo 6032 White,469.99 ₼,758.99 ₼,reytinq yoxdur,-38 %
"Mini soyuducu Silver LZ-773835, Deаrost, Birqapılı, Ağ",439.99 ₼,750.00 ₼,5  1 reytinq,-41 %
"Qabyuyan maşın Beko BDFN35620S, boz",729.99 ₼,999.99 ₼,reytinq yoxdur,-27 %
"Soyuducu HOFFMANN NFB-186DS No Frost, 186 litr, A+ enerji sinfi, mexaniki idarəetmə, səssiz işləmə, LED işıqlandırma, şüşə rəflər, gümüşü rəng - NFB-186DS",987.88 ₼,1 599.99 ₼,reytinq yoxdur,-38 %
Soyuducu Regal 492 Inox Look,1 339.99 ₼,1 999.99 ₼,reytinq yoxdur,-33 %
Soyuducu Indesit DS 3201 W (UA),847.99 ₼,1 299.99 ₼,reytinq yoxdur,-35 %
Dondurucu qutu Pozis FH-258,1 159.00 ₼,1 500.00 ₼,reytinq yoxdur,-23 %
Dondurucu qutu Ugur UDD 300 SC,1 000.01 ₼,1 600.00 ₼,reytinq yoxdur,-37 %
Soyuducu Eurolux EU-RF20HNF-2STM,669.64 ₼,1 200.00 ₼,5  2 reytinq,-44 %
Soyuducu Hitachi R-BG410PUN6 GBK,1 249.99 ₼,2 400.00 ₼,reytinq yoxdur,-48 %
Dondurucu qutu Biryusa 210 KX,518.75 ₼,699.99 ₼,reytinq yoxdur,-26 %
Soyuducu Biryusa B860NF,1 090.01 ₼,1 300.00 ₼,5  1 reytinq,-16 %
Soyuducu Konka 514 B01,1 099.99 ₼,1 599.99 ₼,reytinq yoxdur,-31 %
"Paltaryuyan maşın Hisense WF1I7022BTJ2/A, Gümüşü, 7 kq, 1200 dövr/dəq",589.99 ₼,789.99 ₼,reytinq yoxdur,-25 %
Soyuducu Samsung RF65DB970012WT,6 245.99 ₼,9 999.99 ₼,reytinq yoxdur,-38 %
Paltaryuyan maşın LG F1296HDS4-LTS,,989.99 ₼,5  2 reytinq,endirim yoxdur
Soyuducu 379 Regal Beige,938.99 ₼,1 039.99 ₼,reytinq yoxdur,-10 %
Mini soyuducu HW-10LAD,179.00 ₼,199.00 ₼,3.5  2 reytinq,-10 %
Soyuducu Hotpoint HBT 400I,2 097.92 ₼,2 419.90 ₼,reytinq yoxdur,-13 %
"Paltaryuyan maşın Samsung WW70AGS23AT, ağ",969.99 ₼,1 299.99 ₼,reytinq yoxdur,-25 %
Paltaryuyan maşın SHL-2118 mini butulka formalı - SHL-2118,49.99 ₼,62.50 ₼,reytinq yoxdur,-20 %
Qabyuyan maşın Bosch SMS4IKI51Q,1 009.00 ₼,1 549.00 ₼,reytinq yoxdur,-35 %
Paltaryuyan maşın Beko WDB7425R2W,1 059.99 ₼,2 200.00 ₼,reytinq yoxdur,-52 %
Qabyuyan maşın Whirlpool WFE 2B19 X,968.54 ₼,1 122.99 ₼,reytinq yoxdur,-14 %
Qabyuyan maşın Eurolux EU-DW9218B60GS LGE,830.00 ₼,1 050.00 ₼,reytinq yoxdur,-21 %
Soyuducu Pozis RK103B,858.99 ₼,1 199.99 ₼,reytinq yoxdur,-28 %
Paltaryuyan maşın LG F4V5VYL2P,1 189.00 ₼,1 999.99 ₼,5  9 reytinq,-41 %
Soyuducu Indesit ITS4160G Gümüşü,799.99 ₼,1 000.99 ₼,reytinq yoxdur,-20 %
Qarışıq plitə Hoffmann F767W,640.99 ₼,1 199.99 ₼,5  1 reytinq,-47 %
Soyuducu Biryusa B-551,479.90 ₼,619.90 ₼,5  1 reytinq,-23 %
Paltaryuyan maşın Eurolux EU-WM1278S-10BLDG,1 083.67 ₼,1 799.99 ₼,reytinq yoxdur,-40 %
"Buz generatoru Silver TG-773761, De Frost, Qara, 228 L",199.99 ₼,400.00 ₼,reytinq yoxdur,-50 %
"Qabyuyan maşın Eurolux EU-DW9110B60GW, 12 dəst, 6 proqram, A+++ enerji, 49 dB",810.00 ₼,1 500.00 ₼,reytinq yoxdur,-46 %
Quruducu maşın Home B43,72.11 ₼,114.99 ₼,reytinq yoxdur,-37 %
Soyuducu LG GR-A34FDMKJ,7 719.00 ₼,15 438.00 ₼,reytinq yoxdur,-50 %
"Mini paltaryuyan maşın Oujisang XPB30-1208, ağ, 3 kq, 1300 dövr/dəq",,91.00 ₼,reytinq yoxdur,endirim yoxdur
Paltaryuyan maşın Eurolux EU-WM1456S-10BLDG 10 kq 1400 dövr/dəq Boz,1 105.00 ₼,2 100.00 ₼,reytinq yoxdur,-47 %
"Mini soyuducu Silver LZ-773832, Defrost, Birqapılı, Boz",359.99 ₼,750.00 ₼,reytinq yoxdur,-52 %
Paltaryuyan maşın Lotus LT80JP12DD,810.00 ₼,900.00 ₼,5  1 reytinq,-10 %
"Qabyuyan maşın Vermont VT-DW8040B60GW, 14 dəst, 6 proqram, A++ enerji, 49 dB",849.99 ₼,1 800.00 ₼,reytinq yoxdur,-53 %
Paltaryuyan maşın Taube TB6012J,439.90 ₼,650.00 ₼,5  1 reytinq,-32 %
Qaz plitəsi RAF R.8501 M.E,59.38 ₼,124.20 ₼,reytinq yoxdur,-52 %
Paltaryuyan maşın 1 kq göy,,70.00 ₼,reytinq yoxdur,endirim yoxdur
"Paltaryuyan maşın, Göy, 3 kq, 300 dövr/ dəq",,64.50 ₼,reytinq yoxdur,endirim yoxdur
"Soyuducu Shivaki HS 137 RN, birqapılı, ağ",374.98 ₼,599.99 ₼,reytinq yoxdur,-38 %
"Soyuducu Shivaki HD 341-FN, ikiqapılı, gümüşü",533.98 ₼,999.99 ₼,reytinq yoxdur,-47 %
"Soyuducu Shivaki H345-RND, ikiqapılı, qara",602.98 ₼,999.99 ₼,reytinq yoxdur,-40 %
"Soyuducu Shivaki H345-RND, ikiqapılı, qara",602.98 ₼,999.99 ₼,reytinq yoxdur,-40 %
"Soyuducu Shivaki HD 316-FN, ikiqapılı, ağ",504.98 ₼,899.99 ₼,reytinq yoxdur,-44 %
"Soyuducu Shivaki HD 316-FN, ikiqapılı, gümüşü",514.98 ₼,899.99 ₼,reytinq yoxdur,-43 %
"Soyuducu Shivaki HD345-RND, ikiqapılı, qara",602.98 ₼,999.99 ₼,reytinq yoxdur,-40 %
"Soyuducu Shivaki HD316-FN, ikiqapılı, ağ",495.98 ₼,899.99 ₼,reytinq yoxdur,-45 %
"Soyuducu Shivaki HD-276-FN, ikiqapılı, gümüşü",473.98 ₼,899.99 ₼,reytinq yoxdur,-47 %
"Soyuducu Shivaki HD455-RWENE, ikiqapılı, ağ",816.98 ₼,1 599.99 ₼,reytinq yoxdur,-49 %
"Soyuducu Shivaki HS-228-RN, birqapılı, ağ",434.98 ₼,699.99 ₼,reytinq yoxdur,-38 %
"Quruducu maşın Hoffman, DMH8030X, 8 kq, Ön, Boz",739.99 ₼,939.99 ₼,reytinq yoxdur,-21 %
"Soyuducu Shivaki H345-RND, ikiqapılı, gümüşü",599.99 ₼,999.99 ₼,reytinq yoxdur,-40 %
Soyuducu LG F40BG No Frost dördqapılı qara,2 999.00 ₼,3 999.00 ₼,reytinq yoxdur,-25 %
"Soyuducu Shivaki HD-276-FN, ikiqapılı, qara",475.98 ₼,899.99 ₼,reytinq yoxdur,-47 %
"Soyuducu Shivaki HD 316-FN, statik, ikiqapılı, qara, boz",514.98 ₼,899.99 ₼,reytinq yoxdur,-43 %
"Soyuducu Shivaki H345-RND, ikiqapılı, ağ",582.99 ₼,999.99 ₼,reytinq yoxdur,-42 %
"Soyuducu Samsung RB37A5200SA/WT, No Frost, ikiqapılı, gümüşü",1 149.99 ₼,2 349.99 ₼,reytinq yoxdur,-51 %
Qaz plitəsi Yucel O-200-LPG Brown,,53.00 ₼,reytinq yoxdur,endirim yoxdur
Soyuducu Sharp SJ-X815P-BK3,2 080.05 ₼,4 160.10 ₼,reytinq yoxdur,-50 %
Paltaryuyan maşın Eurolux EU-WM1273S-8BLDG 8 kq Gümüş,650.59 ₼,884.99 ₼,reytinq yoxdur,-26 %
Qaz plitəsi BK167-A,27.99 ₼,41.16 ₼,1  1 reytinq,-32 %
Soyuducu Samsung RS.62R50312C,,3 499.99 ₼,reytinq yoxdur,endirim yoxdur
Soyuducu Biryusa W960NF boz,,1 200.00 ₼,reytinq yoxdur,endirim yoxdur
"Qabyuyan maşın Midea MID60S350i-C, 14 dəst, 44 dB, 9 proqram, A",834.00 ₼,1 300.00 ₼,reytinq yoxdur,-36 %
Buz generatoru Silver SL-12 E - KK_mpn_000806,200.00 ₼,220.00 ₼,reytinq yoxdur,-9 %
Qabyuyan maşın Bosch SMS4IMB62Q,1 310.00 ₼,1 999.00 ₼,reytinq yoxdur,-34 %
Dondurucu kamera Pozis FH258 Ağ,1 199.99 ₼,1 499.99 ₼,reytinq yoxdur,-20 %
Soyuducu Bosch KGN49LB30U,2 004.99 ₼,2 599.99 ₼,4.3  6 reytinq,-23 %
"Soyuducu Hisense RD39WCR, Inox",848.99 ₼,1 799.99 ₼,reytinq yoxdur,-53 %
Soyuducu Eurolux RF40 60x185 (XN),1 100.59 ₼,1 799.99 ₼,reytinq yoxdur,-39 %
Soyuducu Pozis RK 103 Silver,789.68 ₼,1 400.00 ₼,5  1 reytinq,-44 %
Soyuducu Beko RDNE510M20W,1 249.98 ₼,1 700.00 ₼,reytinq yoxdur,-26 %
Soyuducu Hoffmann DTF-840WEN,319.70 ₼,700.00 ₼,reytinq yoxdur,-54 %
"Masaüstü qaz plitəsi, 4 konfor, Kombinasiya edilmiş plitə, Şüşə keramik, Qara",,230.00 ₼,reytinq yoxdur,endirim yoxdur
Soyuducu Artel HD-316FND Silver,645.50 ₼,945.00 ₼,reytinq yoxdur,-32 %
Soyuducu Hitachi R-B410PUC6-BBK LGE,1 399.99 ₼,1 999.99 ₼,reytinq yoxdur,-30 %
Paltaryuyan maşın Artel WF 80L2344G,769.98 ₼,1 380.00 ₼,reytinq yoxdur,-44 %
Soyuducu Yoshiro YRF-T466NF70MX Boz,1 094.99 ₼,1 959.00 ₼,reytinq yoxdur,-44 %
"Buz generatoru Winning Star ST-9501, ağ, 1.2 L",279.00 ₼,339.00 ₼,reytinq yoxdur,-18 %
Soyuducu Yoshiro VP-YRF-B254H55W 255 L Ağ,616.99 ₼,1 025.00 ₼,reytinq yoxdur,-40 %
Soyuducu Eurolux EU-EH40-UD-HNF2-BG,1 242.60 ₼,1 699.00 ₼,reytinq yoxdur,-27 %
