name,new_price,old_price,discount,rating_score,rating_count,brand,category
Paltaryuyan maşın Lanova LNVWM-60-WW,409.0,789.0,48.0,4.8,58,Lanova,Paltaryuyan maşın
Soyuducu Beko B1RCNK272G,727.98,944.99,23.0,4.5,48,Beko,Soyuducu
Paltaryuyan maşın Lanova LNVWM-60-TT,433.0,799.0,46.0,4.7,18,Lanova,Paltaryuyan maşın
Soyuducu Midea MDRB424FGF02O,858.93,1199.9,28.0,3.7,3,Midea,Soyuducu
Soyuducu Biryusa W920NF,675.0,1059.0,36.0,4.9,23,Biryusa,Soyuducu
Paltaryuyan maşın SAMSUNG WW70FG3M05AW,649.0,1250.0,48.0,4.3,11,Samsung,Paltaryuyan maşın
Soyuducu Beko B1RCSK312G,641.98,829.99,23.0,4.1,24,Beko,Soyuducu
Paltaryuyan maşın Beko WM419CGI,767.98,1004.99,24.0,0.0,14,Beko,Paltaryuyan maşın
Dondurucu qutu Biryusa 6047SN,669.0,999.0,33.0,4.4,14,Biryusa,Dondurucu
"Paltaryuyan maşın ZIFFLER BWMD-8J2GD, 8 kq",495.0,843.0,41.0,4.7,14,Ziffler,Paltaryuyan maşın
Soyuducu Yoshiro YRF-T206DF55HW,377.0,577.0,35.0,4.6,23,Yoshiro,Soyuducu
Dondurucu qutu Kraft BD (W)-102QX,269.0,579.0,54.0,4.6,19,Kraft,Dondurucu
Soyuducu Shivaki HD 316FN White,520.22,709.99,27.0,0.0,0,Shivaki,Soyuducu
Paltaryuyan maşın Ardesto WMW-6101W,399.0,729.0,45.0,4.5,16,Ardesto,Paltaryuyan maşın
Dondurucu qutu Biryusa 680 KXQ,829.0,1299.0,36.0,4.7,11,Biryusa,Dondurucu
Soyuducu Midea MDRT294FGF50,489.9,800.0,39.0,0.0,2,Midea,Soyuducu
"Paltaryuyan maşın Hoffmann WMH6012T, 6 kq, tünd boz/gümüş, ön yükləmə, rəqəmsal idarəetmə - WMH6012T",543.96,990.0,45.0,0.0,1,Hoffmann,Paltaryuyan maşın
Dondurucu Biryusa 412_B_014b4,369.99,478.63,23.0,0.0,0,Biryusa,Dondurucu
"Soyuducu Shivaki HD345-RND Metal, Low Frost, İkiqapılı, Gümüşü",599.01,799.63,25.0,0.0,0,Shivaki,Soyuducu
Qabyuyan maşın Bosch SMS46NB20V,1209.0,1607.63,25.0,0.0,1,Bosch,Qabyuyan maşın
Paltaryuyan maşın Samsung WW90DG5U34AELP,956.9,956.9,0.0,0.0,0,Samsung,Paltaryuyan maşın
Quruducu maşın Bosch WQB245B0ME,2348.99,2949.99,20.0,0.0,3,Bosch,Quruducu
Qaz plitəsi Sultan SUL-4 Brown,85.0,115.0,26.0,0.0,4,No brand,Qaz plitəsi
"Dondurucu şkaf Biryusa 6048, Damlama sistemi, Ağ, 135 L",485.98,999.99,51.0,0.0,0,Biryusa,Dondurucu
Soyuducu Shivaki HD316-FN White,507.76,1050.0,52.0,0.0,0,Shivaki,Soyuducu
Paltaryuyan maşın Samsung WW70T3020BS/LP 7,721.0,1442.0,50.0,3.3,3,Samsung,Paltaryuyan maşın
Qabyuyan maşın Hoffmann DW-912X,539.0,869.0,38.0,0.0,4,Hoffmann,Qabyuyan maşın
Quruducu maşın LG RH80T2SP7RMADSPMEA 8 kq,1079.99,1464.99,26.0,0.0,1,LG,Quruducu
"Mətbəx plitəsi Vesta Milagro 01-K , Grey",440.28,699.0,37.0,4.8,5,Vesta,Digər
Soyuducu Ardesto DFM-90X,229.99,334.99,31.0,0.0,8,Ardesto,Soyuducu
Paltaryuyan maşın Midea MF100W60/W-C,469.59,619.9,24.0,4.9,34,Midea,Paltaryuyan maşın
Dondurucu Midea MDRC345FZF01D,548.99,700.0,22.0,4.8,4,Midea,Dondurucu
Qabyuyan maşın Hoffmann DW-812X,449.0,729.0,38.0,3.8,20,Hoffmann,Qabyuyan maşın
Quruducu maşın LG RH80T2SP7RM,1079.99,1464.99,26.0,4.2,10,LG,Quruducu
Qarışıq plitə Vesta Milagro 01-K Black,440.5,699.0,37.0,0.0,3,Vesta,Digər
Soyuducu Biryusa С920NF,683.0,1071.0,36.0,4.6,10,Biryusa,Soyuducu
Dondurucu şkaf Biryusa M416,475.0,738.0,36.0,4.4,7,Biryusa,Dondurucu
Paltaryuyan maşın Midea MF01814BS47/T,629.0,999.0,37.0,4.9,7,Midea,Paltaryuyan maşın
Qabyuyan maşın Midea MFD60S050S,592.99,840.0,29.0,0.0,0,Midea,Qabyuyan maşın
"Kombinasiya edilmiş plitə Shivaki 01K, Paslanmayan polad, Qəhvəyi",419.97,999.99,58.0,0.0,0,Shivaki,Digər
Paltar üçün quruducu maşın Modern 0022,50.84,50.84,0.0,4.8,5,No brand,Paltar qurudan
Dondurucu qutu Biryusa 455KX,749.99,1188.23,37.0,0.0,0,Biryusa,Dondurucu
Soyuducu Indesit DS 4160 G,655.0,1002.0,35.0,0.0,18,Indesit,Soyuducu
Paltaryuyan maşın Samsung WD90DG5G34BBLP,1373.99,1599.99,14.0,0.0,5,Samsung,Paltaryuyan maşın
Qabyuyan maşın Bosch SMS4HMC65Q,1522.0,2329.0,35.0,0.0,2,Bosch,Qabyuyan maşın
"Sobalı qaz plitəsi Shivaki 01K, paslanmayan polad, ağ",416.78,589.99,29.0,0.0,0,Shivaki,Digər
Qabyuyan maşın LG DFC513FV.APYPAZR,1489.98,1899.0,22.0,0.0,3,LG,Qabyuyan maşın
Aöıllı Elektrikli Paltar Quruducusu Tessa CD32,45.5,45.5,0.0,0.0,1,Tessa,Digər
Dondurucu şkaf Biryusa 6046,522.0,909.0,43.0,0.0,3,Biryusa,Dondurucu
Soyuducu Samsung RT42CG6000S9WT,1168.99,1580.38,26.0,4.2,13,Samsung,Soyuducu
"Paltaryuyan maşın Samsung WW70T3020BS/LP, Boz, 7 kq",721.0,1442.0,50.0,0.0,1,Samsung,Paltaryuyan maşın
Qabyuyan maşın Bosch SMS4IMI62Q,1133.0,1749.0,35.0,0.0,0,Bosch,Qabyuyan maşın
Qarışıq plitə Shivaki Milagro 01-K Brown,382.41,550.0,30.0,0.0,2,Shivaki,Digər
Quruducu maşın Beko B3T68239MG,964.0,1475.0,35.0,4.4,7,Beko,Quruducu
Dondurucu kamera Midea MDRC411FZF01D Ağ,634.99,849.9,25.0,0.0,3,Midea,Dondurucu
Soyuducu Hoffmann NFB-185DS,752.99,1299.99,42.0,4.5,6,Hoffmann,Soyuducu
Paltaryuyan maşın LG F2V5HYPYJE.AMBPMER,882.0,1358.0,35.0,4.4,9,LG,Paltaryuyan maşın
Paltaryuyan maşın LG F2V7GWL2P,1068.63,1399.99,24.0,0.0,0,LG,Paltaryuyan maşın
Qabyuyan maşın Toshiba DW-14F6(B)-CIS,816.0,1342.0,39.0,4.3,3,Toshiba,Qabyuyan maşın
Qaz plitəsi Eurostyle 3 gözlü metal qəhvəyi,40.0,85.0,53.0,0.0,1,Eurostyle,Qaz plitəsi
Qabyuyan maşın Bosch SMS4IKI51Q,1009.0,1549.0,35.0,0.0,0,Bosch,Qabyuyan maşın
Quruducu maşın Vestel TDC8GPT2DS,780.0,780.0,0.0,0.0,0,Vestel,Quruducu
Dondurucu qutu Biryusa 305KVS,579.99,700.0,17.0,4.5,2,Biryusa,Dondurucu
Soyuducu Biryusa M920NF,675.0,1089.0,38.0,4.2,11,Biryusa,Soyuducu
Paltaryuyan maşın Shivaki 1080S,626.0,1024.0,39.0,0.0,0,Shivaki,Paltaryuyan maşın
Qabyuyan maşın Samsung DW60M5052FS/TR,740.99,1064.99,30.0,0.0,24,Samsung,Qabyuyan maşın
Qarışıq plitə ZTW-LF61A,349.95,490.0,29.0,0.0,0,No brand,Digər
Quruducu maşın Midea MDK03H80/S-C,920.02,1029.9,11.0,0.0,4,Midea,Quruducu
Dondurucu qutu JVC WG-NRFC15H5S,432.0,529.0,18.0,0.0,0,No brand,Dondurucu
Soyuducu Biryusa 418,426.0,663.0,36.0,0.0,3,Biryusa,Soyuducu
Paltaryuyan maşın Hoffmann WMH8014 8 kq 1400 dövr/dəq Gümüşü,543.24,700.0,22.0,0.0,1,Hoffmann,Paltaryuyan maşın
Qabyuyan maşın Toshiba DW-14F7B-CIS,741.0,1220.0,39.0,0.0,1,Toshiba,Qabyuyan maşın
Qaz plitəsi Ezel 3200,29.0,75.0,61.0,4.4,27,Ezel,Qaz plitəsi
Quruducu maşın Beko DU 7112 PA1,898.86,1200.0,25.0,0.0,0,Beko,Quruducu
Dondurucu şkaf Biryusa 414,436.0,678.0,36.0,0.0,11,Biryusa,Dondurucu
"Soyuducu Biryusa 416, kompakt dondurucu, ağ, mexaniki idarəetmə, dondurma rejimi, 145x48x60.5 sm, 175 l - 4640258071740",465.0,719.0,35.0,0.0,5,Biryusa,Soyuducu
Paltaryuyan maşın 7Tech 7WM4S1280GSS1 8 kq 1200 dövr/dəq tünd boz,532.91,1099.99,52.0,0.0,2,7Tech,Paltaryuyan maşın
Qabyuyan maşın Beko BDFN26430X,651.99,929.9,30.0,4.4,8,Beko,Qabyuyan maşın
Qaz plitəsi Elif EL_030943_RB,98.96,149.0,34.0,0.0,0,No brand,Qaz plitəsi
Paltarqurudan maşın Toshiba TD BK100GHUZ(SK),1079.0,1499.0,28.0,0.0,0,Toshiba,Digər
Dondurucu qutu Alneo S145W,379.89,799.99,53.0,2.4,7,Alneo,Dondurucu
Qabyuyan maşın Beko BDFN35620S,651.99,879.9,26.0,4.7,23,Beko,Qabyuyan maşın
Soyuducu Hisense RD-60WR,896.99,1381.0,35.0,0.0,3,Hisense,Soyuducu
Paltaryuyan Beko SteamCure WSPD73612W,618.99,899.9,31.0,4.8,12,Beko,Paltaryuyan maşın
"Qaz plitəsi Elif E030910_RB, 4 konfor",89.0,185.0,52.0,0.0,0,No brand,Qaz plitəsi
Quruducu maşın Midea MDK03H100/S-C,999.16,1269.9,21.0,0.0,0,Midea,Quruducu
Quruducu maşın Regal TDCN7F4W,673.85,999.99,33.0,0.0,0,Regal,Quruducu
"Dondurucu qutu Kraft BD(W)-185 QX, ağ",371.0,508.0,27.0,0.0,2,Kraft,Dondurucu
Qabyuyan maşın Beko BDFN26530X,825.99,1299.99,36.0,0.0,0,Beko,Qabyuyan maşın
Qaz plitəsi Sultan SUL-4 Black,87.0,115.0,24.0,0.0,3,No brand,Qaz plitəsi
Soyuducu Hisense DT27DR4 W - DT27DR4 W,383.95,559.0,31.0,4.9,9,Hisense,Soyuducu
Elektron paltar qurudan,49.94,49.94,0.0,0.0,0,No brand,Digər
Dondurucu şkaf Kraft KF-HS130X,362.0,560.0,35.0,0.0,2,Kraft,Dondurucu
Qabyuyan maşın Yoshiro YDW-HF815S30CB,575.99,679.0,15.0,4.2,5,Yoshiro,Qabyuyan maşın
Qaz plitəsi Akane A82252 3 gözlü emallı ağ.,79.99,79.99,0.0,0.0,0,No brand,Qaz plitəsi
Soyuducu Hoffmann DFTN-143S,469.66,699.99,33.0,4.5,41,Hoffmann,Soyuducu
Paltaryuyan maşın Hisense WFQP7012EVMT,529.42,700.0,24.0,4.1,7,Hisense,Paltaryuyan maşın
Quruducu maşın BOSCH WTN86212ME,1328.99,1599.99,17.0,0.0,0,Bosch,Quruducu
Dondurucu qutu Ardesto FRM-145ECM,349.99,449.99,22.0,4.5,29,Ardesto,Dondurucu
Qabyuyan maşın Hoffmann DW-612X Grey,470.0,769.0,39.0,0.0,0,Hoffmann,Qabyuyan maşın
Kombinə edilmiş plitə Eurostyle MST-4F4F 4 gözlü metal qəhvəyi,76.0,120.0,37.0,0.0,1,Eurostyle,Digər
Soyuducu Biryusa W920NF,768.63,1500.0,49.0,0.0,2,Biryusa,Soyuducu
Paltaryuyan maşın Midea MF100W70/W-C,588.99,840.0,30.0,0.0,6,Midea,Paltaryuyan maşın
Quruducu maşın BOSCH WTN86211ME,1279.0,1959.0,35.0,0.0,0,Bosch,Quruducu
Dondurucu kamera Ardesto FRM-362MCH,769.9,949.9,19.0,0.0,3,Ardesto,Dondurucu
Masaüstü qaz plitəsi ARI Brown,72.3,72.3,0.0,0.0,3,No brand,Digər
Qabyuyan maşın Midea MFD60S160Si-C,669.0,999.0,33.0,0.0,2,Midea,Qabyuyan maşın
Quruducu maşın Bosch WQG14200ME,1999.73,2555.0,22.0,0.0,0,Bosch,Quruducu
Soyuducu Biryusa W960NF,741.0,1160.0,36.0,4.3,4,Biryusa,Soyuducu
Paltaryuyan maşın Hoffman WM6110TT,470.49,799.99,41.0,0.0,2,Hoffman,Paltaryuyan maşın
"Qaz plitəsi Zhendah TORY-001563, 55x55 sm",69.99,75.0,7.0,0.0,0,Zhendah,Qaz plitəsi
Dondurucu Midea MDRC411FZF01DVP,675.15,1350.3,50.0,0.0,0,Midea,Dondurucu
Qabyuyan maşın Hoffmann DW-912B,539.0,869.0,38.0,0.0,4,Hoffmann,Qabyuyan maşın
Quruducu maşın Samsung DV90T5240AT/LP,1431.0,2190.0,35.0,0.0,2,Samsung,Quruducu
Soyuducu Indesit ITS 4180 G,757.99,1299.99,42.0,4.8,29,Indesit,Soyuducu
Paltaryuyan maşın Toshiba TWD-T25BZU115MWRU/MG-LTS,1389.99,1699.0,18.0,0.0,0,Toshiba,Paltaryuyan maşın
Qaz plitəsi BB-000010,64.98,150.0,57.0,0.0,1,No brand,Qaz plitəsi
Dondurucu qutu Ugur UDD 300 BK,1097.36,1444.0,24.0,0.0,0,Ugur,Dondurucu
Qabyuyan maşın Samsung DW60M5052FW/TR,715.99,940.05,24.0,0.0,4,Samsung,Qabyuyan maşın
Quruducu maşın Eurolux EU-TD1099S-10BLDG,1149.99,1600.0,28.0,0.0,0,Eurolux,Quruducu
Soyuducu Eurolux EU.RF105DF1S,306.56,399.9,23.0,4.8,5,Eurolux,Soyuducu
Paltaryuyan maşın LG F4V5VG2S,1479.99,1599.0,7.0,4.6,21,LG,Paltaryuyan maşın
Qaz plitəsi Winning Star ST-9660,61.9,110.0,44.0,0.0,1,Winning Star,Qaz plitəsi
Dondurucu şkaf Silver BD 175,650.0,650.0,0.0,0.0,1,Silver,Dondurucu
Qabyuyan maşın Bosch SMS26AI00Q,963.99,1200.99,20.0,0.0,1,Bosch,Qabyuyan maşın
Paltar quruducu Modern DC1999 White,44.94,65.0,31.0,0.0,0,No brand,Paltar qurudan
Soyuducu Hoffmann DFT-167 S - DFT 167 S,540.0,979.99,45.0,0.0,1,Hoffmann,Soyuducu
Paltaryuyan maşın Samsung WW90DG6U34LBLP,1073.17,1599.99,33.0,0.0,1,Samsung,Paltaryuyan maşın
Qaz plitəsi BB-000009,64.99,115.0,43.0,0.0,2,No brand,Qaz plitəsi
Qabyuyan maşın Beko BDFN26430A,717.99,1019.9,30.0,0.0,1,Beko,Qabyuyan maşın
Qabyuyan maşın Yoshiro YBD-M715G30B,610.0,719.0,15.0,0.0,1,Yoshiro,Qabyuyan maşın
Quruducu maşın Beko B5T68243,1299.99,1965.0,34.0,0.0,0,Beko,Quruducu
Dondurucu qutu Kraft BD (W) KM 305 White,549.0,859.0,36.0,0.0,1,Kraft,Dondurucu
Soyuducu Samsung RB50DG602ES9WT,1855.99,2500.0,26.0,4.2,5,Samsung,Soyuducu
Paltaryuyan maşın Samsung WW90DG5U34ABLP,1000.0,2000.0,50.0,0.0,1,Samsung,Paltaryuyan maşın
"Qaz plitəsi Zhendah TORY-001561, 45x45 sm",57.98,63.0,8.0,0.0,0,Zhendah,Qaz plitəsi
Qabyuyan maşın Hoffmann DW-912W,540.0,889.0,39.0,4.8,4,Hoffmann,Qabyuyan maşın
"Paltarqurudan maşın Məişət Alt paltarları və qısa tumanlar üçün, kiçik, Fan və PTC qızdırıcı elementli, 3 temperatur parametri ilə - prl_0246",74.9,101.12,26.0,0.0,0,No brand,Digər
Dondurucu qutu Vesta VFC 300 White,559.99,799.0,30.0,3.5,4,Vesta,Dondurucu
Soyuducu Biryusa 551 MAİ,408.0,634.0,36.0,4.5,18,Biryusa,Soyuducu
Paltaryuyan maşın Taube TB8012J Grey,490.0,550.0,11.0,0.0,1,Taube,Paltaryuyan maşın
Qaz plitəsi Eurostyle MST-GS34L 4 gözlü metal qəhvəyi,54.0,110.0,51.0,0.0,1,Eurostyle,Qaz plitəsi
Qabyuyan maşın Samsung DW60M6072FS/TR,900.0,900.0,0.0,4.3,11,Samsung,Qabyuyan maşın
Quruducu maşın Eurolux EU-TD1078S-10BLDG,1017.85,2000.0,49.0,0.0,0,Eurolux,Quruducu
Dondurucu Biryusa 240KVS 220 l ağ,514.98,899.99,43.0,0.0,1,Biryusa,Dondurucu
Soyuducu Samsung RT62K7110SL/WT,2291.87,2609.9,12.0,4.5,4,Samsung,Soyuducu
Paltaryuyan maşın LG F2T9GW9P,1025.54,1474.99,30.0,4.8,30,LG,Paltaryuyan maşın
Qabyuyan maşın Hoffman DW-612X,498.92,752.99,34.0,0.0,0,Hoffman,Qabyuyan maşın
Dondurucu qutu Ardesto FRM-200ECM,538.99,769.99,30.0,0.0,0,Ardesto,Dondurucu
"Qaz plitəsi Yücel 0-300-BROWN-NG, 3 konfor, pslanmayan polad, Qəhvəyi",50.0,50.0,0.0,0.0,1,Yücel,Qaz plitəsi
Qabyuyan maşın Bosch SMS46NB01B,1199.0,1699.0,29.0,3.7,3,Bosch,Qabyuyan maşın
Soyuducu Sharp SJ-FH560-HS3,1636.95,3273.9,50.0,0.0,0,Sharp,Soyuducu
Paltaryuyan maşın Biryusa SBE 80,208.0,335.0,38.0,4.5,15,Biryusa,Paltaryuyan maşın
Dondurucu kamera Kraft BD(W)-250S,477.0,629.0,24.0,0.0,2,Kraft,Dondurucu
Masaüstü qaz plitəsi Zhendah 30x30 sm LOY-00914 1 Metal Qara,34.09,40.0,15.0,0.0,1,Zhendah,Digər
Dondurucu kamera Hoffmann FRZ-143W,599.99,999.98,40.0,0.0,5,Hoffmann,Dondurucu
Qabyuyan maşın Bosch SMS44DI01T,1149.98,3000.0,62.0,3.7,3,Bosch,Qabyuyan maşın
Paltar qurudan Sanas Impro,305.0,305.0,0.0,0.0,0,No brand,Paltar qurudan
Soyuducu Biryusa 422 White,399.0,620.0,36.0,0.0,2,Biryusa,Soyuducu
Paltaryuyan Samsung WW80AG6S28ABLP,965.0,1486.0,35.0,4.5,8,Samsung,Paltaryuyan maşın
Paltaryuyan maşını LG F2V7GWL2P.APTPMER,1099.99,1399.0,21.0,4.6,31,LG,Paltaryuyan maşın
Dondurucu Midea MDRC283FZF01D De Frost 198 l ağ,473.55,1500.0,68.0,0.0,0,Midea,Dondurucu
"Qaz plitəsi RAF R.8501, qara",32.0,32.0,0.0,0.0,0, RAF,Qaz plitəsi
Qabyuyan maşın Bosch SMS4IMB62Q,1310.0,1999.0,34.0,0.0,0,Bosch,Qabyuyan maşın
Paltar qurudan maşın Eurolux EU/TD1078S10BLDG,1109.95,1700.0,35.0,0.0,0,Eurolux,Paltar qurudan
Soyuducu Hisense DT27DR4 Ağ,408.99,534.99,24.0,4.7,31,Hisense,Soyuducu
Paltaryuyan maşın LG F2Y2Hyp6J,807.99,979.99,18.0,0.0,3,LG,Paltaryuyan maşın
Qarışıq plitə Shivaki Milagro 01-K White,384.54,750.0,49.0,0.0,9,Shivaki,Digər
Qabyuyan maşın Bosch SMS26DI00T,980.0,1250.0,22.0,0.0,0,Bosch,Qabyuyan maşın
Soyuducu Eurolux EU.RF56HNF.4SB,1727.81,2199.0,21.0,0.0,1,Eurolux,Soyuducu
Paltaryuyan maşın LG F2V7GWL1W.ABWPMER,955.98,955.98,0.0,0.0,5,LG,Paltaryuyan maşın
Dondurucu qutu Biryusa 210KVS_MYCM_14_71_59 De Frost 200 l ağ,471.88,551.23,14.0,0.0,0,Biryusa,Dondurucu
Qabyuyan maşın LG DFB325HM,1644.0,2704.0,39.0,0.0,5,LG,Qabyuyan maşın
Paltar qurudan qurğu DSP KD6026_HLY Beige,75.98,75.98,0.0,0.0,0,DSP,Paltar qurudan
Qarışıq plitə Hoffmann F767W,640.99,1199.99,47.0,0.0,1,Hoffmann,Digər
Soyuducu Hisense RQ5P470SAL1,1479.7,2599.0,43.0,0.0,1,Hisense,Soyuducu
Paltaryuyan maşın Eurolux EU-WM1280S-8BLDG 8 kg Gümüş,739.63,1169.9,37.0,0.0,0,Eurolux,Paltaryuyan maşın
Qaz plitəsi Itimat I-15 Brown,79.0,100.0,21.0,4.4,54,No brand,Qaz plitəsi
Qabyuyan maşın Beko BDFN26560XP,879.9,1000.0,12.0,0.0,0,Beko,Qabyuyan maşın
Dondurucu qutu Midea MDRC283FZF01D,450.0,699.0,36.0,0.0,1,Midea,Dondurucu
"Elektron paltar qurudan, İL-4097",94.99,167.99,43.0,0.0,0,No brand,Digər
Quruducu maşın Bosch WQG1420XME,1889.99,2299.0,18.0,0.0,0,Bosch,Quruducu
Soyuducu Eurolux EU-RF560HNF-4SB,1999.79,2990.0,33.0,0.0,1,Eurolux,Soyuducu
Paltaryuyan maşın LG F2Y1HYP6J.AZR,812.16,1624.32,50.0,4.7,27,LG,Paltaryuyan maşın
Qaz plitəsi Ardo 3 gözlü keramika qara,443.97,443.97,0.0,0.0,0,No brand,Qaz plitəsi
Qabyuyan maşın Bosch SMS4HMB62T,1586.99,1999.99,21.0,0.0,3,Bosch,Qabyuyan maşın
Dondurucu Biryusa 414 130 l 122.5×48×60.5 sm,448.11,745.28,40.0,0.0,0,Biryusa,Dondurucu
Quruducu maşın Eurolux EU-TD1078S-10BLDG 10 kq 14 proqram A+,1049.99,1699.0,38.0,0.0,0,Eurolux,Quruducu
Soyuducu Hoffmann FFD-179BGT,1288.99,1999.99,36.0,0.0,0,Hoffmann,Soyuducu
Paltaryuyan maşın Samsung WW70AG5S20CXLP,898.99,1299.99,31.0,0.0,2,Samsung,Paltaryuyan maşın
Elektrik plitəsi Ardo 4 gözlü bərkidilmiş şüşə qara,287.0,500.0,43.0,0.0,0,No brand,Elektrik plitəsi
Qabyuyan maşın Beko BDFN36730GB Piano Black,757.99,1119.9,32.0,0.0,4,Beko,Qabyuyan maşın
"Dondurucu qutu Biryusa M155KX, De Frost, Boz, 145 L",447.76,889.99,50.0,0.0,0,Biryusa,Dondurucu
Paltar üçün elektron portativ quruducu CSM_4097,49.9,135.5,63.0,0.0,2,Portativ,Paltar qurudan
Soyuducu Hoffmann NFCD180BGT 472 litr French door Qara,1243.99,2000.99,38.0,0.0,1,Hoffmann,Soyuducu
Paltaryuyan maşın Toshiba TW-BN90C4UZ(SK),835.63,1249.99,33.0,0.0,2,Toshiba,Paltaryuyan maşın
Mətbəx plitəsi və bişirmə plitəsi Euroline Qaz plitəsi masa üstdü dörd qaz qəhvəyi Türkiyə istehsalı Ölçüsü: 60x60 - ZTW-E101,64.0,68.4,6.0,0.0,0,No brand,Digər
Qabyuyan maşın Bosch SMV8YCX02E,2046.31,4092.62,50.0,0.0,1,Bosch,Qabyuyan maşın
Soyuducu Hisense RB-66W4/BI,1223.99,2799.0,56.0,0.0,5,Hisense,Soyuducu
Paltaryuyan maşın Samsung WW65AG4S20CXLP,790.61,1160.0,32.0,0.0,7,Samsung,Paltaryuyan maşın
"Dondurucu qutu Biryusa 155KVS, damlama sistemi, ağ, 145 L",431.98,899.99,52.0,0.0,1,Biryusa,Dondurucu
Quruducu cihaz DSP KD 6026,89.99,89.99,0.0,0.0,0,DSP,Quruducu
Qabyuyan maşın LG DFC513FV,1469.99,1599.0,8.0,0.0,3,LG,Qabyuyan maşın
Dondurucu qutu Kraft BD (W)-202BL,389.0,649.0,40.0,2.7,6,Kraft,Dondurucu
"Mətbəx plitəsi və bişirmə plitəsi Femas Qaz plitəsi sobalı qəhvəyi Türkiyə istehsalı, Sobası alt qazla üst tokla işləyir, üç qaz bir tok göz, alışqanlı model, ölçüsü: 50x60 - ZTW-F0504Q",377.13,377.13,0.0,0.0,4,No brand,Digər
Qabyuyan maşın Hoffmann DW-914B,575.99,799.99,28.0,0.0,0,Hoffmann,Qabyuyan maşın
Quruducu maşın Bosch WQG1420AME Ağ,2058.62,2200.0,6.0,0.0,0,Bosch,Quruducu
Soyuducu Toshiba GR-RB449WE-PMJ (06),1272.0,1958.0,35.0,0.0,2,Toshiba,Soyuducu
Paltaryuyan maşın Toshiba TW-BN80C2UZ(MK),745.62,1049.99,29.0,0.0,0,Toshiba,Paltaryuyan maşın
Paltar üçün quruducu qab İL-2833,54.99,95.84,43.0,0.0,1,No brand,Paltar qurudan
Dondurucu kamera Biryusa B-412,399.9,599.99,33.0,0.0,0,Biryusa,Dondurucu
Soyuducu Samsung RT47CG6442B1WT,1575.0,3150.0,50.0,0.0,5,Samsung,Soyuducu
Paltaryuyan maşın Lanova LNVWM-100-TT,690.0,1230.0,44.0,0.0,1,Lanova,Paltaryuyan maşın
Qabyuyan maşın Samsung DW60M5052FS/TR - SHRK_4884_00612,762.34,1064.99,28.0,0.0,1,Samsung,Qabyuyan maşın
Paltar və ayaqqabılar üçün quruducu Smart Frog PR2055,53.18,302.8,82.0,0.0,0,No brand,Paltar qurudan
Dondurucu qutu Kraft BD (W)-152QX Ağ,354.0,484.0,27.0,4.3,3,Kraft,Dondurucu
Qaz plitəsi RAF R.1112169_RB,38.71,59.0,34.0,0.0,0, RAF,Qaz plitəsi
Qabyuyan maşın Toshiba DW-14F1CIS(S),784.99,1000.0,22.0,0.0,22,Toshiba,Qabyuyan maşın
Soyuducu Midea MDRB471MGF460 Gümüşü,980.7,1309.9,25.0,0.0,0,Midea,Soyuducu
Paltaryuyan maşın Shivaki SG70P 7 kq 500 dövr/dəq ağ.,181.79,263.74,31.0,0.0,1,Shivaki,Paltaryuyan maşın
Qurutma maşını 5 kq kondensasiyalı ağ,95.0,190.0,50.0,0.0,0,No brand,Digər
Dondurucu şkaf Kraft KF-HS130W,323.0,501.0,36.0,0.0,3,Kraft,Dondurucu
Qaz plitəsi 1001box LANOVA 4 konforlu paslanmayan polad qara,385.0,410.0,6.0,0.0,0,Lanova,Qaz plitəsi
Qabyuyan maşın Lanova WQP12-7809XDI,1035.0,1750.0,41.0,0.0,0,Lanova,Qabyuyan maşın
Soyuducu Samsung RT38CG6000WW/WT,1051.99,1051.99,0.0,0.0,3,Samsung,Soyuducu
Paltaryuyan maşın Yoshiro YWM-GR1014SI60G,805.35,1610.0,50.0,0.0,2,Yoshiro,Paltaryuyan maşın
"Paltar qurutma maşını 220V/110V 4C, qatlanan, elektrik",62.91,81.85,23.0,0.0,0,No brand,Paltar qurudan
Donruducu kamera Kraft BD (W)-135QX,303.0,435.0,30.0,0.0,7,Kraft,Digər
Mətbəx plitəsi Gefest 6100-02 0308,699.0,799.0,13.0,0.0,1,Gefest,Digər
Qabyuyan maşın Samsung DW60A6092FS/WT,939.0,1539.0,39.0,0.0,0,Samsung,Qabyuyan maşın
"Paltar qurutma maşını, kondensasiyalı, 5 kq, ağ",94.5,145.0,35.0,0.0,0,No brand,Paltar qurudan
Soyuducu Beko B3RCNK362HX,1199.99,1793.0,33.0,4.7,15,Beko,Soyuducu
Paltaryuyan maşın Beko MVSPE 7H9616 W,729.99,1109.0,34.0,0.0,1,Beko,Paltaryuyan maşın
Portativ quruducu maşın Valence GR996,51.0,79.0,35.0,0.0,1,Portativ,Digər
Dondurucu kamera Biryusa M414,453.98,600.0,24.0,4.1,7,Biryusa,Dondurucu
Qabyuyan maşın Bosch SMS8ZDI86Q,2428.0,3717.0,35.0,0.0,1,Bosch,Qabyuyan maşın
Mətbəx plitəsi Ferre ZTW-F0704İ,594.75,594.75,0.0,0.0,0,No brand,Digər
Qaz paneli 90sm bej SİGMA 91-468,479.0,599.0,20.0,0.0,0,No brand,Qaz plitəsi
"Soyuducu Shivaki HD430 RWENE/DISP, tünd göy",879.99,1499.0,41.0,0.0,1,Shivaki,Soyuducu
Paltaryuyan maşın Toshiba TWBL80A2UZ-SS 7 kq 1200 dövr/dəq Gümüş,664.98,1299.99,49.0,0.0,0,Toshiba,Paltaryuyan maşın
Paltar qurudan bambuk,69.99,149.0,53.0,0.0,0,No brand,Paltar qurudan
Paltar və ayaqqabılar üçün quruducu Lofans S5 Beige,59.19,89.99,34.0,0.0,0,No brand,Paltar qurudan
Qaz plitəsi RAF R.8500,24.93,44.0,43.0,3.3,6, RAF,Qaz plitəsi
Qarışıq plitə Hoffmann F767S,666.99,1333.98,50.0,0.0,1,Hoffmann,Digər
Dondurucu şkaf Kraft KF-HS-130S,343.0,530.0,35.0,0.0,1,Kraft,Dondurucu
Soyuducu Yoshiro YRF-T415NF70HB,871.99,1259.9,31.0,0.0,2,Yoshiro,Soyuducu
Paltaryuyan maşın Vestel R1W812T2BSX .,685.0,900.0,24.0,0.0,2,Vestel,Paltaryuyan maşın
Paltarqurudan maşın Bompani BO5297UK-BI8200,2293.0,2293.0,0.0,0.0,0,Bompan,Digər
Qarışıq plitə Luxell LF60-GEG31 White,598.98,598.98,0.0,0.0,0, Luxell,Digər
Qabyuyan maşın Beko BDFN25521B,879.99,1339.0,34.0,0.0,1,Beko,Qabyuyan maşın
Soyuducu Yoshiro YRF-T415NF70HX,871.99,1259.9,31.0,0.0,6,Yoshiro,Soyuducu
Paltaryuyan maşın Hoffmann WMH7012W - WMH7012W,605.97,1199.99,50.0,0.0,0,Hoffmann,Paltaryuyan maşın
Dondurucu kamera Biryusa 6046,578.0,850.0,32.0,0.0,2,Biryusa,Dondurucu
Quruducu maşın Eurolux EU-TD1099S-10BLDG 10 kq Qara,1099.99,1450.0,24.0,0.0,0,Eurolux,Quruducu
Qaz plitəsi RAF R.8501,30.0,34.0,12.0,0.0,2, RAF,Qaz plitəsi
Qabyuyan maşın Samsung DW60M5062FW/TR,809.42,1399.0,42.0,4.3,3,Samsung,Qabyuyan maşın
Dondurucu qutu Biryusa 240KX,579.96,999.0,42.0,0.0,27,Biryusa,Dondurucu
Dondurucu şkaf Biryusa M6147NF Metal,882.15,1299.99,32.0,4.9,15,Biryusa,Dondurucu
Soyuducu Indesit ITS 4200 G,807.99,1179.9,32.0,4.6,10,Indesit,Soyuducu
Paltaryuyan maşın Eurolux EU-WM1271S-7BLDG 7 kq 1200 dövr/dəq Gümüş,576.09,769.99,25.0,0.0,2,Eurolux,Paltaryuyan maşın
Paltar qurudan qurğu DSP SH_2521_0013 (KD6026) Bej - SH_2521_0013,79.0,128.0,38.0,0.0,0,DSP,Paltar qurudan
Soyuducu Emersun TFN18D Gray,759.0,1099.0,31.0,0.0,4,No brand,Soyuducu
Paltaryuyan maşın Biryusa WM-SE814/10S,551.0,893.0,38.0,4.2,10,Biryusa,Paltaryuyan maşın
Dondurucu şkaf Silver BD 150-148,734.98,734.98,0.0,0.0,1,Silver,Dondurucu
"Qabyuyan maşın Bosch SMS46NB20V, qara",1565.28,2000.0,22.0,0.0,1,Bosch,Qabyuyan maşın
Qaz plitəsi Wolf 064 4 konforlu bərkidilmiş şüşə qara,209.0,209.0,0.0,0.0,0,Wolf,Qaz plitəsi
Quruducu maşın Beko B5 T892 43M,1463.41,2800.0,48.0,0.0,0,Beko,Quruducu
Quruducu maşın Eurolux EU-TD10ES78S-10BLDG,1119.53,1999.0,44.0,0.0,0,Eurolux,Quruducu
"Paltaryuyan maşın Eurolux EU-WM1271S-7BLDG/2305, Qara, 7 kq, 1200 dövr/dəq",649.0,949.0,32.0,0.0,0,Eurolux,Paltaryuyan maşın
"Soyuduc Ferre FNF440, No frost, gümüşü",747.89,1499.9,50.0,0.0,0,No Frost,Digər
"Paltaryuyan maşın 7Tech 7WM4S1280GSS1, Qara, 8 kq, 1400 dövr/dəq, Qurudulma",524.39,739.43,29.0,0.0,0,7Tech,Paltaryuyan maşın
Dondurucu kamera şaquli EU-FR9-SD-HDF1-I - EU-FR9-SD-HDF1-I,372.76,474.99,22.0,0.0,2,No brand,Dondurucu
Qabyuyan maşın Beko BDFN36641XD,1049.99,1199.0,12.0,0.0,0,Beko,Qabyuyan maşın
Qarışıq plitə Shivaki Milagro 01-K Black,382.98,520.0,26.0,0.0,0,Shivaki,Digər
Quruducu maşın Bompani BOCD10DV/B,3811.0,3811.0,0.0,0.0,0,Bompan,Quruducu
Soyuducu Hoffmann DTF-492W,179.0,371.98,52.0,4.6,11,Hoffmann,Soyuducu
"Paltaryuyan maşın JVC WG-NLDF06H5S, boz, 6 kq, 1000 dövr/dəq",510.0,629.0,19.0,0.0,0,No brand,Paltaryuyan maşın
Dondurucu qutu Silver BD 150,449.0,550.0,18.0,3.8,6,Silver,Dondurucu
Qabyuyan maşın Beko DIN15Q20W,628.0,1256.0,50.0,0.0,0,Beko,Qabyuyan maşın
Kombinə edilmiş plitə Shivaki 01K 3 gözlü paslanmayan polad qəhvəyi.,411.99,604.99,32.0,0.0,0,Shivaki,Digər
Paltar və ayaqqabılar üçün quruducu cihaz Folding heater 150W/220V,22.47,35.0,36.0,0.0,1,No brand,Paltar qurudan
Soyuducu Indesit DS 4180 G,706.99,949.9,26.0,4.9,24,Indesit,Soyuducu
Paltaryuyan maşın Shivaki 1060S - SHIV-WM1060 S,522.99,899.0,42.0,4.8,5,Shivaki,Paltaryuyan maşın
Kombinə edilmiş plitə Shivaki 01K 4 gözlü emallı qəhvəyi,416.68,600.0,31.0,0.0,1,Shivaki,Digər
Dondurucu kamera Eurolux EU-HF9-1SD,378.7,779.0,51.0,0.0,6,Eurolux,Dondurucu
Soyuducu Pozis Свияга 538-8 White,1088.55,1439.9,24.0,0.0,2, Pozis,Soyuducu
Paltar və ayaqqabılar üçün quruducu Electric Hanger Umate V3719,38.0,50.0,24.0,0.0,0,No brand,Paltar qurudan
Soyuducu TCL F265BFG,697.2,1394.4,50.0,0.0,0,No brand,Soyuducu
Paltaryuyan maşın Midea MF01712BS40/W,529.99,719.99,26.0,4.7,10,Midea,Paltaryuyan maşın
Dondurucu kamera Hoffmann FRZ-850W,399.0,599.0,33.0,3.6,7,Hoffmann,Dondurucu
Qabyuyan maşın Hoffmann DW-612X,514.98,799.99,36.0,0.0,0,Hoffmann,Qabyuyan maşın
Quruducu maşın Bompani BOCD10DV/W,3811.0,3811.0,0.0,0.0,0,Bompan,Quruducu
Soyuducu Biryusa M6139,689.2,1500.0,54.0,0.0,0,Biryusa,Soyuducu
Paltaryuyan maşın TCL P607FLG,489.51,489.51,0.0,0.0,1,LG,Paltaryuyan maşın
Dondurucu şkaf Winning Star ST-BD-180L,579.31,579.31,0.0,0.0,0,Winning Star,Dondurucu
Qabyuyan maşın Samsung DW60M5052FS - Silver,799.26,1299.99,39.0,0.0,0,Samsung,Qabyuyan maşın
Mətbəx plitəsi Femas ZTW-F0504A,433.75,433.75,0.0,4.5,4,No brand,Digər
Soyuducu Hitachi HRTN5198MXAE No Frost ikiqapılı gümüşü,670.76,670.76,0.0,0.0,1,Hitachi,Soyuducu
Paltaryuyan maşın Ziffler BWMK7T2DG,484.0,783.0,38.0,0.0,4,Ziffler,Paltaryuyan maşın
"Paltar üçün elektron quruducu İL-4097, portativ",88.9,126.9,30.0,0.0,0,Portativ,Paltar qurudan
Quruducu maşın Eurolux EU-TD10XN78S-10BLDG,1119.53,1999.0,44.0,0.0,0,Eurolux,Quruducu
Dondurucu qutu Kraft BD (W)-310 S,589.0,776.0,24.0,0.0,5,Kraft,Dondurucu
Qabyuyan maşın Beko BDFN26526AQ,879.99,1353.0,35.0,0.0,0,Beko,Qabyuyan maşın
Qaz plitəsi RAF R.8501 - R.8501,30.42,83.2,63.0,4.5,2, RAF,Qaz plitəsi
Soyuducu Atlant ХМ-4012-022,769.99,849.0,9.0,0.0,3,Atlant,Soyuducu
Paltaryuyan maşın Hoffmann WMH6012T,519.96,899.0,42.0,0.0,6,Hoffmann,Paltaryuyan maşın
Dondurucu kamera Eurolux EU-FR9-SD-HDF1-I/4605 Defrost De Frost Boz 90 l,399.0,549.0,27.0,4.5,2,Eurolux,Dondurucu
Quruducu maşın Eurolux EU-TD10AF78S-10BLDG,1119.53,1999.0,44.0,0.0,0,Eurolux,Quruducu
Dondurucu Eurolux ON-9SDF320_ONLY,437.87,799.0,45.0,0.0,0,Eurolux,Dondurucu
Qabyuyan maşın LG DFC435FP,1449.99,1829.99,21.0,0.0,4,LG,Qabyuyan maşın
"Qaz sobası, bir gözlü, asan təmizlənən, vahid istilik, sadə əməliyyat - ZTW-ABR8500S",18.73,35.0,46.0,0.0,0,No brand,Qaz plitəsi
Soyuducu Biryusa B920NF,731.99,1029.9,29.0,4.3,6,Biryusa,Soyuducu
Paltaryuyan maşın Hoffmann WM7110TT,495.87,699.99,29.0,4.7,7,Hoffmann,Paltaryuyan maşın
Qabyuyan maşın LG DFC513FVE,1399.99,1999.99,30.0,0.0,0,LG,Qabyuyan maşın
Elektrik paltar qurucusu HT-3737,54.0,90.0,40.0,0.0,0,No brand,Elektrik plitəsi
"Dondurucu şkaf Biryusa 412, De Frost, Ağ, 80 L",367.77,754.02,51.0,0.0,0,Biryusa,Dondurucu
Soyuducu Hoffmann DEFB 185S,633.03,1266.06,50.0,0.0,2,Hoffmann,Soyuducu
Paltaryuyan maşın SHARP ES-FE612DLZ-S,542.84,1085.68,50.0,0.0,1,Sharp,Paltaryuyan maşın
Qabyuyan maşın BOSCH SMS 4HMB62 T,1666.35,3332.7,50.0,0.0,0,Bosch,Qabyuyan maşın
Kombinasiya edilmiş plitə Kraft KF-FSK6406AEBGRI 70 l,479.0,589.0,19.0,0.0,0,Kraft,Digər
Dondurucu kamera Hoffmann FR-947WNL,499.99,999.99,50.0,0.0,3,Hoffmann,Dondurucu
Mini soyuducu Ardesto DFM-50X,179.99,224.99,20.0,4.7,14,Ardesto,Mini soyuducu
Paltaryuyan maşın Yoshiro YWM-M712SI44W White,549.99,900.0,39.0,4.4,5,Yoshiro,Paltaryuyan maşın
Qabyuyan maşın Toshiba DW-14F1CISS LGE,883.97,1299.0,32.0,0.0,2,LG,Qabyuyan maşın
Dondurucu qutu Ardesto FRM-300MCH,619.87,619.87,0.0,0.0,4,Ardesto,Dondurucu
Soyuducu Shivaki HD 345RN Black,599.0,819.78,27.0,0.0,1,Shivaki,Soyuducu
Paltaryuyan maşın Hoffmann WMH6012W White,579.96,1199.0,52.0,0.0,3,Hoffmann,Paltaryuyan maşın
Qabyuyan maşın MIDEA MFD60S510Bi-C,978.99,1239.9,21.0,0.0,0,Midea,Qabyuyan maşın
Qaz plitəsi 40x40,39.58,95.0,58.0,0.0,1,No brand,Qaz plitəsi
Dondurucu qutu Ardesto FRM-200MCH,435.09,544.99,20.0,0.0,7,Ardesto,Dondurucu
Soyuducu Biryusa M6139,589.0,919.0,36.0,0.0,2,Biryusa,Soyuducu
Hisense Paltaryuyan WFQP6012EVM,468.39,700.0,33.0,4.9,10,Hisense,Digər
Qabyuyan maşın Yoshiro YDW-SF614M30X,699.0,999.0,30.0,0.0,0,Yoshiro,Qabyuyan maşın
Qarışıq soba Gefest PGE 6112-02 0112,599.0,750.0,20.0,0.0,0,Gefest,Digər
Dondurucu qutu LG GCS215SQFG,870.0,1279.99,32.0,0.0,0,LG,Dondurucu
"Soyuducu Shivaki H345-RND, statik, ikiqapılı, ağ",582.98,899.99,35.0,0.0,0,Shivaki,Soyuducu
Paltaryuyan maşın Neos KG60-1021N-GR,464.96,980.0,53.0,0.0,3,No brand,Paltaryuyan maşın
Qabyuyan maşın Samsung DW60M5052FW - White,879.98,879.98,0.0,0.0,0,Samsung,Qabyuyan maşın
Qaz plitəsi BB-000008,37.93,75.0,49.0,0.0,0,No brand,Qaz plitəsi
Dondurucu kamera ALNEO 150L - ALNEO_S145W_150LT_S340QERIB,415.76,719.0,42.0,0.0,0,Alneo,Dondurucu
Qaz plitəsi RAF R.8500-QARA,30.0,30.0,0.0,4.3,3, RAF,Qaz plitəsi
Qabyuyan maşın Samsung DW60M5052FW - SHRK_4884_00613,839.99,1635.9,49.0,0.0,0,Samsung,Qabyuyan maşın
Soyuducu Biryusa M6134,550.99,849.9,35.0,0.0,8,Biryusa,Soyuducu
Paltaryuyan maşın Bosch WAN2420XME,1111.0,1701.0,35.0,0.0,8,Bosch,Paltaryuyan maşın
Dondurucu şkaf Eurolux EU-HFU20-1SN,899.41,999.0,10.0,0.0,0,Eurolux,Dondurucu
Mətbəx plitəsi Gefest 6100-02 0305,699.0,799.0,13.0,0.0,0,Gefest,Digər
Qabyuyan maşın Hoffmann DW-712X,599.59,759.99,21.0,0.0,0,Hoffmann,Qabyuyan maşın
Soyuducu Biryusa W 6134,549.0,859.0,36.0,0.0,2,Biryusa,Soyuducu
Paltaryuyan maşın Shivaki TE-60L,225.0,310.23,27.0,0.0,1,Shivaki,Paltaryuyan maşın
Dondurucu qutu Eurolux EU-CF20-TD-HDF1,526.45,899.99,42.0,0.0,1,Eurolux,Dondurucu
Elektrik plitəsi Eurolux EU-EC37XN40ACB 4 konforlu,399.99,399.99,0.0,0.0,0,Eurolux,Elektrik plitəsi
Qabyuyan maşın Lanova WQP12-7809X,1000.0,1740.0,43.0,0.0,0,Lanova,Qabyuyan maşın
Mini soyuducu Biryusa 50,224.0,499.0,55.0,0.0,1,Biryusa,Mini soyuducu
Paltaryuyan maşın Shivaki _MYCM_14_TG70F 7 kq 1200 dövr/dəq ağ,215.04,299.98,28.0,0.0,0,Shivaki,Paltaryuyan maşın
Dərin dondurucu Eurolux EU-CF30-TD-HDF1-WDF,659.25,999.0,34.0,0.0,1,Eurolux,Digər
Qabyuyan maşın Samsung DW60M6072FS-TR,1189.73,1699.99,30.0,0.0,0,Samsung,Qabyuyan maşın
Qaz plitəsi BK167-A,27.99,41.16,32.0,0.0,1,No brand,Qaz plitəsi
"Qabyuyan maşın Midea MFD60S510Bi-C, 14 dəst, 42 dB, 10 proqram, A",1324.99,2877.8,54.0,0.0,0,Midea,Qabyuyan maşın
Soyuducu Shivaki HD316-FN Black,517.77,1150.0,55.0,0.0,0,Shivaki,Soyuducu
Paltaryuyan maşın Shivaki SE65,187.77,328.99,43.0,0.0,0,Shivaki,Paltaryuyan maşın
Dondurucu qutu Media MDRC345FZF01,593.25,1186.5,50.0,0.0,2,No brand,Dondurucu
"Masaüstü qaz plitəsi, 4 konfor, Kombinasiya edilmiş plitə, Paslanmayan polad, Qara",167.0,167.0,0.0,0.0,0,No brand,Digər
Qabyuyan maşın Beko BDFN36641WD,1099.99,1683.0,35.0,0.0,0,Beko,Qabyuyan maşın
Paltaryuyan maşın Hisense WFVB7012MT,599.99,950.0,37.0,0.0,2,Hisense,Paltaryuyan maşın
"Soyuducu Shivaki HD316-FN, Low Frost, İkiqapılı, Ağ",494.22,714.09,31.0,0.0,1,Shivaki,Soyuducu
Paltaryuyan maşın Quicks 1865,178.5,178.5,0.0,0.0,3,Quicks,Paltaryuyan maşın
Dondurucu kamera Eurolux EU.HFU201SN,929.87,1259.0,26.0,0.0,0,Eurolux,Dondurucu
Qaz plitəsi Yucel O-200-LPG Brown,53.0,53.0,0.0,0.0,0,No brand,Qaz plitəsi
Qabyuyan maşın Samsung DW60M5050BB/TR,967.45,1170.0,17.0,0.0,0,Samsung,Qabyuyan maşın
Soyuducu Ziffler BRF-258TFSR,489.0,759.0,36.0,0.0,3,Ziffler,Soyuducu
Paltaryuyan maşın Wolf XPB100-8A,139.47,150.0,7.0,4.8,12,Wolf,Paltaryuyan maşın
Qabyuyan maşın LG DFC532FP,1799.99,1999.99,10.0,0.0,0,LG,Qabyuyan maşın
"Dondurucu şkaf Biryusa M412, Damlama sistemi, Gümüşü, 80 L",406.97,799.99,49.0,0.0,0,Biryusa,Dondurucu
Qaz plitəsi Bompani DECO92M5CB,7963.0,7963.0,0.0,0.0,0,Bompan,Qaz plitəsi
Dishwasher Bosch SMV25AX06E 12 sets 48 dB A+,1663.95,1663.95,0.0,0.0,0,Bosch,Digər
"Soyuducu Shivaki HD-276-FN, Low Frost, İkiqapılı, Gümüşü",473.97,599.99,21.0,0.0,0,Shivaki,Soyuducu
Portativ paltaryuyan maşın Purple 21771328,38.69,72.0,46.0,3.7,3,Portativ,Digər
Dondurucu şkaf Eurolux EU-FR20-SD-HNF1,843.74,1000.0,16.0,4.5,2,Eurolux,Dondurucu
Kombinə edilmiş qaz-elektrik plitəsi 1001box LANOVA 3 konforlu şüşə keramika qara,490.0,490.0,0.0,0.0,0,Lanova,Digər
Qabyuyan maşın Bergamo BG-DW5016B60GS,727.35,990.0,27.0,0.0,0,No brand,Qabyuyan maşın
Soyuducu Biryusa M124,466.0,735.0,37.0,0.0,1,Biryusa,Soyuducu
Paltaryuyan maşın Hitachi BD-802HVOS,808.04,808.04,0.0,0.0,0,Hitachi,Paltaryuyan maşın
Dondurucu qutu Biryusa 305KVS,629.31,1150.0,45.0,0.0,1,Biryusa,Dondurucu
Mətbəx plitəsi Ferre ZTW-F0704Q,500.0,500.0,0.0,0.0,0,No brand,Digər
"Qabyuyan maşın Midea MID60S350i-C, 14 dəst, 44 dB, 9 proqram, A",834.0,1300.0,36.0,0.0,0,Midea,Qabyuyan maşın
Soyuducu Kumtel HTMF-210SL,449.99,699.99,36.0,0.0,0,No brand,Soyuducu
"Portativ paltar yuyan maşın No brand, Ağ, 2 kq, 150 dövr/dəq",85.0,85.0,0.0,0.0,0,Portativ,Digər
Dondurucu kamera Alneo S90W - ALNEO_S90W_200LT_S415QERIB,484.51,1020.0,52.0,0.0,0,Alneo,Dondurucu
"Qabyuyan maşın Bosch SMD8TCX01E 14 dəst, 8 proqram, 42 dB, A++",3333.99,5999.0,44.0,0.0,0,Bosch,Qabyuyan maşın
Qabyuyan maşın Eurolux EU.DW9212B60GS,769.95,1200.0,36.0,0.0,1,Eurolux,Qabyuyan maşın
Dondurucu qutu Vesta VFC 370 White,631.99,999.0,37.0,0.0,0,Vesta,Dondurucu
"Soyuducu Hisense DT27DR4, Defrost, ikiqapılı, ağ",439.0,559.0,21.0,0.0,1,Hisense,Soyuducu
Paltaryuyan maşın Denx DX2041 1200W 6kq,120.0,300.0,60.0,0.0,0,No brand,Paltaryuyan maşın
Qaz plitəsi Yücel ZTW-Y100,55.19,70.0,21.0,0.0,0,Yücel,Qaz plitəsi
Qabyuyan maşın Sharp QW-MA814-SS3,858.9,1717.8,50.0,0.0,0,Sharp,Qabyuyan maşın
Dondurucu kamera Beko HSM10440,614.0,945.0,35.0,0.0,0,Beko,Dondurucu
Soyuducu Midea MDRT294FGF28W,459.99,684.99,33.0,4.3,43,Midea,Soyuducu
Mini paltaryuyan maşın 6917808740356,49.9,80.0,38.0,4.4,7,No brand,Mini soyuducu
Qaz plitəsi Sultan SUL-3 Brown,60.0,80.0,25.0,3.7,3,No brand,Qaz plitəsi
Qabyuyan maşın Eurolux EU-DW9212B60GS,704.13,1029.9,32.0,0.0,1,Eurolux,Qabyuyan maşın
Dondurucu Shivaki SFB130,572.67,1249.99,54.0,0.0,0,Shivaki,Dondurucu
Soyuducu Midea MDRT294FGF50 Defrost birqapılı gümüşü,430.0,659.0,35.0,0.0,0,Midea,Soyuducu
"Mini-paltaryuyan maşın XYJ-001, mavi",49.96,90.0,44.0,4.8,4,No brand,Digər
Qabyuyan maşın Regal AG101,632.99,999.99,37.0,0.0,0,Regal,Qabyuyan maşın
Mətbəx plitəsi Luxell ZTW-LF60Q,554.5,554.5,0.0,0.0,1, Luxell,Digər
"Qabyuyan maşın Toshiba DW-14F7(B)-CIS, 14 dəst, boz - SHRK_4884_00643",896.99,1199.99,25.0,0.0,0,Toshiba,Qabyuyan maşın
Dondurucu şkaf Beko FS166020,429.99,637.0,32.0,0.0,0,Beko,Dondurucu
Qabyuyan maşın LG DFB512FW-LG,1719.99,1999.99,14.0,0.0,0,LG,Qabyuyan maşın
Dondurucu qutu Biryusa 155KVS,395.77,489.63,19.0,4.3,4,Biryusa,Dondurucu
Qaz plitəsi Winning Star ST-9654,59.94,110.0,46.0,0.0,2,Winning Star,Qaz plitəsi
Qabyuyan maşın Sharp QW-MB612-SS3,695.1,1390.2,50.0,0.0,0,Sharp,Qabyuyan maşın
Soyuducu Biryusa 551,448.64,699.99,36.0,3.7,3,Biryusa,Soyuducu
Mini paltaryuyan maşın No Brand B43 Çəhrayı,33.0,80.0,59.0,4.3,3,No brand,Mini soyuducu
Mətbəx plitəsi və bişirmə plitəsi Luxell ZTW-LF60A,554.5,554.5,0.0,0.0,0, Luxell,Digər
Qabyuyan maşın Eurolux EU-DW9218B60GS,768.99,1300.0,41.0,0.0,2,Eurolux,Qabyuyan maşın
Dondurucu kamera ALNEO 100 - ALNEO_S101W_100LT_S300QERIB,397.99,699.0,43.0,0.0,0,Alneo,Dondurucu
Dondurucu qutu Hisense FC39DD,649.99,999.99,35.0,0.0,1,Hisense,Dondurucu
Soyuducu Biryusa 553,398.0,619.0,36.0,4.7,11,Biryusa,Soyuducu
Paltaryuyan maşın Beko WSRE6512PRS,644.45,1199.99,46.0,0.0,1,Beko,Paltaryuyan maşın
"Masaüstü qaz plitəsi , 3 konforlu, Mina, Qara",86.99,86.99,0.0,0.0,0,No brand,Digər
"Qabyuyan maşın Samsung DW60M5070FW/SG, Tam ölçülü, 14 dəst, A+, Ağ",835.47,1029.0,19.0,0.0,0,Samsung,Qabyuyan maşın
Dondurucu kamera Biryusa 6046 SN,950.62,1299.0,27.0,0.0,0,Biryusa,Dondurucu
Soyuducu Biryusa 110,439.0,499.0,12.0,4.5,10,Biryusa,Soyuducu
Paltaryuyan maşın Midea MF100W60/T-C,518.96,1120.0,54.0,4.4,33,Midea,Paltaryuyan maşın
Soyuducu-dondurucu Eurolux EU-HFR62-W2FD,1699.99,2399.0,29.0,0.0,0,Eurolux,Digər
Kombinə edilmiş plitə Shivaki 01K AG 4 gözlü paslanmayan polad ağ,419.97,599.99,30.0,0.0,0,Shivaki,Digər
"Qabyuyan maşın Midea SPRK_MFD60S160Si-C, 14 nəfərlik, 8 proqram, A++ enerji sinifi, 10 L su sərfiyyatı, 49 dB səs səviyyəsi, gümüşü",994.99,2285.85,56.0,0.0,0,Midea,Qabyuyan maşın
Soyuducu Ardesto DTF-M212W143,359.0,529.99,32.0,0.0,0,Ardesto,Soyuducu
Paltaryuyan maşın Bosch WLS2846SME,1010.0,1549.0,35.0,0.0,1,Bosch,Paltaryuyan maşın
Dondurucu qutu Darkin DK-CF110WL,379.24,489.9,23.0,0.0,0,Darkin,Dondurucu
Kombinə edilmiş plitə Kraft KF-FSKM642ES 4 konforlu mina boz,419.0,499.0,16.0,0.0,0,Kraft,Digər
Qabyuyan maşın Lanova LNV 7635,920.0,1650.0,44.0,0.0,1,Lanova,Qabyuyan maşın
Soyuducu Biryusa 408,342.0,599.0,43.0,0.0,1,Biryusa,Soyuducu
Paltaryuyan maşın LG F2Y1VYP6JP,831.0,1367.0,39.0,4.6,27,LG,Paltaryuyan maşın
Qabyuyan maşın LG DFB.512FW,1369.32,1699.9,19.0,0.0,0,LG,Qabyuyan maşın
Dondurucu qutu Biryusa 560KX,830.99,1499.99,45.0,0.0,3,Biryusa,Dondurucu
"Qaz plitəsi Yücel 0-200-BROWN-NG, 2 konfor, paslanmayan polad, Qəhvəyi",45.0,45.0,0.0,0.0,0,Yücel,Qaz plitəsi
"Qabyuyan maşın Eurolux EU-DW9212B60GS, 12 dəst, 6 proqram, A++ enerji, 49 dB, Gümüşü",750.0,800.0,6.0,0.0,0,Eurolux,Qabyuyan maşın
"Mini soyuducu Shivaki 117AG, Defrost, Birqapılı, Ağ",321.63,418.22,23.0,0.0,1,Shivaki,Mini soyuducu
"Portativ mini paltaryuyan maşın 6Vt, ağ",4.99,20.0,75.0,3.4,11,Portativ,Digər
Dondurucu kamera Midea MDRC411FZF01D White,675.15,1350.3,50.0,0.0,0,Midea,Dondurucu
"Masaüstü qaz plitəsi Elif Xe, Kombinasiya edilmiş plitə, 4 konfor, Paslanmayan polad, Qara",125.0,250.0,50.0,0.0,0,No brand,Digər
Qabyuyan maşın Hoffmann DW-712X Silver,569.99,759.99,25.0,0.0,0,Hoffmann,Qabyuyan maşın
Mini soyuducu Ficher Bc84 Meno birqapılı ağ.,299.0,499.0,40.0,0.0,0,No brand,Mini soyuducu
"Paltaryuyan maşın Hoffmann WMH8014T, 8 kq, ön yükləmə, rəqəmsal idarəetmə, gümüş - WMH8014T",567.38,800.0,29.0,0.0,3,Hoffmann,Paltaryuyan maşın
"Dondurucu şkaf Biryusa M412(87X48X60.5 sm), 80L",438.49,685.99,36.0,0.0,0,Biryusa,Dondurucu
Soyuducu Hoffmann DTF-840WEN,319.69,700.99,54.0,0.0,0,Hoffmann,Soyuducu
Paltaryuyan maşın Beko WSPE7H616A,799.99,989.98,19.0,4.4,25,Beko,Paltaryuyan maşın
Qaz paneli Neohot OYD-G4 4 qaz - TRUST2002,103.38,235.65,56.0,0.0,0,No brand,Qaz plitəsi
"Qabyuyan maşın Eurolux EU-DW9212B60GS, 12 dəst, 6 proqram, A++ enerji, 49 dB, Inox",837.95,999.0,16.0,0.0,0,Eurolux,Qabyuyan maşın
Dondurucu qutu Silver BD 100,380.0,380.0,0.0,0.0,0,Silver,Dondurucu
Soyuducu No Brand 83 l Black,499.99,599.99,17.0,0.0,0,No brand,Soyuducu
Paltaryuyan maşın Samsung WW70T3020BS/LP,730.76,1461.52,50.0,4.2,32,Samsung,Paltaryuyan maşın
Qaz plitəsi Kumtel HGCN-1001B,48.0,48.0,0.0,0.0,0,No brand,Qaz plitəsi
Qabyuyan maşın Eurolux EUDW9224B60GS,949.96,1199.99,21.0,0.0,0,Eurolux,Qabyuyan maşın
Dondurucu qutu Biryusa 455 KXQ,799.31,1480.9,46.0,0.0,0,Biryusa,Dondurucu
Qaz plitəsi RAF R-8111 Black,31.25,31.25,0.0,0.0,0, RAF,Qaz plitəsi
Mini-soyuducu Kraft BR-95I,265.0,387.0,32.0,4.7,15,Kraft,Digər
"Qabyuyan maşın Eurolux EU-DW9218B60GS, 15 dəst, 6 proqram, A++ enerji, Gümüşü",983.17,2000.0,51.0,0.0,0,Eurolux,Qabyuyan maşın
"Paltaryuyan maşın Haley HY-7102 Mini, ağ",99.99,120.0,17.0,0.0,0,No brand,Paltaryuyan maşın
Dondurucu qutu Shivaki SFB130 De Frost 250 l ağ-qırmızı.,559.59,681.86,18.0,0.0,0,Shivaki,Dondurucu
Qaz pilitəsi ayaqlı,29.0,68.0,57.0,0.0,2,No brand,Qaz plitəsi
Mini soyuducu No Brand 72 l,264.95,499.99,47.0,0.0,1,No brand,Mini soyuducu
Paltaryuyan maşın Shivaki AZR WM1480S AZR - AZR WM1480S AZR,729.0,999.0,27.0,0.0,0,Shivaki,Paltaryuyan maşın
Qabyuyan maşın Eurolux EU.DW9224B60GS,829.98,999.0,17.0,0.0,0,Eurolux,Qabyuyan maşın
Dondurucu qutu Biryusa B-M155KX,413.99,799.99,48.0,0.0,0,Biryusa,Dondurucu
Qabyuyan maşın Beko BDFN36531GB.,999.98,1200.0,17.0,0.0,0,Beko,Qabyuyan maşın
"Qaz plitəsi Zhendah TORY-001559, 35x30 sm",39.4,45.0,12.0,0.0,0,Zhendah,Qaz plitəsi
"Mini soyuducu Biryusa 45, Damcı sistemi, Birqapılı, Ağ",209.98,399.99,48.0,0.0,0,Biryusa,Mini soyuducu
"Qabyuyan maşın Bergamo BG-DW5016B60GS 60 sm, 14 dəst, 49 dB, A++",760.0,830.0,8.0,0.0,0,No brand,Qabyuyan maşın
Paltaryuyan maşın Yoshiro YWM-M610SI44W,403.0,617.0,35.0,4.3,8,Yoshiro,Paltaryuyan maşın
Dondurucu qutu Biryusa B-M155KX,408.48,531.7,23.0,0.0,0,Biryusa,Dondurucu
Mini soyuducu Termoelektrik Birqapılı Ağ.,129.95,199.99,35.0,0.0,1,No brand,Mini soyuducu
Paltaryuyan maşın Biryusa WM-SL610/11 S,494.0,788.0,37.0,3.5,2,Biryusa,Paltaryuyan maşın
Qaz plitəsi Eurostyle MST-GS32L 2 gözlü qəhvəyi.,32.0,55.0,42.0,0.0,1,Eurostyle,Qaz plitəsi
Dondurucu qutu Biryusa 260KVS,499.0,779.0,36.0,0.0,1,Biryusa,Dondurucu
Qabyuyan maşın Hotpoint HF 5C84 DW X,886.22,886.22,0.0,0.0,0,Hotpoint,Qabyuyan maşın
Kombinasiya edilmiş plitə Kraft FSK6402EBL 70 l,428.99,700.0,39.0,0.0,0,Kraft,Digər
Soyuducu Bosch KGN36NL30U,1165.0,1799.0,35.0,0.0,3,Bosch,Soyuducu
Paltaryuyan maşın Toshiba TW-BL80A2UZ(SS),640.0,1000.0,36.0,4.6,17,Toshiba,Paltaryuyan maşın
Qabyuyan Eurolux EU-DW9224B60.GS,775.14,1129.9,31.0,0.0,0,Eurolux,Qabyuyan maşın
Qabyuyan maşın Eurolux EU-DW9218B60GS LGE,830.0,1050.0,21.0,0.0,0,LG,Qabyuyan maşın
Kombinasiya edilmiş plitə Kraft KF-FSK6402ES 70 l,418.99,700.0,40.0,0.0,0,Kraft,Digər
Eurolux EU/DW9224B60GS,950.43,1300.0,27.0,0.0,0,Eurolux,Digər
Soyuducu Hitachi HRTN6379SXAE No Frost ikiqapılı gümüşü,1123.14,1123.14,0.0,0.0,0,Hitachi,Soyuducu
Paltaryuyan maşın Beko RSPE78612S,799.99,1202.0,33.0,4.5,26,Beko,Paltaryuyan maşın
Dondurucu qutu Darkin DK-CF160LW,419.91,629.93,33.0,0.0,0,Darkin,Dondurucu
"Masaüstü qaz plitəsi, 4 konfor, Kombinasiya edilmiş plitə, Şüşə keramik, Qara",230.0,230.0,0.0,0.0,0,No brand,Digər
Qabyuyan maşın Eurolux EU-DW9224B60GS,768.99,1129.9,32.0,0.0,1,Eurolux,Qabyuyan maşın
Soyuducu Bosch KGN86AI32U,2658.99,3500.0,24.0,0.0,0,Bosch,Soyuducu
Paltaryuyan maşın Samsung WW80AGAS21AXLP,979.0,1299.0,25.0,4.9,14,Samsung,Paltaryuyan maşın
Dondurucu kamera Orvica 001 - ORM-001,177.27,177.27,0.0,0.0,0,No brand,Dondurucu
Qaz plitəsi Lexical LGS-2811-2,33.62,100.0,66.0,0.0,0,LG,Qaz plitəsi
Qabyuyan maşın Eurolux EU-DW92ES18B60GS,820.12,1259.0,35.0,0.0,0,Eurolux,Qabyuyan maşın
Dondurucu kamera Eurolux EU.HFU16-1SN,899.89,1000.0,10.0,0.0,0,Eurolux,Dondurucu
Soyuducu Bosch KGD86AI31U,2733.0,4199.0,35.0,0.0,2,Bosch,Soyuducu
"Paltaryuyan maşın Ziffler BWMF-8J4DG, 8 kq",515.0,887.0,42.0,0.0,4,Ziffler,Paltaryuyan maşın
"Masaüstü qaz plitəsi Quicks, 10150, 4 konfor, Metal, Tünd qırmızı",89.0,89.0,0.0,0.0,0,Quicks,Digər
Qabyuyan maşın Vestel BMA 6402 X,922.38,1199.99,23.0,0.0,0,Vestel,Qabyuyan maşın
Qabyuyan maşın Eurolux EU-DW92XN24B60GS,846.15,1299.0,35.0,0.0,0,Eurolux,Qabyuyan maşın
Dondurucu şkaf Biryusa M414,700.0,700.0,0.0,0.0,0,Biryusa,Dondurucu
Soyuducu LG GR-C639HLCL,1379.99,1629.99,15.0,4.8,21,LG,Soyuducu
Paltaryuyan maşın Midea MF01610US40/T - Quruducu maşın Folding Clothes Dryer GYJ-002 Hədiyyə,639.99,709.99,10.0,0.0,1,Midea,Paltaryuyan maşın
Qarışıq soba Bompani BC643CA/N,3787.0,3787.0,0.0,0.0,0,Bompan,Digər
Qabyuyan maşın Eurolux EU-DW92AF24B60GS,846.15,1299.0,35.0,0.0,0,Eurolux,Qabyuyan maşın
Dərin dondurucu EU-CF20-TD-HDF1-WDF Ağ - EU-CF20-TD-HDF1-WDF,523.68,1000.0,48.0,0.0,0,No brand,Digər
Soyuducu Toshiba GR-RS780WI-PGJ(22),2073.99,3000.0,31.0,0.0,1,Toshiba,Soyuducu
Paltaryuyan maşın Beko WM218CG,739.92,1100.98,33.0,0.0,10,Beko,Paltaryuyan maşın
Kombinasiya edilmiş plitə Kraft KF-FSKM642EW,399.0,479.0,17.0,0.0,0,Kraft,Digər
Qabyuyan maşın Regal 714 S,878.0,1200.0,27.0,0.0,0,Regal,Qabyuyan maşın
Dondurucu Biryusa LAR 210KVS,497.99,899.99,45.0,0.0,0,Biryusa,Dondurucu
Mini-soyuducu Kraft BR-75I,246.0,338.0,27.0,4.8,18,Kraft,Digər
Paltaryuyan maşın Vestel W8P14T2TDXS,636.99,1199.99,47.0,0.0,0,Vestel,Paltaryuyan maşın
Qaz plitəsi 1001box 507 4 konforlu bərkidilmiş şüşə krem,440.0,440.0,0.0,0.0,0,No brand,Qaz plitəsi
Qabyuyan maşın Bompani BO5011,1896.0,1896.0,0.0,0.0,0,Bompan,Qabyuyan maşın
Soyuducu Midea MDRT294FGF02,499.99,709.99,30.0,4.8,75,Midea,Soyuducu
Paltaryuyan maşın Samsung WW70AG6S23AXLP,982.66,1300.0,24.0,0.0,1,Samsung,Paltaryuyan maşın
Dondurucu qutu AZERRA BD/BC-108 100L gümüşü,377.67,650.0,42.0,0.0,0,No brand,Dondurucu
"Qaz plitəsi RAF R.8501_RB, uzadıcı hədiyyə",38.97,75.0,48.0,0.0,0, RAF,Qaz plitəsi
Qabyuyan maşın Bompani BOLF14B/E,1961.0,1961.0,0.0,0.0,0,Bompan,Qabyuyan maşın
Soyuducu Beko B5RCNE66HXB,1649.74,1649.74,0.0,0.0,2,Beko,Soyuducu
Paltaryuyan maşın Samsung WW65A4S20CX/LP,797.0,860.0,7.0,0.0,1,Samsung,Paltaryuyan maşın
Qaz plitəsi 29x29sm,28.44,70.0,59.0,0.0,0,No brand,Qaz plitəsi
Qabyuyan maşın Whirlpool WSFO 3O34 PF X Paslanmayan polad,1259.99,1999.99,37.0,0.0,0,Whirlpool,Qabyuyan maşın
Dondurucu Biryusa M155KX 145 l gümüşü,439.98,699.99,37.0,0.0,0,Biryusa,Dondurucu
Qabyuyan maşın Eurolux EU/DW9218B60GS,849.96,1300.0,35.0,0.0,0,Eurolux,Qabyuyan maşın
Soyuducu Yoshiro YRF-M362NF79HBX,1379.97,1699.0,19.0,3.7,3,Yoshiro,Soyuducu
Paltaryuyan maşın Midea MF01610US40/W,467.0,719.0,35.0,0.0,3,Midea,Paltaryuyan maşın
Dondurucu kamera Hoffmann FRZ-170W,798.99,1299.99,39.0,0.0,1,Hoffmann,Dondurucu
"Masaüstü qaz plitəsi Winning Star ST-5662 2 Şüşə keramik, Qara",196.99,349.99,44.0,0.0,0,Winning Star,Digər
Soyuducu Winning star ST-BCD-152L,409.9,590.0,31.0,0.0,0,Winning Star,Soyuducu
Qabyuyan maşın Eurolux EU-DW92ES24B60GS,828.4,1299.0,36.0,0.0,0,Eurolux,Qabyuyan maşın
Qabyuyan maşın Whirlpool WFE 2B19 X,968.56,1122.99,14.0,0.0,0,Whirlpool,Qabyuyan maşın
Dondurucu şkaf Uğur USS 374 DTKL,1794.98,3669.0,51.0,0.0,0,Uğur,Dondurucu
Qaz plitəsi Euroline ZTW-E100,48.27,48.27,0.0,0.0,1,No brand,Qaz plitəsi
Soyuducu Biryusa W 6033,599.0,979.0,39.0,4.3,29,Biryusa,Soyuducu
Paltaryuyan maşın Hoffmann WMH7012T - WMH7012T,542.12,700.0,23.0,0.0,3,Hoffmann,Paltaryuyan maşın
Qabyuyan maşın Eurolux EU-DW92XN18B60GS,820.12,1259.0,35.0,0.0,0,Eurolux,Qabyuyan maşın
Qabyuyan maşın Eurolux EU-DW92AF18B60GS,820.12,1259.0,35.0,0.0,0,Eurolux,Qabyuyan maşın
Dondurucu şkaf Alneo 100L,388.39,899.0,57.0,0.0,0,Alneo,Dondurucu
Paltaryuyan maşın LG F2V5HYLYJ.AMBPMER,1039.99,1399.0,26.0,4.9,7,LG,Paltaryuyan maşın
Qabyuyan maşın Hotpoint Ariston HI 5D84 DW,979.99,1800.0,46.0,0.0,0,Hotpoint,Qabyuyan maşın
Soyuducu LG GRFB587PQAM,2150.0,2599.0,17.0,0.0,21,LG,Soyuducu
Paltaryuyan maşın TCL P606FLG,507.0,1014.0,50.0,3.8,5,LG,Paltaryuyan maşın
Soyuducu LG GR-X39FMKHL,6788.6,8759.9,23.0,0.0,0,LG,Soyuducu
Dondurucu kamera Biryusa 6048,498.98,650.0,23.0,0.0,0,Biryusa,Dondurucu
Soyuducu Biryusa 920NF,656.0,1033.0,36.0,4.5,11,Biryusa,Soyuducu
Paltaryuyan maşın Bosch WAN2820XME,1013.0,1549.0,35.0,0.0,0,Bosch,Paltaryuyan maşın
"Mətbəx plitəsi, 4 konfor, qara",155.0,155.0,0.0,0.0,0,No brand,Digər
"Dondurucu şkaf Biryusa 6146NF, No Frost, 230 l, ağ",727.9,1499.99,51.0,0.0,0,Biryusa,Dondurucu
Soyuducu Kraft NF 701 IX,1311.0,2146.0,39.0,0.0,1,Kraft,Soyuducu
Paltaryuyan maşın LG F2V5GG2S.ASSPCOM,1139.03,1659.9,31.0,0.0,6,LG,Paltaryuyan maşın
"Qaz plitəsi Zhendah TORY-001585, 2 göz, Metal, Qara",74.99,80.0,6.0,0.0,0,Zhendah,Qaz plitəsi
Dondurucu qutu Kraft KM-365,609.0,949.0,36.0,0.0,1,Kraft,Dondurucu
Soyuducu Bosch KGN49LB30U,2004.99,2599.99,23.0,4.3,6,Bosch,Soyuducu
Paltaryuyan maşın TCL P609FLG,701.0,1402.0,50.0,0.0,0,LG,Paltaryuyan maşın
"Kombinə edilmiş soba Shivaki, Artel Milagro 01-K, 4 gözlü, Emallı, Qara",650.0,650.0,0.0,0.0,0,Artel,Digər
Dondurucu qutu Darkin DK-CF210LW,499.96,779.56,36.0,0.0,0,Darkin,Dondurucu
Soyuducu BEKO B1RCSK362G,799.9,1000.0,20.0,0.0,0,Beko,Soyuducu
Qabyuyan maşın Regal AG 1013 Silver,639.04,999.99,36.0,0.0,0,Silver,Qabyuyan maşın
Qaz plitəsi RAF R.8503 1 gözlü qara,39.98,39.98,0.0,0.0,0, RAF,Qaz plitəsi
Dondurucu şkaf Silver SL 43T,239.21,239.21,0.0,0.0,0,Silver,Dondurucu
Soyuducu Samsung RT38CG6000S9WT,1172.81,1700.0,31.0,4.6,11,Samsung,Soyuducu
Paltaryuyan maşın Midea MF01814BS47/T-GEO,659.9,800.0,18.0,0.0,0,Midea,Paltaryuyan maşın
Qabyuyan maşın Regal Y 25 X,742.53,1199.99,38.0,0.0,0,Regal,Qabyuyan maşın
"Masaüstü qaz plitəsi Elif Xe, 4 göz, Metal, Qara",105.0,210.0,50.0,0.0,0,No brand,Digər
Dondurucu qutu Silver BD 91,450.0,450.0,0.0,0.0,0,Silver,Dondurucu
Soyuducu Beko B5RCNK363ZXBR,1048.99,1469.9,29.0,4.9,17,Beko,Soyuducu
Paltaryuyan maşın Midea MF01712BS40/W - Quruducu maşın Folding Clothes Dryer GYJ-002 Hədiyyə,649.99,709.99,8.0,0.0,0,Midea,Paltaryuyan maşın
Masa üstü Bişirme Sobasi Quicks 10145 2669878,60.0,60.0,0.0,0.0,1,Quicks,Digər
Dondurucu qutu Shivaki SFB137 330L,638.99,709.66,10.0,0.0,0,Shivaki,Dondurucu
Qabyuyan maşın Indesit DFE-1B19,888.99,2000.0,56.0,0.0,0,Indesit,Qabyuyan maşın
Soyuducu Shivaki HD-276-FN Black,519.13,563.79,8.0,0.0,0,Shivaki,Soyuducu
Paltaryuyan maşın Shivaki AZR WM1460S,534.69,647.53,17.0,0.0,0,Shivaki,Paltaryuyan maşın
Qaz plitəsi RAF R.8032B m.e,42.99,42.99,0.0,0.0,0, RAF,Qaz plitəsi
Soyuducu Hoffmann DFTN143S Boz,470.0,659.99,29.0,0.0,1,Hoffmann,Soyuducu
Paltaryuyan maşın Shivaki 1070S - SHIV-WM1070 S,560.0,916.0,39.0,0.0,1,Shivaki,Paltaryuyan maşın
"Kombinə edilmiş soba Shivaki Artel Milagro 01-K, 4 gözlü, Emallı, Qəhvəyi",650.0,650.0,0.0,0.0,0,Artel,Digər
Soyuducu Hoffmann NFFD-180BG,1299.99,1699.99,24.0,0.0,9,Hoffmann,Soyuducu
Paltaryuyan maşın LG F2V9GW9P - AZR F2V9GW9P AZR,1139.99,1250.0,9.0,0.0,1,LG,Paltaryuyan maşın
"Dondurucu qutu 7Tech 7FR4G250WS3, No Frost, Ağ, 150 L",525.96,657.0,20.0,0.0,0,7Tech,Dondurucu
Soyuducu Samsung RB31FERNDWW/WR,1109.85,1600.0,31.0,0.0,3,Samsung,Soyuducu
Paltaryuyan maşın Xiaomi Mijia Pro QMP4603EU,1199.99,1654.99,27.0,0.0,0,No brand,Paltaryuyan maşın
Masaüstü qaz plitəsi RAF R.8500 1 Metal Qara,20.99,20.99,0.0,0.0,0, RAF,Digər
Soyuducu Ziffler BRF-258TFSLATE,489.0,759.0,36.0,4.5,2,Ziffler,Soyuducu
Paltaryuyan maşın UM001000959,39.09,99.88,61.0,3.8,8,No brand,Paltaryuyan maşın
"Dondurucu qutu 7Tech, De Frost, Ağ, 250 l",521.19,688.25,24.0,0.0,0,7Tech,Dondurucu
"Soyuducu Samsung, No Frost, Gümüşü",1059.97,1999.99,47.0,0.0,0,Samsung,Soyuducu
Portativ paltaryuyan maşın Purple-HVB,33.99,55.0,38.0,3.8,5,Portativ,Digər
Qabyuyan maşın Hotpoint-Ariston HFC 3C41 CW X,1218.59,1569.9,22.0,0.0,0,Hotpoint,Qabyuyan maşın
Qaz plitəsi Lexical LGS-2811-5,61.69,84.7,27.0,0.0,0,LG,Qaz plitəsi
Dondurucu qutu Pozis FH 250-1,763.0,971.0,21.0,0.0,2, Pozis,Dondurucu
Soyuducu HirSing HS-090-01,160.0,160.0,0.0,0.0,0,No brand,Soyuducu
Paltaryuan maşın Hoffmann VM6110WT,491.23,700.0,30.0,3.3,3,Hoffmann,Digər
"Kombinə edilmiş soba Shivaki, Artel Milagro 01-K Silver 01K, 4 gözlü, Emallı, Ağ",620.0,620.0,0.0,0.0,0,Artel,Digər
Dondurucu şkaf Booş De Frost Grey 176 l,903.47,1750.0,48.0,0.0,0,No brand,Dondurucu
Soyuducu Hisense RD73WRWD Inox,1298.67,2399.99,46.0,0.0,3,Hisense,Soyuducu
Paltaryuyan maşın Hoffmann WM7110WT,468.75,899.99,48.0,0.0,3,Hoffmann,Paltaryuyan maşın
Kombinasiya edilmiş plitə Kraft KF-FSK6402EW 70 l,398.99,700.0,43.0,0.0,0,Kraft,Digər
Dondurucu şkaf Biryusa B-6048,464.99,579.65,20.0,0.0,0,Biryusa,Dondurucu
Soyuducu Beko B1RCNK362G,934.99,1359.9,31.0,0.0,5,Beko,Soyuducu
Paltaryuyan maşın Samsung WW90DG6U34LELP,1073.99,1599.99,33.0,0.0,1,Samsung,Paltaryuyan maşın
Mini soyuducu Smeg FAB10RRD5,3151.0,3938.75,20.0,0.0,0,Smeg,Mini soyuducu
Paltaryuyan maşın LG L9C1107PBGC,1599.99,2149.99,26.0,0.0,2,LG,Paltaryuyan maşın
"Dondurucu qutu Shivaki SFB130, damlama sistemi, ağ, 250 L",532.98,899.99,41.0,0.0,0,Shivaki,Dondurucu
Qaz plitəsi Winning Star ST-5658,32.99,55.0,40.0,0.0,2,Winning Star,Qaz plitəsi
Qabyuyan maşın Beko BDFN36730GB - SHRK_4884_00662,918.6,1000.99,8.0,0.0,0,Beko,Qabyuyan maşın
Dondurucu qutu Kraft BD (W) 150 BL,423.75,699.99,39.0,4.2,5,Kraft,Dondurucu
Soyuducu Samsung RB31FERNDS9/WT,1275.45,1700.0,25.0,3.8,10,Samsung,Soyuducu
Paltaryuyan maşın LG F2X5PYNY6.AEBQME3,979.99,1359.99,28.0,0.0,0,LG,Paltaryuyan maşın
"Qaz plitəsi RAF R.8500, 1 konfor, metal, qara",19.99,19.99,0.0,0.0,0, RAF,Qaz plitəsi
Dondurucu qutu Kraft KM-177,358.0,557.0,36.0,0.0,3,Kraft,Dondurucu
"Qaz plitəsi Euro Klass, 2 gözlü, masaüstü, qəhvəyi.",89.98,130.0,31.0,0.0,0,No brand,Qaz plitəsi
Soyuducu Kraft NF 601 X,1239.0,1999.0,38.0,0.0,2,Kraft,Soyuducu
Paltaryuyan maşın LG F2X5PYNY8 8 kq 1400 dövr/dəq ağ.,969.99,1359.99,29.0,0.0,0,LG,Paltaryuyan maşın
"Qaz plitəsi No brand, 2 konfor, Mina, Ağ",75.99,75.99,0.0,0.0,0,No brand,Qaz plitəsi
Qaz plitəsi RAF R. 8032B,32.0,32.0,0.0,0.0,0, RAF,Qaz plitəsi
Dondurucu kamera Eurolux EU-FR9-SD-HDF1-I 90 L Boz,449.87,800.0,44.0,0.0,0,Eurolux,Dondurucu
Soyuducu Biryusa M110,380.0,597.0,36.0,4.3,11,Biryusa,Soyuducu
Paltaryuyan Maşın Samsung WW80TA046AX/GU,940.0,1300.0,28.0,4.2,5,Samsung,Paltaryuyan maşın
"Qaz plitəsi Zhendah TORY-001564, 60x60 sm",77.99,83.0,6.0,0.0,0,Zhendah,Qaz plitəsi
Dondurucu kamera Pozis FV 108 SX,540.99,699.0,23.0,0.0,0, Pozis,Dondurucu
Qabyuyan maşın Indesit DFE 1B19,888.54,1299.99,32.0,0.0,0,Indesit,Qabyuyan maşın
Soyuducu Indesit ITS 5180 G,817.99,1169.9,30.0,0.0,21,Indesit,Soyuducu
Paltaryuyan maşın Vestel R1W712T1BSX.,687.97,1299.0,47.0,0.0,2,Vestel,Paltaryuyan maşın
Dondurucu qutu Biryusa ON.680KXQ 600L,1005.92,1299.0,23.0,0.0,0,Biryusa,Dondurucu
Soyuducu Shivaki HS-117 RN,275.72,391.23,30.0,0.0,0,Shivaki,Soyuducu
Paltaryuyan maşın Hoffmann WMH6012W - WMH6012W,530.0,1199.0,56.0,0.0,0,Hoffmann,Paltaryuyan maşın
"Mətbəx plitələri və bişirmə plitələri Femas ZTW-F0504, 50x60 sm",468.25,468.25,0.0,0.0,0,No brand,Digər
Dondurucu qutu LG GCS315SQFG,925.0,1379.99,33.0,0.0,0,LG,Dondurucu
"Masaüstü qaz plitəsi, 4 konfor, Kombinasiya edilmiş plitə, Paslanmayan polad, boz",169.0,169.0,0.0,0.0,0,No brand,Digər
Soyuducu Biryusa M122,418.0,656.0,36.0,0.0,5,Biryusa,Soyuducu
Paltaryuyan maşın Bosch WGA2441XME,1327.98,1999.99,34.0,0.0,1,Bosch,Paltaryuyan maşın
Dondurucu şkaf Biryusa 6046 damcı sistemli 230 l ağ,572.97,1299.99,56.0,0.0,0,Biryusa,Dondurucu
Soyuducu Hitachi R-W760PUC7 GBK,2557.05,4900.4,48.0,0.0,0,Hitachi,Soyuducu
Paltaryuyan maşın Eurolux EU-WM1017S-6BLDG,524.23,674.99,22.0,0.0,2,Eurolux,Paltaryuyan maşın
"Qaz plitəsi RAF R.8111, 1 konfor, metal, qara",36.0,36.0,0.0,0.0,0, RAF,Qaz plitəsi
"Masaüstü qaz plitəsi Elif 5643, 3 göz, Metal, Qara",85.0,180.0,53.0,0.0,0,No brand,Digər
"Dondurucu qutu Biryusa 260KVS, De Frost, Ağ, 240 L",527.76,867.99,39.0,0.0,0,Biryusa,Dondurucu
Soyuducu Winsor RF-W50S,197.96,500.0,60.0,0.0,1,No brand,Soyuducu
Paltaryuyan maşın Toshiba TW-BN90C4UZ(MK),819.98,1200.0,32.0,0.0,1,Toshiba,Paltaryuyan maşın
"Masaüstü qaz plitəsi, 3 konforlu, Mina, Ağ",86.99,86.99,0.0,0.0,0,No brand,Digər
Dondurucu qutu JVC WG-NRFC10H5S.,362.0,449.0,19.0,0.0,2,No brand,Dondurucu
Qarışıq plitə Shivaki 01K White,405.97,599.99,32.0,0.0,0,Shivaki,Digər
"Qaz plitəsi Lexical, 1 konfor, paslanmayan polad, qəhvəyi",59.99,99.99,40.0,0.0,0,No brand,Qaz plitəsi
Qaz piltəsi DSP KD-5077 White,62.99,129.99,52.0,0.0,1,DSP,Qaz plitəsi
Soyuducu Hoffmann DEFB-185S,679.0,999.0,32.0,4.7,9,Hoffmann,Soyuducu
"Mini paltaryuyan maşın 8711346, göy",45.98,83.33,45.0,0.0,1,No brand,Mini soyuducu
Elektrik plitəsi Eurolux EU-EC37AF40ACB 4 konforlu,399.93,399.93,0.0,0.0,0,Eurolux,Elektrik plitəsi
"Dondurucu qutu 7Tech, Damlama sistemi, Ağ, 250 L",535.97,1099.0,51.0,0.0,0,7Tech,Dondurucu
"Dondurucu qutu 7Tech 7FR4G418WS3, Ağ, 418 L",835.98,1299.99,36.0,0.0,0,7Tech,Dondurucu
Mini soyuducu Biryusa 45,199.99,299.98,33.0,0.0,0,Biryusa,Mini soyuducu
Paltaryuyan maşın Samsung WW60AG4S00CE,899.99,1099.0,18.0,0.0,0,Samsung,Paltaryuyan maşın
Dondurucu qutu ilver BD100 De Frost White 100 l,426.73,764.0,44.0,0.0,0,No brand,Dondurucu
Dondurucu qutu 7Tech 7FR4G418WS3,898.93,1659.93,46.0,0.0,0,7Tech,Dondurucu
Stolüstü qaz plitəsi RAF R.1112152_RB,28.0,31.0,10.0,0.0,0, RAF,Digər
"Qaz plitəsi Zhendah TORY-001562, 50x50 sm",69.99,75.0,7.0,0.0,0,Zhendah,Qaz plitəsi
Qaz plitəsi RAF R.8501 black + Hədiyyə Süd köpürdən,59.98,59.98,0.0,0.0,0, RAF,Qaz plitəsi
Soyuducu Samsung RT35CG5000S9WT,1117.74,1700.99,34.0,0.0,21,Samsung,Soyuducu
Paltaryuyan maşın Lanova LNWM--60480-WW,495.0,530.0,7.0,4.5,2,Lanova,Paltaryuyan maşın
Donruducu qutu Kraft BD (W)-605QX,1085.0,1457.0,26.0,0.0,1,Kraft,Digər
"Elektrik plitə, 2 konfor, paslanmayan polad, ağ",32.99,98.5,67.0,0.0,0,No brand,Elektrik plitəsi
Dondurucu qutu Eurolux EU-CF30-TD-HDF1,899.88,1029.99,13.0,0.0,0,Eurolux,Dondurucu
Mətbəx plitəsi DSP KD-4055,28.17,66.0,57.0,0.0,0,DSP,Digər
"Qaz plitəsi RAF R.8503, 1 konfor, metal, qara",42.99,42.99,0.0,0.0,0, RAF,Qaz plitəsi
Soyuducu Hoffmann NFB-185DS,728.69,999.99,27.0,0.0,1,Hoffmann,Soyuducu
Paltaryuyan maşın Samsung WW70T3020BS/LP,759.97,1099.0,31.0,0.0,0,Samsung,Paltaryuyan maşın
Dondurucu qutu Biryusa 455KXQ 420L,737.76,988.63,25.0,0.0,0,Biryusa,Dondurucu
Soyuducu No Brand 83 l Gray,374.99,600.0,38.0,0.0,0,No brand,Soyuducu
Paltaryuyan maşın Samsung WW70AGAS25AXLP,839.11,1299.99,35.0,4.9,15,Samsung,Paltaryuyan maşın
Qaz plitəsi RAF R.8500,28.0,45.0,38.0,0.0,0, RAF,Qaz plitəsi
Dondurucu qutu Kraft BD (W)-365 S,668.0,849.0,21.0,0.0,0,Kraft,Dondurucu
"Qaz plitəsi Lexical, 2 konforlu, mina, qara",99.99,99.99,0.0,0.0,0,No brand,Qaz plitəsi
Dondurucu qutu Biryusa B-412,383.0,899.0,57.0,0.0,0,Biryusa,Dondurucu
"Mətbəx plitəsi, 4 konfor, qara",195.0,195.0,0.0,0.0,0,No brand,Digər
"Dondurucu qutu 7Tech 7FR4G418WS3, De Frost, Ağ, 418 l",830.57,1089.63,24.0,0.0,0,7Tech,Dondurucu
"Mətbəx plitəsi, 4 konfor, boz",190.0,190.0,0.0,0.0,0,No brand,Digər
"Qabyuyan maşın Bergamo BG-DW5016B60GS, 14 dəst, 6 proqram, A++ enerji, 49 dB, Inox",957.01,1200.0,20.0,0.0,0,No brand,Qabyuyan maşın
"Qaz plitəsi Zhendah TORY-001560, 40x30 sm",44.99,50.0,10.0,0.0,0,Zhendah,Qaz plitəsi
Kombinasiya edilmiş plitə Kraft KF-FSK6403AEW 70 l,438.99,700.0,37.0,0.0,0,Kraft,Digər
Qabyuyan maşın Whirlpool WIP 4O33PLES Tam quraşdırılan 14 dəst 43 dB,1665.91,2199.99,24.0,0.0,0,Whirlpool,Qabyuyan maşın
Donruducu kamera Kraft BD (W)-310QX,551.0,752.0,27.0,0.0,0,Kraft,Digər
Qaz plitəsi BB-000007,34.99,80.0,56.0,0.0,0,No brand,Qaz plitəsi
Masaüstü qaz plitəsi RAF R.8501 Black,40.99,40.99,0.0,0.0,0, RAF,Digər
Dondurucu qutu JVC WG-NRFC10W5S,352.0,429.0,18.0,0.0,0,No brand,Dondurucu
Qaz plitəsi Lexical paslanmayan polad 1 gözlü qara.,52.8,92.8,43.0,0.0,0,No brand,Qaz plitəsi
"Qaz plitəsi RAF R.8501 2 konfor, metal, qara",39.99,39.99,0.0,0.0,0, RAF,Qaz plitəsi
"Masaüstü qaz plitəsi, 4 konfor, Kombinasiya edilmiş plitə, Paslanmayan polad, Qara",185.0,185.0,0.0,0.0,0,No brand,Digər
Qarışıq plitə Shivaki 01K Brown,405.97,599.99,32.0,0.0,0,Shivaki,Digər
"Masaüstü qaz plitəsi, 2 konfor, Metal, Qara",79.99,159.99,50.0,0.0,0,No brand,Digər
Soyuducu Bosch KGN56LB31U,2299.0,3100.0,26.0,0.0,2,Bosch,Soyuducu
Paltaryuyan maşın LG L5C0905PSGC,1199.99,1724.99,30.0,0.0,4,LG,Paltaryuyan maşın
Retro soyuducu 76 l,359.98,550.0,35.0,0.0,2,No brand,Digər
Paltaryuyan maşını BOSCH WAN28201ME,1041.0,1599.0,35.0,0.0,0,Bosch,Paltaryuyan maşın
"Qaz plitəsi Lexical, 2 konforlu, mina, qara",99.99,169.99,41.0,0.0,0,No brand,Qaz plitəsi
Soyuducu Bosch KGN36XL30U,1342.0,2049.0,35.0,0.0,3,Bosch,Soyuducu
"Paltaryuyan maşın Hisense WFQP7012EVMT, boz, 7 kq, 1200 dövr/dəq",519.0,599.0,13.0,0.0,0,Hisense,Paltaryuyan maşın
Soyuducu Ardesto DTF-M212X143,379.0,549.0,31.0,4.7,3,Ardesto,Soyuducu
Paltaryuyan maşın LG F4V5EYLYP.APTPMEA /YS/,1299.99,1629.99,20.0,0.0,0,LG,Paltaryuyan maşın
Soyuducu Midea MDRB470MGF46O,897.67,897.67,0.0,4.6,5,Midea,Soyuducu
Paltaryuyan maşın LG F2Y1HS6J 7 kq 1200 dövr/dəq,805.31,1299.0,38.0,0.0,0,LG,Paltaryuyan maşın
Soyuducu Biryusa M118,520.0,650.0,20.0,3.5,16,Biryusa,Soyuducu
Soyuducu Indesit ITS 4160 G,722.99,949.9,24.0,4.4,7,Indesit,Soyuducu
Paltaryuyan maşın LG LVF0900PBGC,1098.99,1594.99,31.0,0.0,1,LG,Paltaryuyan maşın
Dondurucu qutu Pozis FH-250,897.0,1141.0,21.0,0.0,1, Pozis,Dondurucu
Soyuducu Shivaki HD-276-FN Low Frost ikiqapılı metal rəng,465.07,639.27,27.0,0.0,0,Shivaki,Soyuducu
Paltaryuyan maşın Bosch WGK244ZXME,1443.0,2199.0,34.0,0.0,0,Bosch,Paltaryuyan maşın
"Dondurucu qutu Biryusa 210KVS, damlama sistemi, ağ, 210 L",494.98,1099.99,55.0,0.0,0,Biryusa,Dondurucu
Paltaryuyan maşın LG F4V5VYL2P,1189.0,1999.99,41.0,0.0,9,LG,Paltaryuyan maşın
Soyuducu Lanova HD-273FN,399.0,850.0,53.0,0.0,3,Lanova,Soyuducu
Paltaryuyan maşın JVC WG NLDF07H5S 7 kq,579.0,699.0,17.0,0.0,0,No brand,Paltaryuyan maşın
Dondurucu qutu Biryusa ON.B-560KX 510L,905.33,1299.0,30.0,0.0,0,Biryusa,Dondurucu
Dondurucu şkaf Biryusa M412,609.7,1199.99,49.0,0.0,0,Biryusa,Dondurucu
Soyuducu Midea MDRB593FGE28,1289.9,1669.9,23.0,0.0,1,Midea,Soyuducu
Paltaryuyan maşın Bosch WGK264ZXME,1705.0,2599.0,34.0,0.0,1,Bosch,Paltaryuyan maşın
Dondurucu qutu Biryusa CF68,1239.0,1899.0,35.0,0.0,0,Biryusa,Dondurucu
Soyuducu Indesit TIA 16 G,613.0,937.0,35.0,0.0,6,Indesit,Soyuducu
Paltaryuyan maşın Vestel R1W912T2BSX,737.0,1000.0,26.0,0.0,1,Vestel,Paltaryuyan maşın
"Qaz plitəsi Lexical, 2 konforlu, mina, qəhvəyi",99.99,99.99,0.0,0.0,0,No brand,Qaz plitəsi
Elektrik plitəsi Hot Plate P-2020B 2 gözlü ağ.,21.2,100.0,79.0,0.0,0,No brand,Elektrik plitəsi
Soyuducu Bosch KGN86AW32U,2563.0,3899.0,34.0,0.0,3,Bosch,Soyuducu
Mini paltaryuyan maşın,99.1,121.0,18.0,0.0,2,No brand,Mini soyuducu
"Dondurucu qutu Eurolux, De Frost, Ağ, 200 L",540.24,999.99,46.0,0.0,0,Eurolux,Dondurucu
"Masaüstü qaz plitəsi Quicks, 10135, 2 konfor, Metal, Tünd qırmızı",45.0,45.0,0.0,0.0,0,Quicks,Digər
Paltaryuyan maşın ZTW-AA204,45.0,45.0,0.0,0.0,0,No brand,Paltaryuyan maşın
"Dondurucu qutu Kraft KM-247, 240 l",531.39,900.0,41.0,0.0,0,Kraft,Dondurucu
"Digər mətbəx ləvazimatları Qaz sobası, iki gözlü, asan təmizlənir, vahid istilik, sadə əməliyyat - ZTW-ABR8501S",39.6,39.6,0.0,0.0,0,No brand,Digər
"Masaüstü qaz plitəsi Quicks, 10140, 3 konforlu, Metal, Qəhvəyi",69.0,69.0,0.0,0.0,0,Quicks,Digər
Soyuducu Hisense DT27DR4 Defrost ikiqapılı ağ.,439.0,559.0,21.0,0.0,0,Hisense,Soyuducu
Paltaryuyan Samsung WW70AG6S23ATLP,944.0,1454.0,35.0,0.0,5,Samsung,Paltaryuyan maşın
"Dondurucu qutu Biryusa - 680KXQ, ağ",927.79,1899.99,51.0,0.0,0,Biryusa,Dondurucu
Qaz plitəsi RAF R.8111 Qara,44.89,95.22,53.0,0.0,0, RAF,Qaz plitəsi
"Soyuducu Shivaki HD345-RND MET, Defrost, İkiqapılı, Boz",618.7,1150.0,46.0,0.0,0,Shivaki,Soyuducu
Paltaryuyan maşın Bosch WGA2540XME,1503.0,2301.0,35.0,0.0,2,Bosch,Paltaryuyan maşın
"Masaüstü plitə, qaz, ağ",59.11,220.0,73.0,0.0,1,No brand,Digər
"Qaz sobası Akane A030860_RB, emal, 3 konfor, ağ",99.0,149.0,34.0,0.0,0,No brand,Qaz plitəsi
Qaz plitəsi Winning Star ST-9656,34.9,69.0,49.0,0.0,0,Winning Star,Qaz plitəsi
Donruducu kamera Kraft BD (W)-365QX,608.0,825.0,26.0,0.0,1,Kraft,Digər
Soyuducu Hoffman DTF-840WEN,313.66,559.99,44.0,4.8,5,Hoffman,Soyuducu
Paltaryuyan maşın Shivaki TG70 - TG70,239.2,355.17,33.0,4.9,8,Shivaki,Paltaryuyan maşın
Qaz plitəsi Quicks 10140 3 gözlü qəhvəyi.,60.0,60.0,0.0,0.0,0,Quicks,Qaz plitəsi
"Dondurucu qutu Kraft KM-297, 285 l",590.89,1150.0,49.0,0.0,0,Kraft,Dondurucu
Soyuducu Biryusa 6033 White,580.0,910.0,36.0,0.0,12,Biryusa,Soyuducu
Paltaryuyan maşın Yoshiro YWM-M610SI44G,520.0,700.0,26.0,0.0,1,Yoshiro,Paltaryuyan maşın
Donruducu qutu Kraft BD (W)-520QX,952.0,1287.0,26.0,0.0,0,Kraft,Digər
Qaz plitəsi Winning Star ST-9657,36.9,36.9,0.0,0.0,0,Winning Star,Qaz plitəsi
Dondurucu Eurolux EU-CF1XN5-TD-HMF1-WDF 150 l,462.13,599.99,23.0,0.0,0,Eurolux,Dondurucu
Soyuducu Ardesto DTF.M212X143,469.99,699.88,33.0,0.0,0,Ardesto,Soyuducu
Paltaryuyan maşın Samsung WW90DG6G94LB Qara 9 kq 1400 dövr/dəq Qurudulma yoxdur,1265.7,1799.99,30.0,0.0,0,Samsung,Paltaryuyan maşın
Qaz plitəsi Winning Star ST-9664,31.9,31.9,0.0,0.0,0,Winning Star,Qaz plitəsi
Dondurucu şkaf Biryusa 416 175 l ağ,465.97,699.99,33.0,0.0,0,Biryusa,Dondurucu
Soyuducu Biryusa 6034,532.0,835.0,36.0,4.8,6,Biryusa,Soyuducu
"Paltaryuyan maşın Shivaki TE60LS, ağ, 6 kq, 1300 dövr/dəq",213.97,499.99,57.0,0.0,0,Shivaki,Paltaryuyan maşın
"Mətbəx plitəsi, 4 konfor, qara",180.0,180.0,0.0,0.0,0,No brand,Digər
"Dondurucu qutu Kraft BD (W)-460SRX, De Frost, Boz, 460 L",973.0,1249.0,22.0,0.0,0,Kraft,Dondurucu
Qaz sobası RAF 08-5030,25.99,37.0,30.0,0.0,0, RAF,Qaz plitəsi
Soyuducu Biryusa 424,449.0,699.0,36.0,0.0,0,Biryusa,Soyuducu
Paltaryuyan maşın LG F2Y2HYP65,799.99,944.99,15.0,0.0,0,LG,Paltaryuyan maşın
"Dondurucu şkaf Biryusa 412, Damlama sistemi, Ağ, 80 L",397.96,599.99,34.0,0.0,0,Biryusa,Dondurucu
Qaz plitəsi RAF R.1112150_RB,29.0,44.0,34.0,0.0,0, RAF,Qaz plitəsi
"Qaz plitəsi Lexical, 1 konfor, paslanmayan polad, qəhvəyi",59.99,59.99,0.0,0.0,0,No brand,Qaz plitəsi
Paltaryuyan maşın Vestel W610T1,560.0,560.0,0.0,3.7,3,Vestel,Paltaryuyan maşın
"Dondurucu qutu 7Tech 7FR4G250WS3, De Frost, Ağ, 250 L",533.75,765.99,30.0,0.0,0,7Tech,Dondurucu
"Mətbəx plitəsi, 4 konfor, boz",175.0,175.0,0.0,0.0,0,No brand,Digər
Soyuducu Bosch KGN76CI30U,2509.0,3849.0,35.0,0.0,3,Bosch,Soyuducu
"Paltaryuyan maşın JVC WG-NLDF06W5S, Ağ, 6 kq, 1000 dövr/dəq",499.0,599.0,17.0,0.0,0,No brand,Paltaryuyan maşın
Portativ qaz plitəsi RAF SH_2521_0224 Qara Metal 112Vt 2 proqram Mexaniki (R.8501) - SH_2521_0224,55.0,69.0,20.0,0.0,0, RAF,Digər
"Mətbəx plitəsi, 4 konfor, gümüşü",190.0,190.0,0.0,0.0,0,No brand,Digər
"Dondurucu qutu Shivaki SFB137, damlama sistemi, ağ, 330 L",632.98,999.99,37.0,0.0,0,Shivaki,Dondurucu
Soyuducu Hoffmann NFFD-179BGT,1238.96,1689.99,27.0,0.0,0,Hoffmann,Soyuducu
Paltaryuyan maşın LG F4V5EYLYP. APTPMEA,1299.99,1629.99,20.0,4.7,3,LG,Paltaryuyan maşın
Masaüstü qaz plitəsi Winning Star ST-5662 2 Şüşə keramik Qara,196.99,299.99,34.0,0.0,0,Winning Star,Digər
Paltaryuyan maşın Beko WSRE 7512 PRS,776.99,1700.99,54.0,4.3,12,Beko,Paltaryuyan maşın
"Dondurucu qutu Ferre KLEO KDF300, damlama sistemi, ağ, 220 L",504.98,999.99,50.0,0.0,0,No brand,Dondurucu
Qaz sobası Shivaki 01K 4 konforlu A sinfi qara,849.99,849.99,0.0,0.0,0,Shivaki,Qaz plitəsi
Qaz sobası RAF R.8592837_AS,25.99,50.0,48.0,0.0,0, RAF,Qaz plitəsi
Paltaryuyan maşın Hisense WF519043BBFS,824.03,1600.0,48.0,0.0,0,Hisense,Paltaryuyan maşın
Dondurucu Biryusa 6048 135 l 60×99×62.5 sm,499.12,896.64,44.0,0.0,0,Biryusa,Dondurucu
"Masaüstü qaz plitəsi Quicks, 10135, 2 əd, Metal, Boz",45.0,45.0,0.0,0.0,0,Quicks,Digər
Soyuducu LG GN-B422PLGB,1234.0,1901.0,35.0,0.0,0,LG,Soyuducu
Paltaryuyan maşın Biryusa BR WM-SL 712/11 S,523.0,849.0,38.0,0.0,3,Biryusa,Paltaryuyan maşın
Dondurucu kamera Shivaki SSFFCC137,633.04,799.0,21.0,0.0,0,Shivaki,Dondurucu
Soyuducu LG GR-X24FMKBL,5407.5,10815.0,50.0,0.0,0,LG,Soyuducu
Paltaryuyan maşın Samsung WW90DG6U34LBLP - SHRK_4884_00610,980.13,1850.0,47.0,0.0,0,Samsung,Paltaryuyan maşın
Portativ qaz plitəsi kempinq üçün iki konforlu İL - 5390,175.99,206.9,15.0,0.0,0,Portativ,Digər
"Qaz plitəsi No brand, 1 Konfor, Metal, Qara",39.0,39.0,0.0,0.0,0,No brand,Qaz plitəsi
Dondurucu kamera Birusa 355KVS Ağ,649.91,823.42,21.0,0.0,0,No brand,Dondurucu
Soyuducu Hitachi RV820PUK1K1BSL No Frost ikiqapılı gümüşü,2090.29,2090.29,0.0,0.0,0,Hitachi,Soyuducu
Paltaryuyan maşın JVC WG NLDE08H5S 8 kq,719.0,879.0,18.0,0.0,0,No brand,Paltaryuyan maşın
Elekrtik soba Bompani DIVA6007ECPVCIX,4257.0,4257.0,0.0,0.0,0,Bompan,Digər
Soyuducu Taube TB-60143DFSS,549.0,799.0,31.0,0.0,2,Taube,Soyuducu
Paltaryuyan maşın Toshiba TW-BK100GF4UZ(SK),948.0,1460.0,35.0,0.0,1,Toshiba,Paltaryuyan maşın
Dondurucu kamera Eurolux EU-HFU16-1SN,899.9,1200.0,25.0,0.0,0,Eurolux,Dondurucu
Soyuducu Indesit DS 4200 G,742.0,1136.0,35.0,2.8,4,Indesit,Soyuducu
Paltaryuyan maşın Toshiba TWBN90C4UZ-SK 8 kq 1400 dövr/dəq Gümüş,778.96,1200.0,35.0,0.0,0,Toshiba,Paltaryuyan maşın
Soyuducu Shivaki HD345,599.0,795.26,25.0,0.0,1,Shivaki,Soyuducu
Paltaryuyan Maşın Hisense WF5I9043BBFS,766.75,766.75,0.0,0.0,2,Hisense,Paltaryuyan maşın
Portativ qaz sobası RAF 08-1110 3.0 kW,30.99,55.0,44.0,0.0,0, RAF,Digər
Soyuducu Samsung RT42CB662022WT,1616.92,2719.33,41.0,0.0,3,Samsung,Soyuducu
"Paltaryuyan maşın Shivaki SE65, ağ",156.98,299.99,48.0,0.0,0,Shivaki,Paltaryuyan maşın
Dondurucu qutu Pozis FH-255-1,668.0,849.0,21.0,3.5,4, Pozis,Dondurucu
"Qaz plitəsi RAF R.8114 ALY, 1 konfor, qara",50.99,50.99,0.0,0.0,0, RAF,Qaz plitəsi
"Qaz plitəsi RAF R.8503 ALY, 1 konfor, qara",41.99,41.99,0.0,0.0,0, RAF,Qaz plitəsi
"Qaz plitəsi RAF R.8501 ALY, 2 konfor, qara",42.99,42.99,0.0,0.0,0, RAF,Qaz plitəsi
"Qaz plitəsi RAF R.8500 ALY, 1 konfor, qara",29.99,29.99,0.0,0.0,0, RAF,Qaz plitəsi
Qaz sobası Tebriz A sinfi bej,280.0,280.0,0.0,0.0,0,No brand,Qaz plitəsi
Soyuducu Beko B3RCNK362HW,1029.98,2000.0,49.0,0.0,2,Beko,Soyuducu
Paltaryuyan maşın TCL P608FLG,623.0,1246.0,50.0,0.0,0,LG,Paltaryuyan maşın
Dondurucu qutu Shivaki SFC137 De Frost 330 l ağ-qırmızı.,631.22,799.0,21.0,0.0,0,Shivaki,Dondurucu
Elektrik plitə Wolf 4 konforlu A sinfi gümüşü,189.0,189.0,0.0,0.0,0,Wolf,Elektrik plitəsi
Buz generatoru DSP KD8001,199.98,361.5,45.0,0.0,1,DSP,Buz generatoru
Termal mini soyuducu birqapılı ağ,71.5,71.5,0.0,0.0,0,No brand,Digər
Paltaryuyan və quruducu Ardesto WDMW-85IDGBDI 8 kg 1200 dövr/dəq Boz,849.98,849.98,0.0,0.0,1,Ardesto,Paltaryuyan maşın
"Dondurucu qutu Biryusa 305KVS, damlama sistemi, ağ, 285 L",592.98,1099.99,46.0,0.0,0,Biryusa,Dondurucu
Dondurucu qutu Kraft 177L,442.69,750.0,41.0,0.0,0,Kraft,Dondurucu
Soyuducu Hisense RB-66 W4Bl - RB-66 W4Bl,1499.99,2199.99,32.0,0.0,0,Hisense,Soyuducu
Paltaryuyan maşın Bosch WGA24400ME (4242005358854),1349.0,1599.0,16.0,4.8,5,Bosch,Paltaryuyan maşın
"Soyuducu Hisense RB66W4BIB, 503 L, qara",1494.32,2299.99,35.0,0.0,0,Hisense,Soyuducu
Paltaryuyan maşın LG LVF0800PBPC,915.0,1830.0,50.0,0.0,0,LG,Paltaryuyan maşın
Dondurucu kamera Biryusa B-CF50,1009.0,1539.0,34.0,0.0,0,Biryusa,Dondurucu
Dondurucu qutu Ardesto FRM-290E White,769.99,849.99,9.0,0.0,0,Ardesto,Dondurucu
Soyuducu Eurolux EU-RF600HNF-2SS,1562.13,2748.0,43.0,0.0,0,Eurolux,Soyuducu
"Paltaryuyan maşın Shivaki W1470S, tünd boz, 7 kq, 1200 dövr/dəq",582.97,999.99,42.0,0.0,0,Shivaki,Paltaryuyan maşın
"Dondurucu qutu Biryusa 455KXQ, damlama sistemi, ağ, 420 L",757.98,1599.99,53.0,0.0,0,Biryusa,Dondurucu
Soyuducu Hitachi R-W660PUC7-GBK,2528.99,4900.4,48.0,0.0,2,Hitachi,Soyuducu
"Paltaryuyan maşın Shivaki AZWM1460S, tünd boz, 6 kq, 1000 dövr/dəq",502.97,899.99,44.0,0.0,0,Shivaki,Paltaryuyan maşın
Dondurucu qutu Biryusa B-355KVS,675.98,893.64,24.0,0.0,0,Biryusa,Dondurucu
"Soyuducu Shivaki, HD345-RND, DeFrost, İkiqapılı, Qara",618.68,1150.0,46.0,0.0,0,Shivaki,Soyuducu
Paltaryuyan maşını Hoffmann VSL-6100S.,550.0,550.0,0.0,0.0,0,Hoffmann,Paltaryuyan maşın
Paltaryuyan maşın Beko WSPD 73612W,709.9,899.9,21.0,0.0,0,Beko,Paltaryuyan maşın
"Dondurucu şkaf Biryusa 6046, damlama sistemi, ağ, 230 L",565.97,999.99,43.0,0.0,0,Biryusa,Dondurucu
Soyuducu Beko - B1RCSK362S,976.44,1800.0,46.0,0.0,0,Beko,Soyuducu
Soyuducu Hisense RB66W4BI 503 litr Qara,1499.98,2099.99,29.0,0.0,0,Hisense,Soyuducu
Paltaryuyan maşın LG F4V5EYLYP.APTPMEA,1299.99,1629.99,20.0,0.0,1,LG,Paltaryuyan maşın
Soyuducu Beko RDNE455E40DSN,1214.9,1699.0,28.0,0.0,1,Beko,Soyuducu
Paltaryuyan maşın SHARP ES-FE612DLZ-W,512.39,1024.78,50.0,0.0,5,Sharp,Paltaryuyan maşın
Dondurucu qutu Biryusa CF23,649.0,999.0,35.0,0.0,0,Biryusa,Dondurucu
"Dondurucu qutu Eurolux EU-CF20-TD-HDF1-WDF (TP), De Frost, Ağ, 200 L",665.68,899.0,26.0,0.0,0,Eurolux,Dondurucu
Dondurucu kamera Pozis FV NF-117 White,879.0,1219.9,28.0,0.0,6, Pozis,Dondurucu
Soyuducu LG GR-B257KLJW,2198.99,2699.0,19.0,0.0,0,LG,Soyuducu
Paltaryuyan maşın Hoffmann VSL-6100S,548.99,800.0,31.0,4.3,50,Hoffmann,Paltaryuyan maşın
"Dondurucu şkaf Biryusa 414, Əl, Ağ, 130 L",435.97,699.99,38.0,0.0,0,Biryusa,Dondurucu
"Dondurucu şkaf Biryusa 412, Əl, Ağ, 80 L",385.97,499.99,23.0,0.0,0,Biryusa,Dondurucu
Soyuducu Bosch KGN49XL30U,1754.95,2400.0,27.0,0.0,3,Bosch,Soyuducu
"Soyuducu Shivaki HD 430-RWENE/DISP, No Frost, ikiqapılı, tünd boz",854.98,1399.99,39.0,0.0,0,Shivaki,Soyuducu
Paltaryuyan maşın Bosch WGB256AXME,2486.0,3799.0,35.0,0.0,0,Bosch,Paltaryuyan maşın
"Dondurucu şkaf Shivaki 6147NF, No Frost, 280 l, ağ",788.89,1799.99,56.0,0.0,0,Shivaki,Dondurucu
Soyuducu Bosch KGN49XW30U,1709.0,2599.0,34.0,0.0,2,Bosch,Soyuducu
Paltaryuyan maşın Vestel W610T2DS,575.0,575.0,0.0,0.0,1,Vestel,Paltaryuyan maşın
Dondurucu kamera Kraft BD (W)-460SRX,974.0,1287.0,24.0,0.0,1,Kraft,Dondurucu
"Dondurucu kamera Pozis FH 258, 473 L, 855x675x1715 mm, R600a, şüşə qapaq, DeFrost - FH 258",1663.95,2400.0,31.0,0.0,0, Pozis,Dondurucu
Soyuducu Eurolux EU-RF58HNF-4BMD,1869.96,3499.0,47.0,0.0,1,Eurolux,Soyuducu
Paltaryuyan maşın Toshiba TW T21BU80UWUZ,743.5,1499.0,50.0,0.0,1,Toshiba,Paltaryuyan maşın
Soyuducu Samsung RS62R50312C/WT,2756.99,2987.0,8.0,0.0,1,Samsung,Soyuducu
Dondurucu qutu Biryusa 355KVS damcı sistemli 330 l ağ,650.97,1599.99,59.0,0.0,0,Biryusa,Dondurucu
Soyuducu Eurolux EU-RF56HNF-4BG-N,1529.99,1999.99,24.0,0.0,0,Eurolux,Soyuducu
Paltaryuyan maşın Toshiba TW BL70A2UZ SS,690.02,999.79,31.0,0.0,2,Toshiba,Paltaryuyan maşın
Dondurucu qutu JVC WG-NRFC20W5S,502.0,599.0,16.0,0.0,0,No brand,Dondurucu
Soyuducu LG GR-L267SLRL,3200.0,5000.0,36.0,0.0,0,LG,Soyuducu
Dondurucu Eurolux EU-CF1AF5-TD-HMF1-WDF 150 l,462.13,599.99,23.0,0.0,0,Eurolux,Dondurucu
Dondurucu qutu Uğur UED 160,807.43,1600.0,50.0,0.0,0,Uğur,Dondurucu
Dondurucu qutu JVC WG-NRFC15W5S,422.0,499.0,15.0,0.0,0,No brand,Dondurucu
"Soyuducu Shivaki H345-RND, statik, ikiqapılı, gümüşü",599.98,959.99,38.0,0.0,0,Shivaki,Soyuducu
Paltaryuyan maşın Samsung WW90DG6G94LBLP,1044.0,1608.0,35.0,0.0,0,Samsung,Paltaryuyan maşın
Soyuducu Hoffmann NFFD180BG,1499.99,2799.99,46.0,0.0,0,Hoffmann,Soyuducu
Soyuducu Hoffmann NF-177SN,999.69,1999.99,50.0,0.0,4,Hoffmann,Soyuducu
"Paltaryuyan maşın 7Tech, boz, 7 kq, 1200 dövr/dəq",517.76,1099.99,53.0,0.0,0,7Tech,Paltaryuyan maşın
Dondurucu qutu Biryusa 680KXQ,1400.0,1400.0,0.0,0.0,0,Biryusa,Dondurucu
Soyuducu Kraft NF 702 ICB - 6903709880147,1405.0,2299.0,39.0,0.0,0,Kraft,Soyuducu
Portativ paltaryuyan maşın WM-01,125.3,265.0,53.0,0.0,0,Portativ,Digər
Soyuducu Eurolux EU.RF60HNF-2SD,1659.99,2000.0,17.0,0.0,0,Eurolux,Soyuducu
Paltaryuyan maşın LG F2T9GW9P-LTS,1037.77,1474.99,30.0,0.0,2,LG,Paltaryuyan maşın
Dondurucu Eurolux EU-CF7XN2-TD-HDF2-WDF 720 l,2499.98,2499.98,0.0,0.0,0,Eurolux,Dondurucu
Soyuducu Hoffmann DEFB-180S,779.64,1099.99,29.0,4.4,21,Hoffmann,Soyuducu
Paltaryuyan maşın Eurolux EU-WM1479S-8BLDG,799.99,944.99,15.0,0.0,0,Eurolux,Paltaryuyan maşın
"Dondurucu qutu Eurolux EU-CF20-TD-HDF1-WDF (LN), De Frost, Ağ, 200 L",665.68,899.0,26.0,0.0,0,Eurolux,Dondurucu
"Dondurucu qutu Eurolux EU-CF20-TD-HDF1-WDF (BR), De Frost, ağ, 200 L",665.68,1131.66,41.0,0.0,0,Eurolux,Dondurucu
Soyuducu Samsung RS.62R50312C,3499.99,3499.99,0.0,0.0,0,Samsung,Soyuducu
Soyuducu Eurolux EU-RF60-MD-HNF4-WG,1964.5,3200.0,39.0,0.0,0,Eurolux,Soyuducu
"Paltaryuyan maşın Kraft MS7206FBC, qara",579.0,948.0,39.0,0.0,0,Kraft,Paltaryuyan maşın
Soyuducu Hoffmann NF-785DG,1359.8,2200.0,38.0,0.0,0,Hoffmann,Soyuducu
Paltaryuyan maşın LG F20L2CRV2E2 - AZR F20L2CRV2E2 AZR,2699.65,3199.99,16.0,0.0,0,LG,Paltaryuyan maşın
Dondurucu kamera Orvica ORM-001 buz hazırlayan - cityec514,229.99,400.0,43.0,0.0,0,No brand,Dondurucu
Paltaryuyan maşın Berlin JG60-A212VE,495.0,750.0,34.0,0.0,1,No brand,Paltaryuyan maşın
Soyuducu Shivaki No Frost ikiqapılı ağ,855.39,1063.49,20.0,0.0,0,Shivaki,Soyuducu
"Mini paltaryuyan 10016_92832106, qatlanan",35.24,53.39,34.0,0.0,4,No brand,Mini soyuducu
Buz generatoru RAF R.3331,440.16,440.16,0.0,0.0,1, RAF,Buz generatoru
Paltaryuyan maşın Beko WTV 8612 XSS,800.01,1400.0,43.0,0.0,0,Beko,Paltaryuyan maşın
Soyuducu Hoffmann DFTN-143W,535.0,535.0,0.0,4.7,12,Hoffmann,Soyuducu
"Paltaryuyan maşın JVC WG NLDF08H5S, Boz, 8 kq, 1400 dövr/dəq",642.0,779.0,18.0,0.0,1,No brand,Paltaryuyan maşın
"Dondurucu kamera KRAFT BD(W)-520BL ağ, 520L, A++, Inventor motorlu - 6903709882660KRAFT",936.0,1263.0,26.0,0.0,0,Kraft,Dondurucu
Dondurucu qutu Silver BD 600,1500.0,1500.0,0.0,0.0,1,Silver,Dondurucu
Soyuducu TCL P550TMG No Frost,811.64,1099.0,26.0,0.0,1,No Frost,Soyuducu
"Dondurucu qutu No Brand, 108 l",500.0,600.0,17.0,0.0,0,No brand,Dondurucu
Soyuducu Eurolux EU-RF560HNF-4BG,1548.95,2999.0,48.0,0.0,1,Eurolux,Soyuducu
Paltaryuyan maşın Toshiba TW-BN80C2UZ(SK),789.62,1199.99,34.0,0.0,1,Toshiba,Paltaryuyan maşın
Dondurucu kamera Alneo HNS S145W - HNS S145W,486.61,998.0,51.0,0.0,0,Alneo,Dondurucu
Soyuducu Shivaki 117 White,273.66,680.0,60.0,0.0,0,Shivaki,Soyuducu
Paltaryuyan maşın LG W1S1CVK2EHM - AZR W1S1CVK2EHM AZR,5160.55,10321.1,50.0,0.0,0,LG,Paltaryuyan maşın
Dondurucu Eurolux EU-CF7AF2-TD-HDF2-WDF 720 l,2499.92,2499.92,0.0,0.0,0,Eurolux,Dondurucu
Soyuducu Biryusa M553 damcı sistemli ikiqapılı gümüşü,462.97,1299.99,64.0,0.0,0,Biryusa,Soyuducu
Paltaryuyan maşın Kraft MS 7205 SBC,560.0,916.0,39.0,0.0,2,Kraft,Paltaryuyan maşın
Paltaryuyan maşın Samsung WW11CB944CGHLP,1480.0,2264.0,35.0,0.0,0,Samsung,Paltaryuyan maşın
Paltaryuyan maşın Samsung WD11DG6B85BBLP,1639.07,2199.99,25.0,0.0,2,Samsung,Paltaryuyan maşın
Dondurucu sandıq 800 l No Frost gümüşü.,3840.0,3840.0,0.0,0.0,0,No Frost,Dondurucu
Soyuducu Ziffler RF-TF-587l No Frost,1083.0,1689.0,36.0,0.0,0,Ziffler,Soyuducu
Paltaryuyan Maşın Samsung WW65AG4S20CX,795.99,999.99,20.0,0.0,1,Samsung,Paltaryuyan maşın
Dondurucu qutu Pozis FH-255,759.99,1000.0,24.0,0.0,0, Pozis,Dondurucu
Dondurucu qutu JVC WG-NRFC20H5S,513.0,619.0,17.0,0.0,0,No brand,Dondurucu
Dondurucu qutu Biryusa 680KXQ 600L,863.42,1329.74,35.0,0.0,0,Biryusa,Dondurucu
Soyuducu Biryusa B-M412,408.56,699.99,42.0,0.0,0,Biryusa,Soyuducu
Mini Paltaryuyan Haley HY-030520_RB Ağ,86.0,129.0,33.0,0.0,1,No brand,Mini soyuducu
"Dondurucu qutu Kraft BD (W)-340SRX, De Frost, Boz, 340 L",806.0,990.0,19.0,0.0,0,Kraft,Dondurucu
Soyuducu Midea MDRB470MIE22OM,994.0,1988.0,50.0,0.0,1,Midea,Soyuducu
Paltaryuyan maşın YOSHIRO YWM-V122S8D60/G,920.01,1267.02,27.0,4.3,6,Yoshiro,Paltaryuyan maşın
Buz generatoru RAF R.0307,209.94,299.99,30.0,0.0,0, RAF,Buz generatoru
"Dondurucu kamera Eurolux EU-CF15-TD-HMF1-WDF, De Frost, ağ, 150 L",498.96,498.96,0.0,0.0,0,Eurolux,Dondurucu
Soyuducu Hoffmann DTF 492W,187.99,375.98,50.0,3.5,2,Hoffmann,Soyuducu
Paltaryuyan maşın Bosch WGK264Z0ME,1549.0,1999.0,23.0,0.0,2,Bosch,Paltaryuyan maşın
"Dondurucu qutu Kraft BD (W)-280 RX, De Frost, Ağ, 280 L",618.0,759.0,19.0,0.0,0,Kraft,Dondurucu
Dondurucu qutu Uğur UDD 500 BK,1400.0,2800.0,50.0,0.0,0,Uğur,Dondurucu
Soyuducu Riffel RFDN66032XPD,1149.0,1699.99,32.0,0.0,0,No brand,Soyuducu
"Soyuducu Shivaki HD-276-FN, Low Frost, İkiqapılı, Qara",475.98,699.99,32.0,0.0,0,Shivaki,Soyuducu
Paltaryuyan maşın Atlant СМА 60У1214-01,637.0,861.0,26.0,0.0,2,Atlant,Paltaryuyan maşın
Soyuducu Hoffmann NFB-186SN,849.99,1300.0,35.0,0.0,4,Hoffmann,Soyuducu
"Buz generatoru Fakir Sitare, 2.2 l",262.3,354.99,26.0,0.0,0,No brand,Buz generatoru
Soyuducu LG VP LTC752HFCM.APYRALY,1739.98,4000.0,57.0,0.0,0,LG,Soyuducu
Paltaryuyan LG F2T9GW9P 8.5 kq Ağ/Qrafit,1155.99,1600.0,28.0,0.0,0,LG,Paltaryuyan maşın
"Soyuducu Kleo FNF440B, No Frost, İkiqapılı, Qara",751.97,1599.99,53.0,0.0,0,No Frost,Soyuducu
Paltaryuyan maşın Vestfrost T00610S,440.0,560.0,21.0,0.0,1,Vestfrost,Paltaryuyan maşın
Soyuducu Beko B5RCNE615ZXP,2199.98,2600.0,15.0,0.0,0,Beko,Soyuducu
Paltaryuyan maşın LG F0L9DYP2S,2004.45,4008.9,50.0,0.0,0,LG,Paltaryuyan maşın
Dondurucu qutu Ugur UDD 400 BK,1499.15,2199.99,32.0,0.0,0,Ugur,Dondurucu
Soyuducu Bosch KFN96VPEA,3397.0,5199.0,35.0,0.0,0,Bosch,Soyuducu
"Portativ paltaryuyan maşın, bənövşəyi",49.1,68.45,28.0,0.0,1,Portativ,Digər
Paltaryuyan maşın Silver SLW8000G,230.0,230.0,0.0,0.0,0,Silver,Paltaryuyan maşın
Buz generatoru Sonifer SF-6522,185.11,210.0,12.0,0.0,4,No brand,Buz generatoru
Soyuducu Toshiba GR-RF610WE PGS22B,2047.45,3499.99,42.0,0.0,0,Toshiba,Soyuducu
"Mini soyuducu Hailang BC-90, boz",389.98,550.0,29.0,0.0,0,No brand,Mini soyuducu
Paltaryuyan maşın LG LVF0800PBPC Black,959.48,1124.99,15.0,0.0,0,LG,Paltaryuyan maşın
"Dondurucu qutu Eurolux EU-CF20-TD-HDF1-WDF (ON), De Frost, ağ, 200 L",665.68,1164.94,43.0,0.0,0,Eurolux,Dondurucu
Soyuducu Midea MDRB424FGF02O Boz,868.35,1736.7,50.0,0.0,0,Midea,Soyuducu
Paltaryuyan maşın Samsung WD11DG6B85BELP,1450.99,1999.99,27.0,0.0,2,Samsung,Paltaryuyan maşın
Dondurucu sandıq Biryusa 560KX 510 l ağ.,1300.0,1300.0,0.0,0.0,0,Biryusa,Dondurucu
"Mini soyuducu Termoelektrik Birqapılı, Ağ",149.99,195.9,23.0,0.0,1,No brand,Mini soyuducu
Paltaryuyan maşın Eurolux EU.WМ1483T-8DS5EI EU.WМ1483T-8DS5EI,644.97,899.0,28.0,0.0,0,Eurolux,Paltaryuyan maşın
Soyuducu LG GR-F589BQCM,1991.79,2499.99,20.0,0.0,0,LG,Soyuducu
"Dondurucu qutu Biryusa 680KXQ, damlama sistemi, ağ, 600 L",864.99,1599.99,46.0,0.0,0,Biryusa,Dondurucu
Soyuducu Taube TB-60143DGDFS,454.94,633.6,28.0,0.0,0,Taube,Soyuducu
Paltaryuyan maşın Bosch WGB24410ME,2000.0,4000.0,50.0,0.0,0,Bosch,Paltaryuyan maşın
Buz hazırlayan aparat Whiskey Ice Ball Maker,1649.96,2455.0,33.0,0.0,0,No brand,Buz generatoru
Paltaryuyan maşın Beko WM 218CG,769.99,1299.99,41.0,0.0,0,Beko,Paltaryuyan maşın
Soyuducu Beko RDNE700E40XBR,1499.0,2799.0,46.0,0.0,0,Beko,Soyuducu
Portativ paltaryuyan maşın No Brand 16368459,38.5,56.0,31.0,0.0,0,Portativ,Digər
"Dondurucu qutu Biryusa - 560KX, ağ",897.9,1850.0,51.0,0.0,0,Biryusa,Dondurucu
Paltaryuyan maşın Electrolux EW6S4R26BI,657.03,889.9,26.0,4.6,5,Electrolux,Paltaryuyan maşın
Dondurucu qutu Biryusa 560KX damcı sistemli 510 l ağ,806.97,1999.99,60.0,0.0,0,Biryusa,Dondurucu
Soyuducu Beko B1RCNK362W,999.99,1497.0,33.0,0.0,1,Beko,Soyuducu
Paltaryuyan maşın Wolf 953337_RB,299.0,475.0,37.0,0.0,0,Wolf,Paltaryuyan maşın
Buz hazırlayan cihaz Ackiliss ACL-97851,159.87,195.0,18.0,0.0,0,No brand,Buz generatoru
Soyuducu Hoffmann DFTN-143S Inox,474.79,799.99,41.0,0.0,0,Hoffmann,Soyuducu
Paltaryuyan maşın 7Tech 7WM4S1280GSS1 Black,521.45,714.23,27.0,0.0,0,7Tech,Paltaryuyan maşın
"Dondurucu şkaf Biryusa 6046, 230 l ağ",659.9,1299.99,49.0,0.0,0,Biryusa,Dondurucu
Soyuducu Samsung Bespoke RS90F65D1FWT,3697.0,5659.0,35.0,0.0,0,Samsung,Soyuducu
Paltaryuyan maşın Sharp ES-FSI912DLZ-S,878.85,1757.7,50.0,0.0,1,Sharp,Paltaryuyan maşın
Paltaryuyan maşın LG F2V7GWL2P 7 kq 1200 dövr/dəq Gümüş,1149.36,1699.99,32.0,0.0,0,LG,Paltaryuyan maşın
Buz generatoru Super Crest SCT-3009 Silver,175.99,299.0,41.0,0.0,0,Silver,Buz generatoru
Soyuducu Emersun TMFH17T-360 BLACK,695.0,1049.0,34.0,0.0,0,No brand,Soyuducu
Paltaryuyan maşın LG F4V5VS2S,1104.14,1104.14,0.0,0.0,1,LG,Paltaryuyan maşın
Dondurucu qutu Ugur UDD 600 BK.,2399.16,3699.99,35.0,0.0,0,Ugur,Dondurucu
Soyuducu LG LTB842PFBQ Boz,2144.98,4290.0,50.0,0.0,0,LG,Soyuducu
Paltaryuyan maşın Samsung WW80FG3M05AWLP 8 kq Ağ,824.33,824.33,0.0,0.0,1,Samsung,Paltaryuyan maşın
"Dondurucu qutu Eurolux, 300, De Frost, Ağ, 300 l",676.92,1299.99,48.0,0.0,0,Eurolux,Dondurucu
Soyuducu Hoffmann NBT-185SN,714.9,1999.0,64.0,0.0,2,Hoffmann,Soyuducu
Dondurucu kamera Alneo HNS S90W01 - HNS S90W01,521.59,1120.0,53.0,0.0,0,Alneo,Dondurucu
Paltaryuyan maşın 7Tech 7WM4S1280GSS1 8 kq 1200 dövr/dəq gümüşü,544.98,1099.99,50.0,0.0,1,7Tech,Paltaryuyan maşın
Soyuducu Samsung RS80F65J1FWT,2459.84,2459.84,0.0,0.0,0,Samsung,Soyuducu
Paltaryuyan maşın Bosch WAN2821XME,1199.0,1899.0,37.0,0.0,0,Bosch,Paltaryuyan maşın
Dondurucu qutu Biryusa 6048,478.0,999.0,52.0,0.0,0,Biryusa,Dondurucu
"Soyuducu Biryusa 553 AG, Damcı sistemi, İkiqapılı, Ağ",442.98,699.99,37.0,0.0,0,Biryusa,Soyuducu
"Paltaryuyan maşın Midea MF01610US40/W 6 kq, 1000 dövr/dəq, ağ",764.99,1654.5,54.0,0.0,1,Midea,Paltaryuyan maşın
Dondurucu qutu Vesta VFC 370 330 l ağ,689.99,890.0,22.0,0.0,0,Vesta,Dondurucu
Soyuducu 7Tech 7REF4G310DIS3,757.98,1599.99,53.0,0.0,0,7Tech,Soyuducu
"Buz generatoru DSP KD8001 (RS), ağ",199.9,249.99,20.0,0.0,0,DSP,Buz generatoru
Dondurucu şkaf Biryusa 6147NF MONITOR No Frost 210 l ağ,849.99,1699.98,50.0,0.0,0,Biryusa,Dondurucu
Dondurucu qutu Ugur 400BK,1429.39,1999.99,29.0,0.0,1,Ugur,Dondurucu
Dondurucu qutu Ugur UDD 500 SC,1899.13,3779.0,50.0,0.0,0,Ugur,Dondurucu
Soyuducu Samsung RB31FERNDSA/WT,1436.0,2198.0,35.0,0.0,0,Samsung,Soyuducu
Paltaryuyan maşın TCL C7110WDG,1009.0,2018.0,50.0,0.0,0,No brand,Paltaryuyan maşın
"Buz generatoru RAF R.0310, qara",164.63,285.0,42.0,0.0,0, RAF,Buz generatoru
"Soyuducu Shivaki HD316-FN, defrost, ikiqapılı, boz",517.76,1150.0,55.0,0.0,0,Shivaki,Soyuducu
Paltaryuyan maşın Shahs ZTW-AB350,810.0,810.0,0.0,0.0,0,No brand,Paltaryuyan maşın
Soyuducu Biryusa M6033,699.99,850.0,18.0,0.0,2,Biryusa,Soyuducu
"Buz generatoru İceinox, No Frost, Boz, 25 kg",2050.0,2050.0,0.0,0.0,0,No Frost,Buz generatoru
Dondurucu qutu Shivaki SFB137,699.99,1349.99,48.0,0.0,0,Shivaki,Dondurucu
Soyuducu Hoffmann NF‑177SN - NF 177 SN,1010.0,1999.99,49.0,0.0,0,Hoffmann,Soyuducu
Paltaryuyan və qurudan maşın Hitachi BD-D802HVOS,1020.19,1020.19,0.0,0.0,0,Hitachi,Paltaryuyan maşın
"Soyuducu Shivaki HD316-FN, Low Frost, İkiqapılı, Tünd boz",493.49,596.31,17.0,0.0,0,Shivaki,Soyuducu
Paltaryuyan maşın Eurolux EU-WM1244S-8BLDG,888.76,1299.99,32.0,0.0,1,Eurolux,Paltaryuyan maşın
"Dondurucu qutu Biryusa 355KVS, 330 l ağ",675.9,1599.99,58.0,0.0,0,Biryusa,Dondurucu
Soyuducu Hoffmann NF-185SD,1238.99,2199.99,44.0,0.0,0,Hoffmann,Soyuducu
Soyuducu Shivaki HD 316FN Black,524.09,761.95,31.0,0.0,1,Shivaki,Soyuducu
Paltaryuyan maşın Samsung WW70AGAS25AX,879.69,1699.99,48.0,0.0,0,Samsung,Paltaryuyan maşın
Buz generatoru Lexical LIM-6102,207.99,207.99,0.0,0.0,0,No brand,Buz generatoru
Soyuducu Biryusa M980NF No Frost ikiqapılı gümüşü,825.99,1599.99,48.0,0.0,1,Biryusa,Soyuducu
Paltaryuyan maşın Samsung WW11CG604CLBLP,1317.03,1716.8,23.0,0.0,2,Samsung,Paltaryuyan maşın
Əczaçılıq dondurucu kamera Biryusa 215K-B,969.0,1599.0,39.0,0.0,0,Biryusa,Digər
Dondurucu kamera Winning Star ST-9502 Buz generatoru Damlama sistemi Gümüşü 2.5 l,460.0,509.0,10.0,0.0,0,Winning Star,Dondurucu
Soyuducu LG LTB842PFBQ.APYQMER-LTS,2136.99,4290.0,50.0,0.0,0,LG,Soyuducu
"Dondurucu qutu Biryusa 240KVS, ağ",800.0,800.0,0.0,0.0,0,Biryusa,Dondurucu
Soyuducu Yoshiro YRF-B323NF60HGB,999.85,1500.0,33.0,0.0,0,Yoshiro,Soyuducu
"Paltaryuyan maşın Eurolux EU-WM1278S-10BLDG 10 kq, 1200 dövr/dəq, A+++, 14 rejim, Buxarla təmizləmə, 7 Star ProWash, Direct Drive, LED displey, Boz - WM1278S-10BLDG",969.97,1250.0,22.0,0.0,0,Eurolux,Paltaryuyan maşın
Paltaryuyan maşın Toshiba T25BZU115MWUZ,1410.0,1699.0,17.0,0.0,0,Toshiba,Paltaryuyan maşın
Dondurucu qutu Snow Village BC/BD-158,630.0,630.0,0.0,0.0,0,Snow Village,Dondurucu
"Soyuducu LG GC-X24FFCBB InstaView, qara",4164.23,4164.23,0.0,0.0,0,LG,Soyuducu
Paltaryuyan Maşın Darkin DK8001S Dark İnox,690.88,1049.0,34.0,0.0,2,Darkin,Paltaryuyan maşın
Soyuducu Midea MDRT645MTF46,1154.99,1539.9,25.0,0.0,0,Midea,Soyuducu
Paltaryuyan maşın Vesta WMG 70P,260.32,260.32,0.0,0.0,0,Vesta,Paltaryuyan maşın
"Dondurucu qutu Eurolux EU-CF20-TD-HDF1-WDF (EH), De Frost, ağ, 200 L",665.68,899.0,26.0,0.0,0,Eurolux,Dondurucu
Soyuducu Smeg FAB50RBL5,11150.0,11150.0,0.0,0.0,0,Smeg,Soyuducu
Paltaryuyan maşın Toshiba TW-BN80C2UZWK,795.68,1299.99,39.0,0.0,0,Toshiba,Paltaryuyan maşın
Buz generatoru Fakir Sitare,239.0,349.0,32.0,0.0,2,No brand,Buz generatoru
"Soyuducu Samsung RT47CG6442B1/WT, 460 L, İkiqapılı, No Frost, Qara",1500.0,3000.0,50.0,0.0,0,Samsung,Soyuducu
Paltaryuyan maşın Eurolux EU-WМ1483T-8DS5EI,699.89,1400.0,50.0,0.0,1,Eurolux,Paltaryuyan maşın
Dondurucu qutu Ugur UED 280 A,1014.6,1014.6,0.0,0.0,0,Ugur,Dondurucu
Soyuducu Eurolux EU-RF560HNF-2TSB,1539.99,2999.0,49.0,0.0,0,Eurolux,Soyuducu
Paltaryuyan maşın SHARP ES-FE712DLZ-S,623.7,1247.4,50.0,0.0,2,Sharp,Paltaryuyan maşın
Dondurucu qutu Uğur UDD 400 SCEB,1429.99,3400.0,58.0,0.0,0,Uğur,Dondurucu
"Dondurucu qutu Biryusa 560KX, 510 l ağ",899.88,1999.99,55.0,0.0,0,Biryusa,Dondurucu
Soyuducu Atlant МХМ-2835-08,689.99,799.0,14.0,0.0,1,Atlant,Soyuducu
"Paltaryuyan maşın Shivaki TG70F, Ağ, 7 kq",248.09,376.87,34.0,0.0,0,Shivaki,Paltaryuyan maşın
Soyuducu Sharp SJ- X655-HS3,1698.0,3396.0,50.0,0.0,0,Sharp,Soyuducu
Paltaryuyan maşın UYOGA portativ 8.0L 20W - KC-001,81.32,125.0,35.0,0.0,2,Portativ,Paltaryuyan maşın
Buz generatoru Super Crest SCT-3008 Gray,199.99,250.0,20.0,0.0,2,No brand,Buz generatoru
Paltaryuyan maşın Beko WM419CAI Boz,1000.0,1300.0,23.0,0.0,0,Beko,Paltaryuyan maşın
Soyuducu Media MDRB593FGE02,1217.99,1619.9,25.0,0.0,3,No brand,Soyuducu
Paltaryuyan maşın Quicks Q-2245,275.0,275.0,0.0,4.5,2,Quicks,Paltaryuyan maşın
"Dondurucu qutu Biryusa 305KVS, ağ",950.0,950.0,0.0,0.0,0,Biryusa,Dondurucu
Buz generatoru Silver SL-12 E,180.63,280.0,35.0,0.0,0,Silver,Buz generatoru
Soyuducu LG GR-A34FDMKJANNQGCC-LTS,7719.0,15438.0,50.0,0.0,0,LG,Soyuducu
Paltaryuyan maşın Vestel WMI 87321 G,720.0,720.0,0.0,0.0,0,Vestel,Paltaryuyan maşın
"Dondurucu kamera Eurolux EU-CF30-TD-HDF1-WDF LRD, Dondurucu qutu, De Frost, Ağ, 300 L",999.0,2500.0,60.0,0.0,0,Eurolux,Dondurucu
Soyuducu Hitachi R-W760PU7 GPW,2454.9,4909.8,50.0,0.0,0,Hitachi,Soyuducu
Paltaryuyan maşın Ardesto WMS-7117IWBD,511.53,511.53,0.0,4.3,10,Ardesto,Paltaryuyan maşın
Soyuducu LG GR-B589BQCM,2099.99,2500.0,16.0,0.0,0,LG,Soyuducu
"Dondurucu şkaf Biryusa, 6048, De Frost, Ağ, 135L",900.0,900.0,0.0,0.0,0,Biryusa,Dondurucu
Soyuducu Xiaomi MRC50ESSMPAEU Total No Frost dördqapılı gümüşü.,1899.67,2599.0,27.0,0.0,0,No Frost,Soyuducu
Paltaryuyan maşın LG L9C1107PBGC.APBPMER,1599.99,2149.99,26.0,0.0,0,LG,Paltaryuyan maşın
"Dondurucu qutu Biryusa, 260KVS, Əl ilə buzun əridilməsi, Ağ, 240 l",810.0,810.0,0.0,0.0,0,Biryusa,Dondurucu
"Buz generatoru RAF R.0311B, qara",199.98,350.0,43.0,0.0,0, RAF,Buz generatoru
Soyuducu Toshiba GR-RT624WE-PMJ(06),1357.76,1500.0,9.0,0.0,4,Toshiba,Soyuducu
Mini-paltaryuyan maşın Lexical LWG-7502,274.97,2260.08,88.0,0.0,0,No brand,Digər
"Dondurucu qutu Eurolux EU-CF20-TD-HDF1-WDF LRD, De Frost, Ağ, 200 L",750.0,1450.0,48.0,0.0,0,Eurolux,Dondurucu
"Soyuducu Shivaki HD 316-FN, statik, ikiqapılı, qara",514.98,899.99,43.0,0.0,0,Shivaki,Soyuducu
"Paltaryuyan maşın Shivaki WM1460S, Boz, 6 kq, 1200 dövr/dəq",527.77,1049.99,50.0,0.0,0,Shivaki,Paltaryuyan maşın
Paltaryuyan maşın LG F15L9DGD,2189.99,2690.0,19.0,0.0,0,LG,Paltaryuyan maşın
"Dondurucu şkaf Biryusa 6048, damlama sistemi, ağ, 135 L",476.97,899.99,47.0,0.0,0,Biryusa,Dondurucu
Soyuducu Shivaki HD 341 FN Grey,514.99,980.0,47.0,0.0,0,Shivaki,Soyuducu
"Paltaryuyan maşın Hoffmann WM6110TT, qara, 6 kq, 1200 dövr/dəq",549.26,699.99,22.0,0.0,0,Hoffmann,Paltaryuyan maşın
Buz generatoru Duvel DL-216 1 l gümüşü,358.0,429.0,17.0,0.0,0,No brand,Buz generatoru
Buz generatoru Boma BM-1880,176.98,299.0,41.0,0.0,0,Boma,Buz generatoru
Dondurucu qutu Uğur UMD 2100,3900.0,6999.99,44.0,0.0,0,Uğur,Dondurucu
Soyuducu Hoffmann NF-185SD,1073.99,1639.0,34.0,0.0,0,Hoffmann,Soyuducu
Mini paltaryuyan maşın Siso FP-2690,82.99,189.0,56.0,0.0,0,SISO,Mini soyuducu
Dondurucu qutu Bompani BOCF350,1847.0,1847.0,0.0,0.0,0,Bompan,Dondurucu
Paltaryuyan maşın LG F4V5VYL0W.ABWPMER,1277.0,1599.0,20.0,0.0,8,LG,Paltaryuyan maşın
Soyuducu Samsung RB31FERNDWW/WT,1274.99,1700.0,25.0,4.9,7,Samsung,Soyuducu
Paltaryuyan maşın 7Tech 7WM4S1270GSS1,481.98,799.99,40.0,0.0,0,7Tech,Paltaryuyan maşın
Dondurucu qutu BD/BC-558,1720.0,1720.0,0.0,0.0,0,No brand,Dondurucu
Soyuducu Ardesto DNF-M474GL177,1499.99,1699.99,12.0,0.0,0,Ardesto,Soyuducu
Paltaryuyan maşın 7Tech 7WM4S1270GSS1 Black,479.31,612.0,22.0,0.0,0,7Tech,Paltaryuyan maşın
Dondurucu qutu Ugur UDD 600 SC,2449.16,3669.0,33.0,0.0,0,Ugur,Dondurucu
Soyuducu Hoffmann NF-786BG,1195.78,2199.98,46.0,0.0,0,Hoffmann,Soyuducu
Paltaryuyan maşın Shivaki AZR WM1470S AZR - AZR WM1470S AZR,574.16,748.23,23.0,0.0,0,Shivaki,Paltaryuyan maşın
Soyuducu Hoffmann NF-177WN,809.0,999.0,19.0,0.0,4,Hoffmann,Soyuducu
"Paltaryuyan maşın Shivaki SG70P, ağ, 7 kq, 1200 dövr/dəq",170.98,599.99,72.0,0.0,0,Shivaki,Paltaryuyan maşın
Paltaryuyan maşın Beko WTV 9612 XS,999.99,1180.0,15.0,0.0,1,Beko,Paltaryuyan maşın
Buz generatoru Duvel DL-272 HLY Əl Qara 6.1 l,453.41,647.0,30.0,0.0,0,No brand,Buz generatoru
Soyuducu Hoffmann NF-178SN,865.74,1999.0,57.0,0.0,0,Hoffmann,Soyuducu
Dondurucu qutu Biryusa 210KX,800.0,800.0,0.0,0.0,0,Biryusa,Dondurucu
Buz generatoru Duvel DL-214 1.3 l gümüşü,212.8,212.8,0.0,0.0,0,No brand,Buz generatoru
Buz hazırlayan aparat Hicon HZB-16AT,554.39,850.0,35.0,0.0,0,No brand,Buz generatoru
Buz generatoru Scotsman AF 80 AS,6744.0,6744.0,0.0,0.0,0,No brand,Buz generatoru
Dondurucu kamera No brand Buz generatoru Əl Gümüşü 1.2 l,449.99,599.99,25.0,0.0,0,No brand,Dondurucu
Dondurucu qutu Ugur UED 280 M,1400.0,1999.99,30.0,0.0,0,Ugur,Dondurucu
"Mini soyuducu VP088 Black Edition, 72x40x403sm",399.99,550.0,27.0,0.0,0,No brand,Mini soyuducu
Paltaryuyan maşın Ziffler BWMF-8J4DG,769.87,1000.0,23.0,0.0,0,Ziffler,Paltaryuyan maşın
Paltaryuyan maşın Midea MF01610US40/T 6 kg 1000 dövr/dəqiqə Titan,529.99,709.99,25.0,0.0,0,Midea,Paltaryuyan maşın
"Soyuducu Shivaki, HS-228-RN AG, Low Frost, Birqapılı, Ağ",455.29,721.55,37.0,0.0,0,Shivaki,Soyuducu
Paltaryuyan Samsung WW80AG6S28AELP,1026.99,1599.99,36.0,0.0,0,Samsung,Paltaryuyan maşın
Dondurucu qutu Snow Village BD/BC-798,2100.0,2100.0,0.0,0.0,0,Snow Village,Dondurucu
Soyuducu Toshiba GR-RT835WE-PGJXK,2098.99,3179.99,34.0,0.0,0,Toshiba,Soyuducu
Paltaryuyan maşın Shivaki TE-60L,246.3,349.28,29.0,0.0,0,Shivaki,Paltaryuyan maşın
Dondurucu qutu Biryusa155KX,700.0,700.0,0.0,0.0,0,Biryusa,Dondurucu
Soyuducu Hitachi R-W660PUC7 GGR,2999.0,3499.0,14.0,0.0,2,Hitachi,Soyuducu
"Paltaryuyan maşın 7Tech 7WM4S1270GSS1, Boz, 7 kq, 1200 dövr/dəq",478.99,688.49,30.0,0.0,0,7Tech,Paltaryuyan maşın
Dondurucu sandıq PLD-12N2 No Frost 400 l gümüşü.,1000.0,1000.0,0.0,0.0,0,No Frost,Dondurucu
Soyuducu Hoffmann NFB-185BG,934.95,1473.61,37.0,0.0,4,Hoffmann,Soyuducu
Mini paltaryuyan maşın X-1 O,49.98,49.98,0.0,0.0,1,No brand,Mini soyuducu
"Buz generatoru RAF, R.0307, De Frost, Boz, 2 L",242.07,450.0,46.0,0.0,0, RAF,Buz generatoru
Buz hazırlayan cihaz DSP KD8001 LRD 1.4 l ağ,299.0,450.0,34.0,0.0,0,DSP,Buz generatoru
Soyuducu Samsung RF65DG90B0SRWT,3869.96,3869.96,0.0,0.0,1,Samsung,Soyuducu
"Paltaryuyan maşın Arçelik AWX7512S, 7 kq, 1000 dövr/dəq, A, boz",899.9,1905.6,53.0,0.0,0,No brand,Paltaryuyan maşın
Dondurucu qutu Shivaki SFC137,654.99,1049.99,38.0,0.0,0,Shivaki,Dondurucu
Paltaryuyan maşın Beko B3WFT.5942MG,1050.0,2200.0,52.0,0.0,0,Beko,Paltaryuyan maşın
Buz generatoru Ackiliss ACL-97851,993.56,993.56,0.0,0.0,0,No brand,Buz generatoru
Soyuducu Samsung RB30A32N0SA/WT,1198.53,1699.99,29.0,0.0,0,Samsung,Soyuducu
Paltaryuyan maşın LG F2X5FYN23.AESQME3,1079.99,1534.99,30.0,0.0,0,LG,Paltaryuyan maşın
Paltaryuyan maşın Eurolux 12AF71 7 kq,631.36,899.99,30.0,0.0,0,Eurolux,Paltaryuyan maşın
Soyuducu SHARP SJ-FS87V-BK5,4000.0,8000.0,50.0,0.0,0,Sharp,Soyuducu
Paltaryuyan maşın Samsung WW80R52LCFW,1120.0,1120.0,0.0,0.0,0,Samsung,Paltaryuyan maşın
Dondurucu qutu Snow Village BD/BC-508 No Frost White 438 l,1450.0,1450.0,0.0,0.0,0,No Frost,Dondurucu
"Dondurucu qutu, No Frost, Ağ, 300 L",1000.0,1000.0,0.0,0.0,0,No Frost,Dondurucu
Dondurucu qutu Winning Star ST-BD-208L 208 l gümüşü.,799.99,999.99,20.0,0.0,0,Winning Star,Dondurucu
"Soyuducu Ferre BCD275B, Low Frost, ikiqapılı, qara",442.98,699.99,37.0,0.0,0,No brand,Soyuducu
Paltaryuyan maşın Haier HW60-BP12929ASE,669.0,1024.0,35.0,0.0,0,Haier,Paltaryuyan maşın
Soyuducu Biryusa M960NF,741.0,1160.0,36.0,4.3,3,Biryusa,Soyuducu
Paltaryuyan maşın Shivaki TG70F 7 kq 1200 dövr/dəq ağ,228.97,399.99,43.0,0.0,0,Shivaki,Paltaryuyan maşın
"Buz generatoru Hicon VP-HZB-16AL, 2 l",366.29,600.0,39.0,0.0,0,No brand,Buz generatoru
Paltaryuyan maşın LG F4V5VYL2P - AZR F4V5VYL2P AZR,1199.99,1299.99,8.0,0.0,0,LG,Paltaryuyan maşın
Soyuducu Samsung RB53DG703ES9WT,2183.99,3999.99,45.0,0.0,0,Samsung,Soyuducu
Paltaryuyan maşın Shivaki TE60L 2 6 kq 1300 dövr/dəq mavi,237.77,549.99,57.0,0.0,0,Shivaki,Paltaryuyan maşın
"Dondurucu qutu Biryusa 260KVS, ağ",810.0,810.0,0.0,0.0,0,Biryusa,Dondurucu
"Soyuducu SHARP SJ-X655-BK3, No Frost, side-by-side, qara",2017.05,4034.1,50.0,0.0,0,Sharp,Soyuducu
Paltaryuyan maşın 7TECH 7WM4S1270GSS1 7 kq 1200 dövr/dəq gümüşü.,518.99,1099.0,53.0,0.0,0,7Tech,Paltaryuyan maşın
"Buz generatoru DSP, kd-8001, qara, 1.5 l",239.98,320.0,25.0,0.0,0,DSP,Buz generatoru
Buz generatoru Silver SL-12 E - KK_mpn_000806,200.0,220.0,9.0,0.0,0,Silver,Buz generatoru
"Buz generatoru Winning Star ST-9501, ağ, 1.2 L",279.0,339.0,18.0,0.0,0,Winning Star,Buz generatoru
"Buz generatoru Winning Star ST-9501, damlama sistemi, ağ, 1.2 L",294.98,399.99,26.0,0.0,0,Winning Star,Buz generatoru
Dondurucu kamera FH 255-1,1308.6,1500.0,13.0,0.0,0,No brand,Dondurucu
"Soyuducu Biryusa W920NF, No Frost, İkiqapılı, Tünd boz",728.98,1399.99,48.0,0.0,0,Biryusa,Soyuducu
Paltaryuyan maşın Silver SLW8000T,295.75,295.75,0.0,0.0,0,Silver,Paltaryuyan maşın
Soyuducu Beko B5RCNK363ZWB,1147.99,1400.0,18.0,0.0,5,Beko,Soyuducu
Soyuducu Samsung RB34C670EB1,1478.99,1799.9,18.0,0.0,0,Samsung,Soyuducu
Paltaryuyan maşın Electrolux EW6S4R06BX,716.0,1432.0,50.0,4.1,17,Electrolux,Paltaryuyan maşın
Paltaryuyan maşın mini portativ - kop_12,49.99,67.49,26.0,0.0,0,Portativ,Paltaryuyan maşın
Buz generatoru Super Crest SCT-3009,192.83,299.0,36.0,0.0,0,No brand,Buz generatoru
Mini soyuducu Biryusa 152 bm_999,531.98,531.98,0.0,0.0,0,Biryusa,Mini soyuducu
Paltaryuyan maşın Darkin DK6001S Nano,539.07,899.0,40.0,4.3,6,Darkin,Paltaryuyan maşın
Buz generatoru Super Crest SCT-3008,199.83,331.3,40.0,0.0,0,No brand,Buz generatoru
"Dondurucu şkaf Biryusa, B-412, De Frost, Ağ, 80L",900.0,900.0,0.0,0.0,0,Biryusa,Dondurucu
Buz generatoru Silver 45AZ,313.01,350.0,11.0,0.0,1,Silver,Buz generatoru
Buz generatoru RAF R.R.0311B Damlama sistemi Qara 16 l Avtomatik 150 Vt,239.36,239.36,0.0,0.0,0, RAF,Buz generatoru
"Buz generatoru DSP KD800, Qara, 1.4 l",224.0,224.0,0.0,0.0,0,DSP,Buz generatoru
Soyuducu Taube TB-60185NFSS-GD,999.0,1499.0,33.0,0.0,0,Taube,Soyuducu
Paltaryuyan maşın Eurolux EU-WM1246S-8BLDG,846.15,1169.99,28.0,0.0,0,Eurolux,Paltaryuyan maşın
"Dondurucu qutu Biryusa, 305KVS, Əl ilə buzun əridilməsi, Ağ, 285 l",950.0,950.0,0.0,0.0,0,Biryusa,Dondurucu
Soyuducu Taube TB-60166DFSS,646.54,1000.0,35.0,0.0,0,Taube,Soyuducu
Paltaryuyan maşın Shivaki SE 65,195.61,314.29,38.0,4.2,5,Shivaki,Paltaryuyan maşın
Soyuducu Samsung RT42CG6420B1WT,1498.99,2000.99,25.0,0.0,0,Samsung,Soyuducu
Paltaryuyan maşın Gorenje W2NHPI62SCSS,650.0,650.0,0.0,0.0,0,No brand,Paltaryuyan maşın
Dondurucu qutu SD/SC-328Y No Frost Ağ 328 l,1250.0,1250.0,0.0,0.0,0,No Frost,Dondurucu
Mini soyuducu VP088 Black Edition,374.99,450.0,17.0,0.0,0,No brand,Mini soyuducu
Yarıavtomatik paltaryuyan maşın Vesta WMG65P,161.99,249.0,35.0,0.0,0,Vesta,Digər
Buz generatoru Scotsman ACM 87 AS,3628.0,3628.0,0.0,0.0,0,No brand,Buz generatoru
Soyuducu Regal 210 W,527.58,668.0,21.0,0.0,0,Regal,Soyuducu
"Paltaryuyan maşın JVC WG NLDF07W5S, ağ, 7 kq, 1200 dövr/dəq",562.0,679.0,17.0,0.0,0,No brand,Paltaryuyan maşın
Dondurucu qutu Ugur UDD 400 SC,1495.37,3999.99,63.0,0.0,0,Ugur,Dondurucu
Paltaryuyan maşın Samsung WW11CGP44CSBLP,1549.99,1999.99,23.0,0.0,2,Samsung,Paltaryuyan maşın
Soyuducu Eurolux EU-RF640HNF-4SB,1919.95,2000.0,4.0,0.0,0,Eurolux,Soyuducu
Mini paltaryuyan maşın SISO 40W 6.6L,40.04,65.85,39.0,0.0,1,SISO,Mini soyuducu
Buz generatoru Scotsman ACM 176 AS,6391.0,6391.0,0.0,0.0,0,No brand,Buz generatoru
Buz generatoru Scotsman ACM 226 AS,8162.0,8162.0,0.0,0.0,0,No brand,Buz generatoru
Buz generatoru Winning Star ST-9502,449.99,539.99,17.0,0.0,0,Winning Star,Buz generatoru
Buz generatoru RAF R.0311B qara,199.9,300.0,33.0,0.0,0, RAF,Buz generatoru
Buz generatoru RAF R.0310 qara,174.98,210.0,17.0,0.0,0, RAF,Buz generatoru
Mini soyuducu Biryusa 45,267.26,418.57,36.0,0.0,0,Biryusa,Mini soyuducu
"Buz generatoru Snow Village KB-50, qara, 50 l",1270.0,1270.0,0.0,0.0,0,Snow Village,Buz generatoru
"Dondurucu qutu, No Frost, Ağ, 500 L",1930.0,1930.0,0.0,0.0,0,No Frost,Dondurucu
Soyuducu MODEX-01 MNF385SE1,980.0,980.0,0.0,0.0,0,No brand,Soyuducu
"Paltaryuyan maşın Samsung WD10T654CBH/LD, 10.5 kg yuma, 7 kg qurudma, EcoBubble™, AI Control, 1400 rpm, ağ rəng - WD10T654CBH/LD",1482.71,1482.71,0.0,0.0,0,Samsung,Paltaryuyan maşın
Soyuducu Lotus LT417BLCGS,1286.93,1700.0,24.0,0.0,0,Lotus,Soyuducu
"Buz generatoru Snow Village KB-30, ağ, 30 l",880.0,880.0,0.0,0.0,0,Snow Village,Buz generatoru
"Mini soyuducu Biryusa 45, birqapılı, ağ",218.39,349.22,37.0,0.0,0,Biryusa,Mini soyuducu
Paltaryuyan maşın Toshiba BN90C4UZ SK,783.92,1799.99,56.0,0.0,0,Toshiba,Paltaryuyan maşın
"Dondurucu qutu Biryusa 260KX, ağ",810.0,810.0,0.0,0.0,0,Biryusa,Dondurucu
Soyuducu Kraft NF 403D,819.0,1376.0,40.0,0.0,0,Kraft,Soyuducu
Paltaryuyan maşın Eurolux EU-WM10XN17S-6BLDG,598.82,899.99,33.0,0.0,0,Eurolux,Paltaryuyan maşın
"Vitrin soyuducusu BOO$, 130 x45 x45 sm, qara",712.98,985.0,28.0,0.0,1,No brand,Digər
Paltaryuyan maşın Silvers Criest SC-7906A,69.9,103.35,32.0,0.0,0,Silver,Paltaryuyan maşın
"Dondurucu qutu Biryusa 680KXQ, Əl ilə buzun əridilməsi, Ağ, 600 l",1400.0,1400.0,0.0,0.0,0,Biryusa,Dondurucu
"Buz generatoru Winning Star, ağ, 1.2 L",299.99,299.99,0.0,0.0,0,Winning Star,Buz generatoru
Dondurucu qutu Winning Star ST-DB-208L,990.5,990.5,0.0,0.0,0,Winning Star,Dondurucu
Soyuducu Shivaki HD 345 RN,749.94,749.94,0.0,0.0,0,Shivaki,Soyuducu
Paltaryuyan maşın Finlux SWM0910F4DS,849.99,1299.0,35.0,4.6,9,Finlux,Paltaryuyan maşın
Paltaryuyan maşın Beko WTV 8612 XSW,830.0,1200.0,31.0,0.0,2,Beko,Paltaryuyan maşın
Soyuducu masa Smart Table Sound and Cool Black,2877.0,3255.0,12.0,0.0,0,No brand,Soyuducu
Paltaryuyan maşın Shivaki TE60LS 2 6 kq 1350 dövr/dəq boz,227.47,343.29,34.0,0.0,0,Shivaki,Paltaryuyan maşın
Dondurucu şkaf Biryusa M412 əl ilə buz açma 80 l gümüşü,454.97,699.99,35.0,0.0,0,Biryusa,Dondurucu
"Buz generatoru RAF R.0311B (ARLS), qara",219.99,219.99,0.0,0.0,0, RAF,Buz generatoru
Soyuducu Smeg FAB38RRD,9097.0,9097.0,0.0,0.0,0,Smeg,Soyuducu
Paltaryuyan maşın Ardesto WMS-7117IDGBD,589.99,649.99,9.0,0.0,0,Ardesto,Paltaryuyan maşın
Buz generatoru MinMax MI-230733_RB,173.0,259.0,33.0,0.0,0,No brand,Buz generatoru
"Soyuducu Shivaki HD430-RWENE/DISP, No Frost, İkiqapılı, Qara",888.88,1549.0,43.0,0.0,0,Shivaki,Soyuducu
Paltaryuyan Vestel W812T2B 8 kq bm_999,765.52,765.52,0.0,0.0,0,Vestel,Paltaryuyan maşın
Dondurucu qutu Bompani BICO142/E,1660.0,1660.0,0.0,0.0,0,Bompan,Dondurucu
Dondurucu qutu Bompani BOCF150,1401.0,1401.0,0.0,0.0,0,Bompan,Dondurucu
Dondurucu qutu Biryusa M155KX,700.0,700.0,0.0,0.0,0,Biryusa,Dondurucu
Soyuducu 7Tech 7REF4G310DIS3_MYCM_14_71_59 No Frost ikiqapılı boz,749.03,835.99,10.0,0.0,0,7Tech,Soyuducu
"Portativ paltaryuyan maşın BJ-669, mavi",29.9,48.8,39.0,0.0,0,Portativ,Digər
Paltaryuyan maşın Beko B5DFT510447M,1199.0,1799.0,33.0,0.0,0,Beko,Paltaryuyan maşın
Soyuducu Biryusa W6133 MAI,657.08,950.0,31.0,0.0,2,Biryusa,Soyuducu
"Dondurucu qutu Winning Star ST-BD-208L, gümüşü",799.99,999.99,20.0,0.0,0,Winning Star,Dondurucu
Mini-paltaryuyan maşın Pompakt 11L,54.96,80.0,31.0,0.0,1,No brand,Digər
Dondurucu qutu Winning Star ST-1112302_RB,755.0,1005.0,25.0,0.0,0,Winning Star,Dondurucu
Soyuducu Hoffmann NF-184SDN,1128.99,1999.99,44.0,0.0,2,Hoffmann,Soyuducu
Soyuducu Bosch KDN55XIE0N Üst dondurucu Inox,1549.0,1999.0,23.0,0.0,0,Bosch,Soyuducu
Paltaryuyan maşın Bergamo BG-WM1424T + ütü Bergamo Sİ1173 Hədiyyə,864.99,1499.99,42.0,0.0,0,No brand,Paltaryuyan maşın
Dondurucu qutu Biryusa 355KVS əl ilə buz açma 330 l ağ,669.97,1199.99,44.0,0.0,0,Biryusa,Dondurucu
Soyuducu Vestel RM670TF3M-I1,1300.0,1300.0,0.0,0.0,0,Vestel,Soyuducu
Paltaryuyan maşın 7Tech 7WM4S1280GSS1,599.0,1250.0,52.0,0.0,0,7Tech,Paltaryuyan maşın
Buz generatoru Avinas AV-6008 + Hədiyyə Süd köpükləndirici RAF R.342 (RAX010-0180),420.96,420.96,0.0,0.0,0, RAF,Buz generatoru
Buz generatoru Winning Star ST-9502 Damlama sistemi Gümüşü 2.5 l,458.0,599.0,24.0,0.0,0,Winning Star,Buz generatoru
Buz generatoru Scotsman ACM 177 AS,6391.0,6391.0,0.0,0.0,0,No brand,Buz generatoru
Buz generatoru Winning Star ST-9502,549.99,549.99,0.0,0.0,0,Winning Star,Buz generatoru
Buz hazırlama cihazı Winning Star ST-9502 2.5 l gümüşü.,409.5,485.0,16.0,0.0,0,Winning Star,Buz generatoru
Buz generatoru Hicon HZB-16C,465.29,750.0,38.0,0.0,0,No brand,Buz generatoru
Buz generatoru CASO Design Ecostyle 3304CASO,471.0,471.0,0.0,0.0,1,CASO,Buz generatoru
Buz hazırlayan Alveon ALV-18 1.8 L ağ - SH_2521_0538,499.99,600.0,17.0,0.0,0,No brand,Buz generatoru
Buz generatoru Winning Star WS-030558_RB,315.0,472.0,33.0,0.0,0,Winning Star,Buz generatoru
"Mini soyuducu Shivaki, 137 AG, Defrost, Birqapılı, Ağ",369.31,489.65,25.0,0.0,0,Shivaki,Mini soyuducu
Paltaryuyan maşın Sharp ES-FSI1012DLZ-S,970.19,1940.38,50.0,0.0,0,Sharp,Paltaryuyan maşın
Soyuducu Vestel RM680BF3EI-LM F,1399.0,1399.0,0.0,0.0,0,Vestel,Soyuducu
Mini paltaryuyan maşın ÇH,38.15,85.0,55.0,0.0,0,No brand,Mini soyuducu
"Buz generatoru Duvel DL-215, 20 l",349.0,499.0,30.0,0.0,1,No brand,Buz generatoru
Dondurucu qutu Vesta VFC 300 White,589.97,699.0,16.0,0.0,0,Vesta,Dondurucu
"Buz generatoru MinMax MI-Z9W, 1.2 l",205.22,205.22,0.0,0.0,0,No brand,Buz generatoru
Soyuducu Hoffmann NFB-186BG,829.74,1124.99,26.0,0.0,1,Hoffmann,Soyuducu
Paltaryuyan maşın Sharp ES-FSI712DLZ-S,675.0,1350.0,50.0,0.0,0,Sharp,Paltaryuyan maşın
Soyuducu Midea MDRU385FZE46 No Frost birqapılı gümüşü,995.79,1991.58,50.0,0.0,0,Midea,Soyuducu
Paltaryuyan maşın Quicks Q-1865,184.0,184.0,0.0,4.7,3,Quicks,Paltaryuyan maşın
Dondurucu qutu Biryusa 155-KVS əl ilə buz açma 145 l ağ,449.97,899.99,50.0,0.0,0,Biryusa,Dondurucu
"Dondurucu kamera, Dondurucu qutu, No Frost, Ağ, 258 L",1200.0,1200.0,0.0,0.0,0,No Frost,Dondurucu
Dondurucu qutu Biryusa 210KVS əl ilə buz açma 200 l ağ,509.97,999.99,49.0,0.0,0,Biryusa,Dondurucu
Dondurucu qutu Snow Village BC/BD-1780,4000.0,4000.0,0.0,0.0,0,Snow Village,Dondurucu
Soyuducu Eurolux EU-RF22HNF-2STM,680.0,750.0,9.0,0.0,5,Eurolux,Soyuducu
Paltaryuyan maşın Neos KG60-1021N-WH,751.0,751.0,0.0,0.0,1,No brand,Paltaryuyan maşın
"Buz generatoru Winning Star ST-9501, 1.2 L, ağ",289.99,399.99,28.0,0.0,0,Winning Star,Buz generatoru
Soyuducu Atlant ХМ 4012-080,694.0,886.0,22.0,0.0,2,Atlant,Soyuducu
"Soyuducu Shivaki HD345-RND, Low Frost, İkiqapılı, Qara",602.97,899.0,33.0,0.0,0,Shivaki,Soyuducu
Paltaryuyan maşın Vegas 7 kq 1200 dövr/dəq boz,528.44,611.49,14.0,0.0,0,Vegas,Paltaryuyan maşın
Dondurucu kamera 7Tech 7FR4G418WS3 INVERTER 418 l ağ,829.97,1399.99,41.0,0.0,0,7Tech,Dondurucu
Dondurucu kamera 7Tech 7FR4G250WS3 INVERTER 250 l ağ,520.97,799.99,35.0,0.0,0,7Tech,Dondurucu
"Mini soyuducu Boos BCD-176W, ikiiqapılı, boz",1099.85,1500.0,27.0,0.0,0,No brand,Mini soyuducu
"Paltaryuyan maşın Shivaki WM1470S, Boz, 7 kq",613.67,1250.0,51.0,0.0,0,Shivaki,Paltaryuyan maşın
"Paltaryuyan maşın Shivaki TG70F, ağ, 7 kq, 1200 dövr/dəq",240.98,599.99,60.0,0.0,0,Shivaki,Paltaryuyan maşın
Paltaryuyan maşını LG F20L2CRV2E2,2429.67,3199.99,24.0,0.0,0,LG,Paltaryuyan maşın
Soyuducu Hitachi R-W660PUC7 GPW,2454.9,4909.8,50.0,0.0,0,Hitachi,Soyuducu
Paltaryuyan maşın Javel JVM3 1065 DGB,565.0,565.0,0.0,0.0,0,No brand,Paltaryuyan maşın
Paltaryuyan Masin BEKO WSRE6512PRW YS/YS 6KQ AG,798.97,1038.69,23.0,0.0,0,Beko,Paltaryuyan maşın
Soyuducu Shivaki HD341,515.01,643.22,20.0,0.0,0,Shivaki,Soyuducu
Paltaryuyan maşın Eurolux EU-WM1479S-8BLDG 8 kq 1400 dövr BLDC Inverter,799.99,944.99,15.0,0.0,0,Eurolux,Paltaryuyan maşın
Soyuducu Atlant XM-4612-101 White,704.0,898.0,22.0,0.0,0,Atlant,Soyuducu
Paltaryuyan maşın Shivaki SG70P,198.71,345.46,42.0,0.0,0,Shivaki,Paltaryuyan maşın
Paltaryuyan maşın Neos KG70-1220N-GR,633.99,850.0,25.0,0.0,5,No brand,Paltaryuyan maşın
Soyuducu LG GR-B459FMFW.APYQMER,1485.2,2099.99,29.0,0.0,0,LG,Soyuducu
Soyuducu Hitachi RV760PUK7K4BSL No Frost ikiqapılı gümüşü,1622.32,1622.32,0.0,0.0,0,Hitachi,Soyuducu
Paltaryuyan maşın Eurolux 12XN71 7 kq,631.36,899.99,30.0,0.0,0,Eurolux,Paltaryuyan maşın
Soyuducu Emersun BFN22D-348 EL/TP Black,969.0,1508.0,36.0,0.0,1,No brand,Soyuducu
Paltaryuyan maşın Berlin 10 kq,860.0,1250.0,31.0,0.0,0,No brand,Paltaryuyan maşın
Soyuducu Indesit ITS 5200 XB,858.0,1313.0,35.0,4.6,7,Indesit,Soyuducu
Paltaryuyan maşın LG PAL F2T9GW9P,1037.76,1474.99,30.0,0.0,0,LG,Paltaryuyan maşın
Soyuducu Hoffmann DFT167S İkiqapılı DeFrost Gümüşü,590.0,899.99,34.0,0.0,0,Hoffmann,Soyuducu
Paltaryuyan maşın Neos KG80-1221N-GR,605.0,605.0,0.0,0.0,4,No brand,Paltaryuyan maşın
"Soyuducu Ferro, Fnf440i, No Frost, İkiqapılı, Gümüşü",730.99,999.99,27.0,0.0,0,No Frost,Soyuducu
Paltaryuyan maşın Eurolux EU-WM1017S-6BLDG 6 kq 1000 dövr/dəq,530.17,809.9,35.0,0.0,1,Eurolux,Paltaryuyan maşın
Soyuducu EUROLUX EU-RF60-SS-HNF2-BG - EU-RF60-SS-HNF2-BG,1781.57,2000.0,11.0,0.0,0,Eurolux,Soyuducu
"Paltaryuyan maşın Samsung WW70T3020BS/LP, gümüşü, 7 kq, 1200 dövr/dəq",780.97,1299.99,40.0,0.0,0,Samsung,Paltaryuyan maşın
Soyuducu Shivaki HD430-RWENE/DISP__MYCM_14_71_59 No Frost ikiqapılı qara,879.99,879.99,0.0,0.0,0,Shivaki,Soyuducu
"Soyuducu Shivaki HD455-RWENE INV 195.259.566252/98LT D/ALT, No Frost, İkiqapılı, Boz",949.95,1850.0,49.0,0.0,0,Shivaki,Soyuducu
Paltaryuyan maşın Vegas 7 kq 1200 dövr/dəq boz.,490.18,683.27,28.0,0.0,0,Vegas,Paltaryuyan maşın
Paltaryuyan Toshiba VP-TW-BN80C2UZWK,795.5,1299.99,39.0,0.0,0,Toshiba,Paltaryuyan maşın
"Soyuducu Shivaki H345-RND, statik, ikiqapılı, qara",602.98,999.99,40.0,0.0,0,Shivaki,Soyuducu
Paltaryuyan maşın Hisense WF3S7021BB,719.0,999.0,28.0,0.0,0,Hisense,Paltaryuyan maşın
Soyoducu Hoffmann DEFB 180S,677.43,999.99,32.0,0.0,0,Hoffmann,Digər
Soyuducu Indesit ITS 4180 NG,827.98,1199.99,31.0,0.0,5,Indesit,Soyuducu
Paltaryuyan maşın Denx DX2041,105.0,147.0,29.0,0.0,4,No brand,Paltaryuyan maşın
"Mini soyuducu Termoelektrik, Birqapılı Ağ.",119.99,189.99,37.0,0.0,0,No brand,Mini soyuducu
Paltaryuyan maşın Eurolux EU-WM10AF17S-6BLDG,598.82,899.99,33.0,0.0,0,Eurolux,Paltaryuyan maşın
Paltaryuyan maşın LG W1S1CVK2EHM,5145.0,10290.0,50.0,0.0,0,LG,Paltaryuyan maşın
"Mini soyuducu Biryusa 45, ağ",310.0,310.0,0.0,0.0,0,Biryusa,Mini soyuducu
Paltaryuyan maşın Geepas GWMF1041SRG Silver,659.0,899.0,27.0,0.0,0,Silver,Paltaryuyan maşın
Soyuducu Biryusa 410,499.9,700.0,29.0,0.0,1,Biryusa,Soyuducu
Paltaryuyan maşın Vestel MU_1375 8 kq 1000 dövr/dəq qara,890.0,1333.0,33.0,0.0,0,Vestel,Paltaryuyan maşın
Soyuducu No Brand 83x45x45 sm 83 l Gray,384.99,620.0,38.0,0.0,0,No brand,Soyuducu
"Paltaryuyan maşın Slivers Criest SC-7906A, mavi, 8 l, 36 Vt",64.52,83.88,23.0,0.0,0,No brand,Paltaryuyan maşın
Soyuducu Eurolux EU-RF620HNF-4SB,1952.66,1952.66,0.0,0.0,1,Eurolux,Soyuducu
Paltaryuyan Maşın Wolf 953032_RB,187.97,255.0,26.0,0.0,0,Wolf,Paltaryuyan maşın
Paltaryuyan maşın Eurolux EU-WM1477S-8BLDG,1153.79,1500.0,23.0,0.0,0,Eurolux,Paltaryuyan maşın
Soyuducu Biryusa C960NF,781.0,1220.0,36.0,0.0,1,Biryusa,Soyuducu
Paltaryuyan maşın Beko WSPE7H616S,789.0,999.0,21.0,0.0,0,Beko,Paltaryuyan maşın
Soyuducu Samsung RB50DG602EB1WT,1809.78,3619.56,50.0,0.0,1,Samsung,Soyuducu
"Paltaryuyan maşın LG F2V7FR2P 9 kq yuma və 5 kq qurudma tutumu, AI DD™ texnologiyası, TurboWash™, Steam™, ThinQ™, sinif A enerjiyə qənaətcil, gümüşü rəng, ön yükləmə - LG F2V7FR2P",1324.98,1324.98,0.0,0.0,0,LG,Paltaryuyan maşın
Soyuducu Ficher BC-71,328.35,480.0,32.0,0.0,0,No brand,Soyuducu
Paltaryuyan maşın LG F20L2CRV2E2.ABLPMEA,2703.36,2999.99,10.0,0.0,0,LG,Paltaryuyan maşın
Soyuducu Haier C4F744CMGU1,1536.0,2351.0,35.0,0.0,1,Haier,Soyuducu
Portativ mini paltaryuyan maşın 6W White,6.55,15.99,59.0,0.0,1,Portativ,Digər
Soyuducu Kumtel HTMF-210 White,439.98,539.0,18.0,0.0,0,No brand,Soyuducu
Paltaryuyan maşın Бирюса WM-SL1214/15 M,879.99,1750.0,50.0,0.0,0,No brand,Paltaryuyan maşın
Soyuducu Beko RDNE350K40WN,1079.99,1599.0,32.0,0.0,0,Beko,Soyuducu
Paltaryuyan maşın Eurolux EU-WM1274S-10BLDG7 10 kq BLDC 1200 dövr/dəq boz,952.65,1379.9,31.0,0.0,0,Eurolux,Paltaryuyan maşın
Paltaryuyan maşın LG W1S1CVKK2HM.ABGPCOM,6058.62,8059.88,25.0,0.0,0,LG,Paltaryuyan maşın
Soyuducu Emersun TMFH17T360 Steel,639.0,999.0,36.0,0.0,0,No brand,Soyuducu
"Soyuducu Shivaki HD341-FN, Defrost, İkiqapılı, Qara",558.9,1100.0,49.0,0.0,0,Shivaki,Soyuducu
Soyuducu Beko B3RCNK362HW/VPTCH,1099.99,1699.99,35.0,0.0,0,Beko,Soyuducu
"Portativ paltar yuyan maşın Slivers Criest SC-7906, Ağ, 2.8 kq",59.47,89.99,34.0,0.0,0,Portativ,Digər
Paltaryuyan maşın Quicks Q-10020 Grey,1099.0,1499.0,27.0,0.0,0,Quicks,Paltaryuyan maşın
Soyuducu Biryusa 553 AG 230 l 145×58×62 sm,496.51,999.99,50.0,0.0,0,Biryusa,Soyuducu
"Paltaryuyan maşın DSP, Ağ, 1 kq, 150 dövr/dəq",41.9,65.0,36.0,0.0,0,DSP,Paltaryuyan maşın
Soyuducu Eurolux EU-RF20HNF-2STM 200 L Ağ,630.0,720.0,13.0,0.0,0,Eurolux,Soyuducu
Paltaryuyan maşın Samsung WD90DG5G34BELP,1377.0,2109.0,35.0,0.0,0,Samsung,Paltaryuyan maşın
Soyuducu Hoffmann NBT.185SN,779.0,1558.0,50.0,0.0,0,Hoffmann,Soyuducu
Paltaryuyan maşın Бирюса WM-SL1214/15 B,898.99,1750.0,49.0,0.0,0,No brand,Paltaryuyan maşın
"Mini soyuducu Biryusa 50, Damcı sistemi, Birqapılı, Ağ",208.98,399.99,48.0,0.0,0,Biryusa,Mini soyuducu
Paltaryuyan maşın TCL C2110WDG,815.79,815.79,0.0,0.0,0,No brand,Paltaryuyan maşın
Paltaryuyan maşın Eurolux EU-WM1274S-10BLDG7,1049.0,1599.0,34.0,0.0,0,Eurolux,Paltaryuyan maşın
"Soyuducu Shivaki HD 341-FN, statik, ikiqapılı, qara",533.98,899.99,41.0,0.0,0,Shivaki,Soyuducu
Soyuducu Shivaki HD455-RWENE Black,909.0,1225.88,26.0,4.5,2,Shivaki,Soyuducu
"Paltaryuyan maşın JVC WG-NLDE10H5S, boz, 10 kq, 1600 dövr/dəq",816.0,999.0,18.0,0.0,0,No brand,Paltaryuyan maşın
Soyuducu Toshiba GR-RT559WE-PMJ (37),1160.0,1787.0,35.0,0.0,0,Toshiba,Soyuducu
"Paltaryuyan maşın Shivaki WM1460S, Gümüşü, 6 kq, 1000 dövr/dəq",499.97,799.99,38.0,0.0,0,Shivaki,Paltaryuyan maşın
Paltaryuyan maşın Samsung - WD11DG6B85BB qara,1535.27,1920.0,20.0,0.0,0,Samsung,Paltaryuyan maşın
Soyuducu Beko B5RCNE565HXPE,1899.98,2000.99,5.0,0.0,0,Beko,Soyuducu
Soyuducu Samsung RB56TS754SA/WT,1950.87,2713.0,28.0,0.0,0,Samsung,Soyuducu
Paltaryuyan maşın Ardesto WMW-6103DGBDI 6 kg 1200 döv./dəq. Boz,569.99,649.99,12.0,0.0,0,Ardesto,Paltaryuyan maşın
Soyuducu Sharp SJ-FSD910N-WH5,4999.0,7329.0,32.0,0.0,0,Sharp,Soyuducu
Paltaryuyan maşın Shivaki TE60LS,215.36,322.19,33.0,0.0,0,Shivaki,Paltaryuyan maşın
Soyuducu Vestel RM450BF3M-XL,959.99,1299.99,26.0,0.0,0,Vestel,Soyuducu
Paltaryuyan maşın 5 kq 150 dövr/dəq bənövşəyi.,94.99,150.0,37.0,0.0,0,No brand,Paltaryuyan maşın
Paltaryuyan maşın Bosch WGK244Z0ME White,1699.97,2000.99,15.0,0.0,0,Bosch,Paltaryuyan maşın
Soyuducu 7Tech FS 7REF4G310DIS3 No Frost birqapılı gümüşü.,1200.0,1200.0,0.0,0.0,0,7Tech,Soyuducu
Paltaryuyan maşın LG F4V5EYLYP 9 kq 1400 dövr/dəq Gümüş,1299.99,1629.99,20.0,0.0,0,LG,Paltaryuyan maşın
Soyuducu Toshiba GR-RT624WE-PMJ(37),1207.42,1600.0,25.0,0.0,1,Toshiba,Soyuducu
Paltaryuyan maşın Ziffler BWMD-8J2GD,749.88,1000.0,25.0,0.0,0,Ziffler,Paltaryuyan maşın
Paltaryuyan maşın Ziffler BWMJ-8J4BL,569.0,889.0,36.0,0.0,0,Ziffler,Paltaryuyan maşın
Buz generatoru Winning Star ST-9501,299.99,299.99,0.0,0.0,0,Winning Star,Buz generatoru
Soyuducu Eurolux EU.RF600HNF-2TSB,1562.13,1999.0,22.0,0.0,0,Eurolux,Soyuducu
Paltaryuyan maşın Hoffman WM6110WT 6 kq,633.54,1000.0,37.0,0.0,1,Hoffman,Paltaryuyan maşın
Paltaryuyan maşın Darkin 6001s 6kg,699.0,799.0,13.0,0.0,0,Darkin,Paltaryuyan maşın
Soyuducu Shivaki HD430-RWENE No Frost ikiqapılı ağ 187×59.5×66,827.99,1670.0,50.0,0.0,0,Shivaki,Soyuducu
Paltaryuyan maşın Ziffler BWM8-A2DG,569.0,889.0,36.0,0.0,0,Ziffler,Paltaryuyan maşın
Soyuducu LG GC-B509SLCL - GC-B509SLCL,1356.53,1356.53,0.0,0.0,0,LG,Soyuducu
Paltaryuyan Maşın Ziffler BWMK-7T2DG,699.88,1100.0,36.0,0.0,0,Ziffler,Paltaryuyan maşın
Soyuducu Beko B3RCNK402HW,1259.99,1879.0,33.0,0.0,0,Beko,Soyuducu
Paltaryuyan maşın Vestel W812T2B 8 kq 1200 dövr/dəqiqə Qara,835.99,1450.0,42.0,0.0,0,Vestel,Paltaryuyan maşın
Paltaryuyan maşın Shivaki TG70F,240.96,449.0,46.0,0.0,0,Shivaki,Paltaryuyan maşın
"Soyuducu Shivaki HD316-FN AG, Low Frost, İkiqapılı, Ağ",495.97,599.99,17.0,0.0,0,Shivaki,Soyuducu
Paltaryuyan maşın Finlux SWM0608T1DSC 6 kg 1000 dövr/dəq Gümüşü,699.88,1464.3,52.0,0.0,0,Finlux,Paltaryuyan maşın
Soyuducu Atlant 4624-151,761.0,1032.0,26.0,0.0,1,Atlant,Soyuducu
Paltaryuyan maşın Vegas 8 kq 1200 dövr/dəq boz.,566.78,639.28,11.0,0.0,0,Vegas,Paltaryuyan maşın
Soyuducu LG GN-B492PXGB qara,1599.99,2999.99,47.0,0.0,0,LG,Soyuducu
Paltaryuyan maşın HomeStore XSK99,45.0,70.0,36.0,0.0,0,No brand,Paltaryuyan maşın
Paltaryuyan maşın Бирюса WM-SL814/15 B,774.99,1340.0,42.0,0.0,0,No brand,Paltaryuyan maşın
Soyuducu Hitachi R-V660PUC7-1000 BSL,2394.99,3000.0,20.0,0.0,0,Hitachi,Soyuducu
Paltaryuyan Gorenje W5NGPI72SBSS/C,690.0,690.0,0.0,0.0,0,No brand,Paltaryuyan maşın
Mini paltaryuyan TPP-21911_19290,47.11,47.11,0.0,0.0,2,No brand,Mini soyuducu
Soyuducu Vestfrost VVW18LFM00S,749.99,884.99,15.0,0.0,0,Vestfrost,Soyuducu
Paltaryuyan maşın Samsung WW11CGC04CAELP,1198.0,1833.0,35.0,0.0,0,Samsung,Paltaryuyan maşın
Soyuducu Biryusa B-551,479.9,619.9,23.0,0.0,1,Biryusa,Soyuducu
Soyuducu Ficher BC51,259.6,450.0,42.0,0.0,0,No brand,Soyuducu
"Soyuducu Shivaki HD316-FN, Low Frost, İkiqapılı, Qara",514.99,779.02,34.0,0.0,0,Shivaki,Soyuducu
Paltaryuyan maşın Vestfrost F40610S,500.0,650.0,23.0,0.0,0,Vestfrost,Paltaryuyan maşın
Washing Machine Wolf 953033_RB Semi-automatic 10 kg Top Load White,182.97,252.0,27.0,0.0,2,Wolf,Digər
Soyuducu Hitachi R-V765PU7 PWH,1890.0,3780.0,50.0,0.0,0,Hitachi,Soyuducu
Paltaryuyan maşın Hisense WFVB7012 MT,664.98,1200.0,45.0,0.0,0,Hisense,Paltaryuyan maşın
Soyuducu Shivaki HS 228 RN White,499.19,756.39,34.0,0.0,0,Shivaki,Soyuducu
Paltaryuyan maşın Electrolux EW6S3R07SI,811.24,1622.48,50.0,0.0,0,Electrolux,Paltaryuyan maşın
Paltaryuyan maşın Darkin DK8001S,690.0,690.0,0.0,0.0,0,Darkin,Paltaryuyan maşın
Soyuducu Shivaki HD-276-FN AG Defrost ikiqapılı ağ.,481.63,579.35,17.0,0.0,0,Shivaki,Soyuducu
"Paltaryuyan maşın Yoshiro YWM-GR1014SI60G, Boz, 10 kq, 1400 dövr/dəq",920.0,920.0,0.0,0.0,0,Yoshiro,Paltaryuyan maşın
Soyuducu Samsung RT53DG7A10S9WT No Frost,1673.99,2822.9,41.0,0.0,0,Samsung,Soyuducu
Paltaryuyan maşın HVB43,54.96,87.0,37.0,0.0,0,No brand,Paltaryuyan maşın
Paltaryuyan maşın Samsung WD11DG6B85BB,1598.98,1899.9,16.0,0.0,1,Samsung,Paltaryuyan maşın
Soyuducu Biryusa C940NF,800.0,1250.0,36.0,0.0,0,Biryusa,Soyuducu
Paltaryuyan maşını Ake-5212,44.78,89.0,50.0,0.0,3,No brand,Paltaryuyan maşın
Soyuducu Hisense RD60WR,1117.81,1499.99,25.0,0.0,0,Hisense,Soyuducu
Paltaryuyan maşın Eurolux EUWM1477S8BLDG,1041.42,1759.0,41.0,0.0,0,Eurolux,Paltaryuyan maşın
Soyuducu Eurolux EU-RF420HNF-2SS,1076.92,1799.0,40.0,0.0,0,Eurolux,Soyuducu
"Paltaryuyan maşın Lexical 7502-4 300 Vt. 3 funksiya: yuma, fırlatma və qurutma.",220.0,300.0,27.0,0.0,0,No brand,Paltaryuyan maşın
Paltaryuyan maşın Samsung WW11CG604CLB,1320.99,1849.9,29.0,0.0,0,Samsung,Paltaryuyan maşın
Soyuducu Hitachi RV710PUK7KBSL-TH No Frost ikiqapılı gümüşü,1528.72,1528.72,0.0,0.0,0,Hitachi,Soyuducu
Mini paltaryuyan maşın FP-8806-Ç,68.08,90.17,24.0,0.0,0,No brand,Mini soyuducu
Soyuducu Samsung RS70F65Q1TWT,2328.0,3569.0,35.0,0.0,0,Samsung,Soyuducu
Paltaryuyan maşın Ziffler BWME-8J4BB Black,569.0,889.0,36.0,0.0,0,Ziffler,Paltaryuyan maşın
Soyuducu Hitachi R-W760PU7 GPW,2454.48,4908.96,50.0,0.0,0,Hitachi,Soyuducu
Paltaryuyan maşın Vestfrost VFSC610T20W,560.0,560.0,0.0,0.0,0,Vestfrost,Paltaryuyan maşın
"Soyuducu Shivaki HD345-RND, Defrost, İkiqapılı, Ağ",597.78,1090.57,45.0,0.0,0,Shivaki,Soyuducu
Soyuducu Shivaki HD 316FN Inox,560.01,700.0,20.0,0.0,0,Shivaki,Soyuducu
Paltaryuyan maşın Samsung WW70A6S23AE/LP,1059.0,1359.0,22.0,0.0,0,Samsung,Paltaryuyan maşın
"Soyuducu Shivaki HD 430-RWENE/DISP, No Frost, ikiqapılı, ağ",796.98,1399.99,43.0,0.0,0,Shivaki,Soyuducu
Paltaryuyan maşın Eurolux EU-WM1273S-8BLDG 8 kq Gümüş,650.58,853.26,24.0,0.0,0,Eurolux,Paltaryuyan maşın
Soyuducu Biryusa 120,599.99,750.0,20.0,0.0,0,Biryusa,Soyuducu
Paltaryuyan maşın Hoffmann VSL-7200S,662.69,950.0,30.0,0.0,0,Hoffmann,Paltaryuyan maşın
Soyuducu Samsung RS70F65Q1FWT,2359.0,3609.0,35.0,0.0,0,Samsung,Soyuducu
"Portativ mini paltaryuyan maşın X-1 O, Yaşıl",37.55,37.55,0.0,2.9,11,Portativ,Digər
Soyuducu LG GN-B492PXGB,1658.97,1714.23,3.0,0.0,0,LG,Soyuducu
Paltaryuyan maşın KONKA KG6021GR,479.96,849.99,44.0,0.0,0,No brand,Paltaryuyan maşın
Soyuducu Atlant ХМ-4621-101,703.0,934.0,25.0,0.0,0,Atlant,Soyuducu
Paltaryuyan maşın LG F08ZDYPK4,2399.66,5000.0,52.0,0.0,0,LG,Paltaryuyan maşın
Soyuducu Shivaki HD-276-FN Silver,487.77,754.66,35.0,0.0,0,Shivaki,Soyuducu
Paltaryuyan maşın Bergamo BG-WМ1425T-10DS3CI,812.95,1200.0,32.0,0.0,1,No brand,Paltaryuyan maşın
Soyuducu Samsung RB34T670FBN/WT.,1479.0,1879.0,21.0,0.0,0,Samsung,Soyuducu
Paltaryuyan maşın KONKA KG6021W,457.96,799.99,43.0,0.0,0,No brand,Paltaryuyan maşın
Paltaryuyan maşın Samsung WW90T4041.CE,1125.0,1399.99,20.0,0.0,0,Samsung,Paltaryuyan maşın
"Soyuducu Shivaki HD341-FN Metal, Low Frost, İkiqapılı, Gümüşü",545.01,856.34,36.0,0.0,0,Shivaki,Soyuducu
Portativ paltaryuyan maşın Double-bucket washing machine,46.5,65.8,29.0,0.0,0,Portativ,Digər
"Soyuducu Shivaki HD455-RWENE INV QRAFIT, ikiqapılı, tünd boz",897.98,1599.99,44.0,0.0,0,Shivaki,Soyuducu
Soyuducu Samsung RT53DG7A10S9,1676.0,3352.0,50.0,0.0,0,Samsung,Soyuducu
Soyuducu Shivaki HS 137 RN White,357.0,558.27,36.0,0.0,0,Shivaki,Soyuducu
Paltaryuyan maşın Lotus LT80JP12 Black,670.0,980.0,32.0,0.0,0,Lotus,Paltaryuyan maşın
Soyuducu Ziffler RF-BF-400BG - Ziffler RF-BF-400BG,893.0,1389.0,36.0,0.0,0,Ziffler,Soyuducu
Paltaryuyan maşın Vestfrost T00710S,505.0,620.0,19.0,0.0,0,Vestfrost,Paltaryuyan maşın
Mini paltaryuyan maşın IL-4533,39.99,73.99,46.0,0.0,0,No brand,Mini soyuducu
Soyuducu Hoffmann NBT186BG İkiqapılı No Frost Gümüşü,829.73,1124.99,26.0,0.0,0,Hoffmann,Soyuducu
Paltaryuyan maşın Bompani BO1410XG/B,3611.0,3611.0,0.0,0.0,0,Bompan,Paltaryuyan maşın
Soyuducu Eurolux EU-RF400HNF-2BG,1088.76,1599.0,32.0,0.0,0,Eurolux,Soyuducu
Soyuducu Hitachi R-VG660PUC7-1000 GBK,2543.0,2543.0,0.0,0.0,0,Hitachi,Soyuducu
Paltaryuyan maşın NEOHOT XQG70- U412VE,579.09,1448.7,60.0,0.0,0,No brand,Paltaryuyan maşın
Soyuducu Samsung RS80F65M1BWT,3114.0,4769.0,35.0,0.0,0,Samsung,Soyuducu
Paltaryuyan maşın Euro Wolf EF-0901,73.99,82.09,10.0,0.0,2,Wolf,Paltaryuyan maşın
"Paltaryuyan maşın, 2.5 kq, 800 dövr/dəq, bənövşəyi",88.9,130.0,32.0,0.0,0,No brand,Paltaryuyan maşın
Soyuducu Ziffler RF-TF-680I 680 L No Frost İnverter kompressor - Ziffler RF-TF-680I,1235.0,1919.0,36.0,0.0,0,Ziffler,Soyuducu
Paltaryuyan maşın Bosch WGA25400ME,1579.99,1799.0,12.0,0.0,2,Bosch,Paltaryuyan maşın
Soyuducu Eurolux EU-RF105DF-1S,449.89,499.0,10.0,4.8,5,Eurolux,Soyuducu
Paltaryuyan maşın Бирюса WM-SL1014/15 M,867.98,1550.0,44.0,0.0,0,No brand,Paltaryuyan maşın
Paltaryuyan maşın KONKA KG7021GR,591.88,929.99,36.0,0.0,0,No brand,Paltaryuyan maşın
Mini soyuducu Smeg FAB10RPG5,3151.0,3938.75,20.0,0.0,0,Smeg,Mini soyuducu
Paltaryuyan maşın Xiaomi QMP4603EU,1299.67,1799.0,28.0,0.0,0,No brand,Paltaryuyan maşın
Soyuducu Yoshiro YRF-T415NF70HB 420 L Qara,1444.99,2888.5,50.0,0.0,0,Yoshiro,Soyuducu
Paltaryuyan Eurolux EU.WM1299S-12BLDG,1019.98,1300.0,22.0,0.0,0,Eurolux,Paltaryuyan maşın
Soyuducu Shivaki HD345RN,789.0,999.0,21.0,0.0,0,Shivaki,Soyuducu
Soyuducu Sharp SJ-X655-DS3,1800.75,3601.5,50.0,0.0,0,Sharp,Soyuducu
Paltaryuyan Maşın Midea MF01814BS47/T 8 kq 1400 dövr/dəq Boz,829.99,1300.0,36.0,0.0,0,Midea,Paltaryuyan maşın
"Paltaryuyan maşın, Çəhrayı, 2 kq, 12 dövr/ dəq",61.23,61.23,0.0,0.0,0,No brand,Paltaryuyan maşın
Mini soyuducu Smeg FAB10RPB5,3151.0,3938.75,20.0,0.0,0,Smeg,Mini soyuducu
"Soyuducu Winsor RF-W50S, Mini soyuducu, Statik, Sərbəst dayanan, Gümüşü",248.93,400.0,38.0,0.0,0,No brand,Soyuducu
Paltaryuyan maşını Shahs SH-8-BLDC-WH White,608.99,929.99,35.0,0.0,1,No brand,Paltaryuyan maşın
"Paltaryuyan maşın, Ağ, 2.5 kq, 0 dövr/dəq",51.99,51.99,0.0,0.0,0,No brand,Paltaryuyan maşın
Əczaçılıq soyuducusu Biryusa 250S-G,699.0,1099.0,36.0,0.0,0,Biryusa,Digər
"Paltaryuyan maşın Shivaki SE65, Ağ, 6.5 kq, 1000 dövr/dəq",149.97,399.99,63.0,0.0,0,Shivaki,Paltaryuyan maşın
Soyuducu Hitachi R-W660PUC7 GBE LGE,2999.99,5000.0,40.0,0.0,0,LG,Soyuducu
"Soyuducu Shivaki HD430-RWENE/DISP, No Frost, İkiqapılı, Boz",897.79,1750.0,49.0,0.0,0,Shivaki,Soyuducu
Paltaryuyan maşın Eurolux EU.WM1456S-10BLDG,957.92,1299.0,26.0,0.0,0,Eurolux,Paltaryuyan maşın
Soyuducu Yoshiro YRF-M401NF79HGBX 401 L No Frost Qara,1784.97,3510.5,49.0,0.0,0,Yoshiro,Soyuducu
Paltaryuyan maşın Samsung WW11CGC04CAE,1318.54,2800.0,53.0,0.0,0,Samsung,Paltaryuyan maşın
Soyuducu KRAFT TNC-NF402X,799.0,1299.0,38.0,0.0,0,Kraft,Soyuducu
Mini paltaryuyan maşın Tiffany TF-8032,108.0,108.0,0.0,0.0,0,No brand,Mini soyuducu
Soyuducu SHARP SJ-FE850-DS5 No Frost,3743.25,7486.5,50.0,0.0,0,Sharp,Soyuducu
Paltaryuyan maşın Hitachi BD-802HVOW,1000.0,1799.99,44.0,0.0,0,Hitachi,Paltaryuyan maşın
Soyuducu Hitachi RV760PUK7K4PWH No Frost ikiqapılı ağ,1622.32,1622.32,0.0,0.0,0,Hitachi,Soyuducu
Paltaryuyan maşın 269854-HV-00,99.1,188.66,47.0,0.0,1,No brand,Paltaryuyan maşın
Paltaryuyan maşın Shahs ZTW-AB351,690.0,1000.0,31.0,0.0,0,No brand,Paltaryuyan maşın
Paltaryuyan maşın Midea MF100W70/T-C 7 kq 1200 dövr/dəq Boz,658.0,1000.0,34.0,0.0,0,Midea,Paltaryuyan maşın
Soyuducu 7Tech 7REF4G310DIS3 Inox,883.87,1650.0,46.0,0.0,0,7Tech,Soyuducu
Soyuducu Eurolux EU-RF650HNF-2TSB,1720.28,3400.0,49.0,0.0,1,Eurolux,Soyuducu
"Portativ paltaryuyan maşın AtrauX, Blue",76.27,90.0,15.0,0.0,0,Portativ,Digər
Paltaryuyan maşın Beko B5DFT 510447,1516.68,2200.0,31.0,0.0,0,Beko,Paltaryuyan maşın
Soyuducu Vestfrost NF289 INX,780.0,990.0,21.0,0.0,0,Vestfrost,Soyuducu
"Paltaryuyan maşın 7Tech, Tünd boz, 7 kq, 1200 dövr/ dəq",495.97,899.99,45.0,0.0,0,7Tech,Paltaryuyan maşın
"Soyuducu Shivaki HS 117 RN-WH, birqapılı, ağ",299.98,599.99,50.0,0.0,0,Shivaki,Soyuducu
Paltaryuyan maşın Vestel 6 kq 6082,565.0,565.0,0.0,0.0,0,Vestel,Paltaryuyan maşın
Soyuducu Indesit ITS4160G Gümüşü,799.99,1000.99,20.0,0.0,0,Indesit,Soyuducu
Paltaryuyan maşın Hotpoint Ariston NDD 11725 DA EE,1399.9,1500.0,7.0,0.0,0,Hotpoint,Paltaryuyan maşın
Soyuducu Hisense RD39WCRG,999.99,1799.99,44.0,0.0,0,Hisense,Soyuducu
"Soyuducu Shivaki HD 316-FN, statik, ikiqapılı, gümüşü",514.98,899.99,43.0,0.0,0,Shivaki,Soyuducu
"Paltaryuyan maşın Shivaki WM1470S, tünd boz, 7 kq, 1200 dövr/dəq",576.97,899.99,36.0,0.0,0,Shivaki,Paltaryuyan maşın
Soyuducu Pozis RS 405,494.0,630.0,22.0,0.0,2, Pozis,Soyuducu
Paltaryuyan maşın Beko WM419CGI - SHRK_4884_00658,849.99,1004.99,15.0,0.0,0,Beko,Paltaryuyan maşın
Paltaryuyan maşın Vestfrost T00710W,500.0,630.0,21.0,0.0,0,Vestfrost,Paltaryuyan maşın
Soyuducu Biryusa W6133 statik ikiqapılı tünd boz,637.97,899.99,29.0,0.0,0,Biryusa,Soyuducu
Paltaryuyan maşın 5 kq 150 dövr/dəq ağ-mavi.,46.83,75.0,38.0,0.0,0,No brand,Paltaryuyan maşın
Soyuducu Samsung RB31FERNDS9 /WT,1199.45,1199.45,0.0,0.0,0,Samsung,Soyuducu
Paltaryuyan maşın Eurolux EU-WМ1281T-7DS5EI,799.9,1000.0,20.0,0.0,0,Eurolux,Paltaryuyan maşın
Paltaryuyan maşın LG F2V5GG2S 8 kq 1200 dövr/dəq Gümüş,1145.35,2290.7,50.0,0.0,0,LG,Paltaryuyan maşın
Paltaryuyan maşın Kumtel HW8MAC-01 MC Silver,687.99,687.99,0.0,0.0,0,Silver,Paltaryuyan maşın
Soyuducu Yoshiro YBR-B248DF54HW,874.0,1337.0,35.0,0.0,0,Yoshiro,Soyuducu
Paltaryuyan maşın Eurolux 8 kq Inverter BLDC - EU-WM1273S-8BLDG,769.97,900.0,14.0,0.0,0,Eurolux,Paltaryuyan maşın
"Soyuducu Atlant 4621-181, gümüşü",725.0,971.0,25.0,0.0,0,Atlant,Soyuducu
"Mini paltaryuyan maşın Tiffany TF-8032, yaşıl",69.89,95.0,26.0,0.0,0,No brand,Mini soyuducu
Mini paltaryuyan maşın Tiffany TF-8031,83.0,83.0,0.0,0.0,0,No brand,Mini soyuducu
Soyuducu Sharp SJ-X815P-DS3,1976.1,3952.2,50.0,0.0,0,Sharp,Soyuducu
Soyuducu Midea MDRT645MTF28,1179.99,1179.99,0.0,0.0,0,Midea,Soyuducu
Paltaryuyan maşın KONKA KG7021W,529.95,1050.0,50.0,0.0,0,No brand,Paltaryuyan maşın
"Paltaryuyan maşın, ağ, 10 kq - ZTW-AB347",820.0,820.0,0.0,0.0,0,No brand,Paltaryuyan maşın
Soyuducu Sonifer SF-6518,545.57,850.0,36.0,0.0,0,No brand,Soyuducu
Paltaryuyan maşın Eurolux EU-WM10ES17S-6BLDG,598.82,899.99,33.0,0.0,0,Eurolux,Paltaryuyan maşın
Soyuducu Emersun BFN20D 321,856.0,1330.0,36.0,0.0,0,No brand,Soyuducu
Soyuducu Sharp SJ-X815P-BK3,2080.05,4160.1,50.0,0.0,0,Sharp,Soyuducu
Mini-paltaryuyan maşın PPLH,75.99,75.99,0.0,0.0,0,No brand,Digər
"Soyuducu Eurolux RF40 (XN), No Frost, ikiqapılı, qara",1184.62,1599.99,26.0,0.0,0,Eurolux,Soyuducu
Paltaryuyan maşın Artel WF80K237 DS,718.98,1380.0,48.0,0.0,0,Artel,Paltaryuyan maşın
"Soyuducu Biryusa 6133, Damcı sistemi, İkiqapılı, Ağ",615.97,999.99,38.0,0.0,0,Biryusa,Soyuducu
Paltaryuyan maşın Vegas 7 Met,544.37,657.69,17.0,0.0,0,Vegas,Paltaryuyan maşın
Paltaryuyan maşın Ardesto WMW-6104DGI,549.98,780.0,29.0,0.0,0,Ardesto,Paltaryuyan maşın
Soyuducu Shivaki HS-228-RN White,457.75,659.99,31.0,0.0,0,Shivaki,Soyuducu
"Paltaryuyan maşın Shivaki TE60LS, Ağ, 6 kq, 1000 dövr/dəq",225.97,399.99,44.0,0.0,0,Shivaki,Paltaryuyan maşın
Soyuducu Eurolux EU-RF580HNF-4SB,1639.04,2239.9,27.0,0.0,0,Eurolux,Soyuducu
Paltaryuyan maşın Vestfrost F40610W,495.0,599.0,17.0,0.0,0,Vestfrost,Paltaryuyan maşın
Soyuducu Bosch KDN55XIE0N,1629.75,2000.99,19.0,0.0,0,Bosch,Soyuducu
Paltaryuyan Bosch WAN2420XME 8 kq 1200 dövr/dəq Gümüşü,1540.99,2200.0,30.0,0.0,0,Bosch,Paltaryuyan maşın
Soyuducu Eurolux EU-RF400HNF-2SS,1195.27,1559.0,23.0,0.0,0,Eurolux,Soyuducu
Paltaryuyan maşın DSP KW-1011 0.8 kq 12 dövr/dəq ağ,49.99,160.0,69.0,0.0,0,DSP,Paltaryuyan maşın
"Soyuducu Shivaki HS 137 RN, birqapılı, ağ",374.98,699.99,46.0,0.0,0,Shivaki,Soyuducu
Paltaryuyan maşın Eurolux EU-WM1487S-10BLDG 10 kg 1400 dövr Qara,1091.27,1500.0,27.0,0.0,0,Eurolux,Paltaryuyan maşın
"Soyuducu Eurolux EU-RF56-UD-HNF2-ID, No Frost, İkiqapılı, Boz",1599.88,1999.99,20.0,0.0,0,Eurolux,Soyuducu
Paltaryuyan Maşın Taube TB6012J 6 kq Gümüşü,546.99,1059.0,48.0,0.0,0,Taube,Paltaryuyan maşın
"Paltaryuyan maşın JVC WG-NLDE12H5S, Boz, 12 kq, 1600 dövr/dəq",918.0,1199.0,23.0,0.0,0,No brand,Paltaryuyan maşın
Soyuducu Shivaki HD-276-FN Black,487.85,919.99,47.0,0.0,0,Shivaki,Soyuducu
"Paltaryuyan maşın Tiffany TF-8032, Bənövşəyi, 1.5 kq, 400 dövr/dəq",108.0,108.0,0.0,0.0,0,No brand,Paltaryuyan maşın
Paltaryuyan maşın Artel WF 80L2344G,769.98,1380.0,44.0,0.0,0,Artel,Paltaryuyan maşın
Soyuducu Hoffmann NF177WN Ağ,929.94,1399.99,34.0,0.0,0,Hoffmann,Soyuducu
Paltaryuyan Midea MF100W70/T-C 7 kq 1200 dövr/dəq Boz,658.99,1150.0,43.0,0.0,0,Midea,Paltaryuyan maşın
Soyuducu Lanova LN-413RWES,798.0,1298.0,39.0,0.0,1,Lanova,Soyuducu
"Paltaryuyan maşın ZTW-AA205, bənövşəyi rəngli, kiçik ölçülü, portativ dizaynlı",45.0,45.0,0.0,0.0,0,Portativ,Paltaryuyan maşın
Paltaryuyan maşın Winning Star ST-WM12UJ1W,833.0,1371.0,39.0,0.0,0,Winning Star,Paltaryuyan maşın
Soyuducu Ferre Fnf440ı,799.0,1094.53,27.0,0.0,0,No brand,Soyuducu
Paltaryuyan maşın Bompani BO1413GD/E,3444.0,3444.0,0.0,0.0,0,Bompan,Paltaryuyan maşın
Soyuducu Vestfrost LF283W,495.0,495.0,0.0,0.0,0,Vestfrost,Soyuducu
Paltaryuyan maşın Bompani BO5283 - BO5283,3023.0,3023.0,0.0,0.0,0,Bompan,Paltaryuyan maşın
Paltaryuyan maşın Electrolux EWS6307BE 7 kq 1000 dövr/dəq ağ,712.99,999.0,29.0,0.0,0,Electrolux,Paltaryuyan maşın
Soyuducu Biryusa B-6133,658.6,999.99,34.0,0.0,0,Biryusa,Soyuducu
"Soyuducu Shivaki HD430-RWENE, ağ",825.96,1189.99,31.0,0.0,0,Shivaki,Soyuducu
Paltaryuyan maşın Generic YC-001 8 kq 1400 dövr/dəq ağ,119.9,184.0,35.0,0.0,0,No brand,Paltaryuyan maşın
Soyuducu Sharp SJ-HM440-HS2,1023.75,2047.5,50.0,0.0,0,Sharp,Soyuducu
Soyuducu Biryusa 6133 AG 210/100 l 60×62.5×175 sm,619.11,887.38,30.0,0.0,0,Biryusa,Soyuducu
Mini paltaryuyan maşın-43HOME B,39.13,70.0,44.0,0.0,0,No brand,Mini soyuducu
Soyuducu TCL P465TMG,1189.65,2379.3,50.0,0.0,0,No brand,Soyuducu
Mini soyuducu Eurolux EU-RF-11124171_RB,368.0,552.0,33.0,0.0,0,Eurolux,Mini soyuducu
Paltaryuyan maşın Bompani BI2876N,1149.0,1699.0,32.0,0.0,0,Bompan,Paltaryuyan maşın
Paltaryuyan maşın Eurolux EU-WM1299S-12BLDG,1112.42,1400.0,21.0,0.0,0,Eurolux,Paltaryuyan maşın
Paltaryuyan maşın Eurolux EU-WM1280X-8BSR,799.0,950.0,16.0,0.0,0,Eurolux,Paltaryuyan maşın
Mini soyuducu Hailang BC-71TE Black,280.0,350.0,20.0,0.0,0,No brand,Mini soyuducu
Paltaryuyan maşın Premier PRM-70F1002SIN,649.99,899.0,28.0,0.0,0,Premier,Paltaryuyan maşın
Mini soyuducu No brand Termoelektrik Birqapılı Ağ,109.94,265.0,59.0,0.0,0,No brand,Mini soyuducu
"Mini soyuducu Termoelektrik, Birqapılı, Ağ, A+",129.99,209.99,38.0,0.0,0,No brand,Mini soyuducu
Paltaryuyan maşın Bompani BO3013,2887.0,2887.0,0.0,0.0,0,Bompan,Paltaryuyan maşın
Soyuducu Biryusa M10,409.0,641.0,36.0,0.0,1,Biryusa,Soyuducu
Soyuducu Shivaki HS-137MYCM_14 Defrost birqapılı qara,394.78,513.26,23.0,0.0,0,Shivaki,Soyuducu
Paltaryuyan maşın Ardesto Black Mars WMW-8120DGII 8 kg 1200 döv/dəqiqə Boz,699.98,780.0,10.0,0.0,0,Ardesto,Paltaryuyan maşın
Paltaryuyan Maşın Midea MF01814BS47/T 8 kq 1400 dövr/dəq Boz,829.99,1555.0,47.0,0.0,0,Midea,Paltaryuyan maşın
Soyuducu Biryusa 551 ikiqapılı damcı sistemli ağ,455.97,788.99,42.0,0.0,0,Biryusa,Soyuducu
Paltaryuyan maşın Samsung WW80AG6S28AELP 8 kq 1200 dövr/dəq Ağ,1201.99,1860.0,35.0,0.0,0,Samsung,Paltaryuyan maşın
"Soyuducu LG LBB459EQYW-LTS, No Frost, İkiqapılı, Tünd boz",1519.99,1519.99,0.0,0.0,0,LG,Soyuducu
Soyuducu Biryusa B-M6133,623.84,999.99,38.0,0.0,0,Biryusa,Soyuducu
Paltaryuyan maşın Bompani BO1410XG/W,3611.0,3611.0,0.0,0.0,0,Bompan,Paltaryuyan maşın
Paltaryuyan Bompani BI2876NS,1364.0,1364.0,0.0,0.0,0,Bompan,Paltaryuyan maşın
"Mini soyuducu No Brand 1614, ağ",189.99,189.99,0.0,0.0,0,No brand,Mini soyuducu
"Soyuducu Shivaki HD455-RWENE INV, No Frost, İkiqapılı, Qara",906.74,1650.12,45.0,0.0,0,Shivaki,Soyuducu
Paltaryuyan maşın Bompani BWM15T,3300.0,3300.0,0.0,0.0,0,Bompan,Paltaryuyan maşın
Soyuducu Kumtel HTMF-210JZ,499.37,499.37,0.0,0.0,0,No brand,Soyuducu
Paltaryuyan maşını Shahs SH-10-BLDC-WH White,749.99,1299.99,42.0,0.0,0,No brand,Paltaryuyan maşın
Paltaryuyan maşın Eurolux EU-WM1487S-10BLDG,988.16,1489.9,34.0,0.0,0,Eurolux,Paltaryuyan maşın
"Soyuducu Biryusa C6139, Statik, İkiqapılı, Gümüşü",630.98,1599.99,61.0,0.0,0,Biryusa,Soyuducu
Ultrasəs portativ paltaryuyan maşın Turbine Wash MRO004-3001,7.0,7.0,0.0,0.0,1,Portativ,Digər
Paltaryuyan maşın Ardesto WDMW-106ISBDI,1049.98,1049.98,0.0,0.0,0,Ardesto,Paltaryuyan maşın
"Soyuducu Shivaki HS-137, birqapılı, qara",377.98,599.99,37.0,0.0,0,Shivaki,Soyuducu
"Soyuducu Ferre UCR470I, gümüşü",847.9,1670.9,49.0,0.0,0,No brand,Soyuducu
Paltaryuyan maşın Bompani BO5290/UK,1676.0,1676.0,0.0,0.0,0,Bompan,Paltaryuyan maşın
Soyuducu Kraft KF-NF720XD,1089.0,1749.0,38.0,0.0,1,Kraft,Soyuducu
Soyuducu Vestfrost NF289 W,749.0,899.0,17.0,0.0,2,Vestfrost,Soyuducu
Paltaryuyan maşın Hisense WFQP7012EVMT 7 kq,618.99,1200.0,48.0,0.0,0,Hisense,Paltaryuyan maşın
Soyuducu TCL P417BFB,1393.35,2786.7,50.0,0.0,0,No brand,Soyuducu
Paltaryuyan maşın Bompani BO1285S/E,2348.0,2348.0,0.0,0.0,0,Bompan,Paltaryuyan maşın
Soyuducu Biryusa M980NF,806.75,1089.93,26.0,0.0,1,Biryusa,Soyuducu
Paltaryuyan maşın Haley HY-7102 8 kq 1400 dövr/dəq ağ,129.9,200.0,35.0,0.0,0,No brand,Paltaryuyan maşın
"Soyuducu Ferre FNF440, No Frost, ikiqapılı, gümüşü",738.98,1099.99,33.0,0.0,0,No Frost,Soyuducu
"Paltaryuyan maşın 7Tech 7WM4S1280GSS1, Tünd boz, 8 kq, 1200 dövr/dəq",536.97,799.99,33.0,0.0,0,7Tech,Paltaryuyan maşın
Soyuducu Hitachi R-V660PUC7-1 PWH,1890.0,3780.0,50.0,0.0,0,Hitachi,Soyuducu
Paltaryuyan maşın 7Tech 7WM4S1280GSS1,850.0,850.0,0.0,0.0,0,7Tech,Paltaryuyan maşın
Soyuducu Shivaki 137 White,389.99,650.0,40.0,0.0,1,Shivaki,Soyuducu
"Paltaryuyan maşın Shivaki TG70F, Ağ, 7 kq, 1200 dövr/dəq",235.97,499.99,53.0,0.0,0,Shivaki,Paltaryuyan maşın
Soyuducu Ferre Fnf440ı Silver,742.37,1019.23,27.0,0.0,0,Silver,Soyuducu
Paltaryuyan maşın Bompani BO5283,3023.0,3023.0,0.0,0.0,0,Bompan,Paltaryuyan maşın
Soyuducu Shivaki 117AG 82/8 l 45×82×47 sm,349.35,799.0,56.0,0.0,0,Shivaki,Soyuducu
Paltaryuyan maşın Bompani BO02834/E,1235.0,1235.0,0.0,0.0,0,Bompan,Paltaryuyan maşın
"Soyuducu Shivaki HD 316-FN, statik, ikiqapılı, ağ",504.98,799.99,37.0,0.0,0,Shivaki,Soyuducu
"Mini paltaryuyan maşın Haley, Ağ, 8 kq, 1400 dövr/dəq",139.9,220.0,36.0,0.0,0,No brand,Mini soyuducu
Soyuducu Shivaki HD430 RWENE Inox,946.33,1500.0,37.0,0.0,0,Shivaki,Soyuducu
Soyuducu Eurolux EU-RF74HNF-2GS,2399.97,3300.0,27.0,0.0,0,Eurolux,Soyuducu
Soyuducu Shivaki HD455-RWENE Graphite,949.94,1237.16,23.0,0.0,0,Shivaki,Soyuducu
Soyuducu Biryusa W6133,639.14,1250.0,49.0,0.0,0,Biryusa,Soyuducu
Paltaryuyan Finlux Teka LI3 1470E B/I,2554.0,2554.0,0.0,0.0,0,Finlux,Paltaryuyan maşın
Şərab üçün soyuducu La Sommeliere APOGEE250DZ,5689.0,6125.0,7.0,0.0,0,No brand,Şərab dolabı
Paltaryuyan maşın Vestfrost F4T0812S,665.0,800.0,17.0,0.0,0,Vestfrost,Paltaryuyan maşın
Soyuducu Shivaki HD 276 FN White,523.79,593.69,12.0,0.0,0,Shivaki,Soyuducu
Paltaryuyan maşın 1.5 kq 200 dövr/dəq ağ,64.99,87.88,26.0,0.0,0,No brand,Paltaryuyan maşın
Soyuducu Beko B5RCNK 403 ZXBR,1359.99,1999.0,32.0,0.0,0,Beko,Soyuducu
Paltaryuyan maşın Bompani BI2877,1482.0,1482.0,0.0,0.0,0,Bompan,Paltaryuyan maşın
"Mini soyuducu No Brand 4943, ağ",189.99,189.99,0.0,0.0,0,No brand,Mini soyuducu
Paltaryuyan maşın Bompani BOWM639/E,1802.0,1802.0,0.0,0.0,0,Bompan,Paltaryuyan maşın
"Mini soyuducu Shivaki, 117, Defrost, Birqapılı, Ağ",450.0,450.0,0.0,0.0,0,Shivaki,Mini soyuducu
Paltaryuyan maşın KahnMix Qatlana bilən mini 041201055 - KahnMix0412010,63.02,100.0,37.0,0.0,0,No brand,Paltaryuyan maşın
Paltaryuyan maşın Yumsaq Qatlana bilən mini 041201055 - Yumsaq0412010,57.56,57.56,0.0,0.0,0,No brand,Paltaryuyan maşın
"Soyuducu Biryusa M6133, ikiqapılı, gümüşü",637.99,798.98,20.0,0.0,0,Biryusa,Soyuducu
Paltaryuyan maşın Vestel W812T2B 8 kq 1200 dövr Qara,835.99,1455.0,43.0,0.0,0,Vestel,Paltaryuyan maşın
Paltaryuyan Bosch WAN2420XME 8 kq 1200 dövr/dəq Gümüşü,1540.99,2255.0,32.0,0.0,0,Bosch,Paltaryuyan maşın
Paltaryuyan maşın Samsung WW80AG6S28AELP 8 kq Ağ-Qara,1201.99,2150.0,44.0,0.0,0,Samsung,Paltaryuyan maşın
"Paltaryuyan maşın Shivaki SG70P, Ağ, 7 kq, 1000 dövr/dəq",163.97,399.99,59.0,0.0,0,Shivaki,Paltaryuyan maşın
"Soyuducu Shivaki HD341-FN, defrost, ikiqapılı, boz",548.7,1050.0,48.0,0.0,0,Shivaki,Soyuducu
Soyuducu Samsung RT53DG7A10B1WR,1751.99,2606.0,33.0,0.0,0,Samsung,Soyuducu
Mini soyuducu Smeg FAB10RBL5,4152.0,4152.0,0.0,0.0,0,Smeg,Mini soyuducu
Soyuducu Biryusa W6139,688.23,1300.0,47.0,0.0,0,Biryusa,Soyuducu
Soyuducu Eurolux EU-RF600HNF-2BGH,1539.95,1789.0,14.0,0.0,0,Eurolux,Soyuducu
Paltaryuyan maşın Eurolux EU-WM1278S-10BLDG,1083.67,1799.99,40.0,0.0,0,Eurolux,Paltaryuyan maşın
"Soyuducu Shivaki, No Frost, İkiqapılı, Ağ",844.69,1499.99,44.0,0.0,0,Shivaki,Soyuducu
Soyuducu Hitachi R-BG410PUC6GBK,1569.77,1800.0,13.0,0.0,0,Hitachi,Soyuducu
Soyuducu Hoffmann DEFB-185S - DEFB 185 S,698.84,1022.99,32.0,0.0,0,Hoffmann,Soyuducu
Soyuducu Eurolux EU-RF600HNF-2TSB,1653.49,2449.0,32.0,0.0,0,Eurolux,Soyuducu
Soyuducu Hitachi HRTN6443S,1473.94,2000.0,26.0,0.0,0,Hitachi,Soyuducu
"Soyuducu Samsung RB37A5200SA/WT, No Frost, ikiqapılı, gümüşü",1149.99,2349.99,51.0,0.0,0,Samsung,Soyuducu
Soyuducu LG X267CQES.AMCQMER,4440.0,6228.88,29.0,0.0,1,LG,Soyuducu
Soyuducu Teka RLF 74925,3966.0,3966.0,0.0,0.0,0,No brand,Soyuducu
"Soyuducu Shivaki HS-228-RN, birqapılı, ağ",434.98,699.99,38.0,0.0,0,Shivaki,Soyuducu
Soyuducu Samsung RS80F65J1F 616 L Side by Side,2459.84,3199.0,23.0,0.0,0,Samsung,Soyuducu
Ticarət soyuducusu Biryusa 152,579.89,800.0,28.0,0.0,0,Biryusa,Ticarət soyuducusu
Soyuducu Lanova HD-403RWEN,798.0,1249.0,36.0,0.0,0,Lanova,Soyuducu
Soyuducu Hitachi RV655PUK0K4PSV No Frost ikiqapılı gümüşü,1341.53,1341.53,0.0,0.0,0,Hitachi,Soyuducu
Soyuducu Eurolux EU-LN40-UD-HNF2-BG,1142.01,1699.0,33.0,0.0,0,Eurolux,Soyuducu
Soyuducu Ficher BC71T,283.68,529.99,46.0,0.0,4,No brand,Soyuducu
Soyuducu Beko B5RCNE565HXPBG Qara/Inox,1699.0,2399.0,29.0,0.0,0,Beko,Soyuducu
"Soyuducu Shivaki HD455-RWENE INV, ikiqapılı, qara",874.97,1599.99,45.0,0.0,0,Shivaki,Soyuducu
Soyuducu Vestfrost LF263 W,460.0,460.0,0.0,0.0,0,Vestfrost,Soyuducu
Soyuducu Sharp SJ-SE75D-SL5,2181.99,4363.98,50.0,0.0,0,Sharp,Soyuducu
Soyuducu Biryusa M980NF,863.94,1600.0,46.0,0.0,0,Biryusa,Soyuducu
Soyuducu SHARP SJ-SE75D-BK5,2100.0,4200.0,50.0,0.0,0,Sharp,Soyuducu
Soyuducu Eurolux EU.RF580HNF-4SB,1707.18,1999.0,15.0,0.0,0,Eurolux,Soyuducu
Soyuducu Sharp SJ-HM620-HS2 Silver,1630.0,3260.0,50.0,0.0,0,Sharp,Soyuducu
Mini soyuducu HW-10 Lad Red,165.0,220.0,25.0,0.0,2,No brand,Mini soyuducu
"Soyuducu 7Tech 7REF4G310DIS3, Total No Frost, İkiqapılı, Gümüşü",779.97,1099.99,29.0,0.0,0,7Tech,Soyuducu
Soyuducu Biryusa 6133,604.99,739.5,18.0,0.0,0,Biryusa,Soyuducu
"Soyuducu Shivaki HD455-RWENE INV AG, ikiqapılı, ağ",816.98,1599.99,49.0,0.0,0,Shivaki,Soyuducu
"Soyuducu Biryusa M6133, Damcı sistemi, İkiqapılı, Gümüşü",637.97,999.99,36.0,0.0,0,Biryusa,Soyuducu
Soyuducu LG GR-B642PFF,1499.34,2600.0,42.0,0.0,0,LG,Soyuducu
Soyuducu Eurolux RF40 60x185 (XN),1100.59,1799.99,39.0,0.0,0,Eurolux,Soyuducu
Mini soyuducu Biryusa 45 Defrost birqapılı ağ.,306.0,306.0,0.0,0.0,0,Biryusa,Mini soyuducu
Soyuducu Eurolux EU-RF72HNF-2SS,1763.3,3200.0,45.0,0.0,0,Eurolux,Soyuducu
Soyuducu Biryusa 118,699.99,699.99,0.0,3.6,7,Biryusa,Soyuducu
"Paltaryuyan maşın Hisense WF116022BWU2, Ağ, 6 kq, 1200 dövr/dəq",519.99,899.99,42.0,0.0,0,Hisense,Paltaryuyan maşın
Soyuducu Eurolux EU-RF72HNF-2BG,1879.97,3000.0,37.0,0.0,0,Eurolux,Soyuducu
Soyuducu By The Glass Easy-Cooler Taxta 5 butulka üçün - 170502,992.0,1102.0,10.0,0.0,0,No brand,Soyuducu
Soyuducu Biryusa B960NF,799.0,1249.0,36.0,0.0,1,Biryusa,Soyuducu
Soyuducu SHARP SJ-GP75D-SL5,2230.0,4460.0,50.0,0.0,0,Sharp,Soyuducu
Soyuducu Midea MDRB470MGF33O,1059.0,1699.0,38.0,0.0,0,Midea,Soyuducu
Soyuducu Biryusa C6139,738.85,999.99,26.0,0.0,0,Biryusa,Soyuducu
Soyuducu Eurolux EU.RF72HNF-2SS,1749.0,1850.0,5.0,0.0,0,Eurolux,Soyuducu
Soyuducu Vesta VES330DO,839.0,839.0,0.0,0.0,0,Vesta,Soyuducu
Paltaryuyan maşın Electrolux EWS6327DXE 7 kq 1200 dövr/dəq qara,849.99,1299.99,35.0,0.0,0,Electrolux,Paltaryuyan maşın
Soyuducu Biryusa C 6135 MAYCOM 147159 statik ikiqapılı boz.,540.6,649.73,17.0,0.0,0,Biryusa,Soyuducu
Süd soyuducusu FG10i - 43323,1923.0,1923.0,0.0,0.0,0,No brand,Digər
Soyuducu Shivaki Pro HD455-RWENE INV AG,958.87,1599.99,40.0,0.0,0,Shivaki,Soyuducu
Soyuducu Biryusa C920NF,897.98,1200.99,25.0,0.0,0,Biryusa,Soyuducu
"Ticarət soyuducusu BOO$, 63 l, qara",399.99,500.0,20.0,0.0,0,No brand,Ticarət soyuducusu
Soyuducu Biryusa M920,797.0,797.0,0.0,0.0,0,Biryusa,Soyuducu
Soyuducu Indesit TIA 16 White,695.0,999.99,30.0,0.0,1,Indesit,Soyuducu
Soyuducu Eurolux EU-RF62-MD-HNF4-BG - EU-RF62-MD-HNF4-BG,2698.48,3999.99,33.0,0.0,0,Eurolux,Soyuducu
Soyuducu Eurolux EU-RF580HNF-2TSB No Frost ikiqapılı qara,1999.88,1999.88,0.0,0.0,0,Eurolux,Soyuducu
Şərab soyuducusu Caso Wine Exclusive 12,931.0,1086.0,14.0,0.0,0,CASO,Şərab dolabı
Soyuducu Eurolux EU-TP40-UD-HNF2-BG,1360.95,1699.0,20.0,0.0,0,Eurolux,Soyuducu
Soyuducu Biryusa C980NF,946.76,1259.0,25.0,0.0,1,Biryusa,Soyuducu
"Mini soyuducu No Brand 4517, ağ",249.99,249.99,0.0,0.0,0,No brand,Mini soyuducu
Soyuducu 7Tech 7REF4G310DIS3,749.53,975.0,23.0,0.0,0,7Tech,Soyuducu
Soyuducu Neos NSRF-314B,879.99,1250.0,30.0,4.5,2,No brand,Soyuducu
Paltaryuyan maşın Whirlpool FFS7259BEE 7 kq 1200 dövr/dəq Ağ,999.98,1200.0,17.0,0.0,0,Whirlpool,Paltaryuyan maşın
Soyuducu Biryusa M6034,688.99,1400.0,51.0,3.8,4,Biryusa,Soyuducu
Mini soyuducu Snow Village BT-500F,850.0,850.0,0.0,0.0,0,Snow Village,Mini soyuducu
Soyuducu Hoffmann DTF-850WEN,479.96,649.0,26.0,4.2,10,Hoffmann,Soyuducu
Soyuducu Hoffmann DTF 840 AWEN,421.13,559.99,25.0,0.0,0,Hoffmann,Soyuducu
Soyuducu Toshiba GR-RT624WE.PMJ,1298.99,1699.99,24.0,0.0,0,Toshiba,Soyuducu
"Ticarət soyuducusu BOO$, 83 l, qara",475.0,650.0,27.0,0.0,0,No brand,Ticarət soyuducusu
Soyuducu Eurolux EU-RF40-UD-HNF2-BG Qara,1130.0,1250.0,10.0,0.0,0,Eurolux,Soyuducu
Soyuducu LG GR-B30FFGPB,3789.94,5999.99,37.0,0.0,0,LG,Soyuducu
"Soyuducu Biryusa 6139, ağ",658.47,1271.99,48.0,0.0,0,Biryusa,Soyuducu
Soyuducu Eurolux EU.RF58HNF-4BMD,1848.99,2999.99,38.0,0.0,0,Eurolux,Soyuducu
Soyuducu Hoffmann NF177SN İkiqapılı No Frost Gümüşü,989.99,1200.0,18.0,0.0,0,Hoffmann,Soyuducu
"Soyuducu Biryusa W6139, İkiqapılı, Tünd boz",630.98,1099.99,43.0,0.0,0,Biryusa,Soyuducu
Soyuducu Bompani BOECO-450,3870.0,3870.0,0.0,0.0,0,Bompan,Soyuducu
Soyuducu Biryusa W135,695.0,1120.55,38.0,0.0,0,Biryusa,Soyuducu
Soyuducu Samsung RB31FERNDS9,1285.0,1620.0,21.0,0.0,0,Samsung,Soyuducu
"Soyuducu Hisense RD-60WRG, iki kameralı, 466 L, No Frost, A+, gümüşü/boz - R RD-60 WRG",1199.99,2099.9,43.0,0.0,0,Hisense,Soyuducu
Soyuducu Vesta VES-212_İE De Frost,450.28,499.0,10.0,0.0,0,Vesta,Soyuducu
Soyuducu SHARP SJ-SE70D-SL5,2038.05,4076.1,50.0,0.0,0,Sharp,Soyuducu
Soyuducu Ziffler RF-BF-400Dl - Ziffler RF-BF-400Dl,836.0,1299.0,36.0,0.0,0,Ziffler,Soyuducu
Soyuducu Biryusa B-M6139,619.99,783.66,21.0,0.0,0,Biryusa,Soyuducu
Soyuducu Eurolux EU-RF510HNF-2TSS,1599.85,2500.0,36.0,0.0,0,Eurolux,Soyuducu
Soyuducu Indesit ITS 5180 W,909.65,1200.0,24.0,4.1,11,Indesit,Soyuducu
Soyuducu Eurolux EU.RF560HNF-2TSB,1509.99,1800.0,16.0,0.0,0,Eurolux,Soyuducu
"Soyuducu Shivaki HD 341-FN, statik, ikiqapılı, gümüşü",533.98,899.99,41.0,0.0,0,Shivaki,Soyuducu
Soyuducu Biryusa M553,592.97,1299.99,54.0,0.0,0,Biryusa,Soyuducu
Soyuducu Eurolux EU-EH40-UD-HNF2-BG,1242.6,1699.0,27.0,0.0,0,Eurolux,Soyuducu
"Paltaryuyan maşın Ake-5212 Tool 3 kq, 1300 dövr/dəq, C sinfi, Bənövşəyi",44.99,89.0,49.0,0.0,0,No brand,Paltaryuyan maşın
Soyuducu Eurolux EU-ON40-UD-HNF2-BG,1360.95,2381.66,43.0,0.0,0,Eurolux,Soyuducu
Soyuducu Alneo RK280,546.06,999.99,45.0,0.0,0,Alneo,Soyuducu
Mini paltaryuyan maşın Sisc FP-8808 (LRD_FP-8808),90.0,120.0,25.0,0.0,1,No brand,Mini soyuducu
Soyuducu Hisense RD39WC,1043.29,1399.99,25.0,0.0,0,Hisense,Soyuducu
"Soyuducu Ferre FNF470, No Frost, ikiqapılı, gümüşü",786.98,1299.99,39.0,0.0,0,No Frost,Soyuducu
Soyuducu Shivaki HD 341FN Silver,558.99,799.86,30.0,0.0,2,Shivaki,Soyuducu
Paltaryuyan maşın Electrolux EW6F9452E 10.5 kq 1400 dövr/dəq ağ,1179.0,1379.0,15.0,0.0,0,Electrolux,Paltaryuyan maşın
Soyuducu Indesit DS 4200 SB,949.99,1299.9,27.0,3.7,3,Indesit,Soyuducu
Soyuducu By The Glass Охладитель на 3 бутылки вина 29 x 18 x 27 sm - BTG170509,550.0,550.0,0.0,0.0,0,No brand,Soyuducu
Soyuducu Samsung RS61R5001M9,2389.99,2389.99,0.0,0.0,0,Samsung,Soyuducu
Soyuducu KLEO FNF-440B_B_MCI14,838.97,920.0,9.0,0.0,0,No brand,Soyuducu
Ticarət soyuducusu No Frost dördqapılı gümüşü.,2100.0,2100.0,0.0,0.0,0,No Frost,Ticarət soyuducusu
Soyuducu Sharp SJ-GP75D-BK5,2389.99,4779.98,50.0,0.0,0,Sharp,Soyuducu
Soyuducu Pozis XF2503W,1099.99,1599.99,31.0,0.0,0, Pozis,Soyuducu
Soyuducu Neohot 280 L Nofrost Boz - AG Soyuducu 04,732.79,1834.96,60.0,0.0,0,No brand,Soyuducu
Soyuducu Biryusa M424,699.88,1000.0,30.0,0.0,0,Biryusa,Soyuducu
Soyuducu Biryusa C 6139,759.69,986.0,23.0,0.0,0,Biryusa,Soyuducu
"Soyuducu Biryusa, 6139, Damcı sistemi, İkiqapılı, Ağ",599.0,689.73,13.0,0.0,0,Biryusa,Soyuducu
"Ticarət soyuducusu LCD-639, No Frost, İkiqapılı, Ağ/Qara/Yaşıl",1900.0,1900.0,0.0,0.0,0,No Frost,Ticarət soyuducusu
Soyuducu Toshiba GR-RS780WI-PGJ,2270.96,4400.0,48.0,0.0,0,Toshiba,Soyuducu
Paltaryuyan maşın Neos KG10-1220N-GR,789.99,999.0,21.0,4.7,3,No brand,Paltaryuyan maşın
"Ticarət soyuducusu BOO$, 43 l, qara",370.0,500.0,26.0,0.0,0,No brand,Ticarət soyuducusu
Soyuducu Riffel RFDN42320W,799.99,1189.0,33.0,0.0,0,No brand,Soyuducu
Soyuducu Vestfrost NF379W,849.0,999.0,15.0,0.0,0,Vestfrost,Soyuducu
Soyuducu LG LFX29FFQYB Qara,4999.99,9999.99,50.0,0.0,0,LG,Soyuducu
Soyuducu 7Tech REF4G310DIS3,799.0,1899.0,58.0,0.0,0,7Tech,Soyuducu
Mini soyuducu Hailang BC-65,320.0,350.0,9.0,0.0,0,No brand,Mini soyuducu
Soyuducu Bompani BBF480SS,4027.0,4027.0,0.0,0.0,0,Bompan,Soyuducu
Soyuducu Riffel 30030 MW,509.99,899.99,43.0,0.0,0,No brand,Soyuducu
Soyuducu Riffel RFDN42320X,829.99,1229.0,32.0,0.0,0,No brand,Soyuducu
Soyuducu Eurolux EU-RF51-UD-HNF2-I,1136.08,1609.9,29.0,0.0,0,Eurolux,Soyuducu
Soyuducu Biryusa 461RN,827.99,1175.0,30.0,0.0,1,Biryusa,Soyuducu
Soyuducu Hoffmann NFB-185DS 320 L Inox,952.99,1750.0,46.0,0.0,0,Hoffmann,Soyuducu
Soyuducu Teka RFD 77820,5915.0,5915.0,0.0,0.0,0,No brand,Soyuducu
Soyuducu Eurolux EU-BE40-UD-HNF2-BG,1148.85,1953.13,41.0,0.0,0,Eurolux,Soyuducu
Soyuducu Eurolux EU-RF62-MD-HNF4-DI - EU-RF62-MD-HNF4-DI,2430.36,3999.99,39.0,0.0,0,Eurolux,Soyuducu
Soyuducu Pozis RS 411 Grey,476.0,599.0,21.0,0.0,0, Pozis,Soyuducu
Mini soyuducu Termoelektrik Birqapılı Ağ,184.0,249.99,26.0,0.0,0,No brand,Mini soyuducu
Soyuducu Vestel RM480BF3EI-LMF,1099.99,1500.0,27.0,0.0,1,Vestel,Soyuducu
Şərab üçün soyuducu La Sommeliere LS102DZBLA,2433.0,2617.0,7.0,0.0,0,No brand,Şərab dolabı
"Soyuducu LG LBB459EMYW-LTS, No Frost, İkiqapılı, Boz",1499.99,1499.99,0.0,0.0,0,LG,Soyuducu
"Soyuducu Hotpoint Ariston HPAD2 6553 XP5E, 557 L, NoFrost, 1877x780x750 mm, Display, Titanium Inox",1878.27,2419.9,22.0,0.0,0,Hotpoint,Soyuducu
Soyuducu SHARP SJ-GP70D-SL5,2182.95,4365.9,50.0,0.0,0,Sharp,Soyuducu
Soyuducu Premier PRM-317BFNF/DI Black,1099.0,2500.0,56.0,0.0,0,Premier,Soyuducu
Soyuducu Teka RVF 10051 GBK,2387.0,2387.0,0.0,0.0,0,No brand,Soyuducu
Soyuducu Hoffmann NFB-185DS Inox,952.99,1700.0,44.0,0.0,0,Hoffmann,Soyuducu
Mini soyuducu Hailang BC-1120776TE_RB,277.0,422.0,34.0,0.0,0,No brand,Mini soyuducu
Soyuducu Sharp SJ-GP70D-BK5,2121.0,4242.0,50.0,0.0,0,Sharp,Soyuducu
Soyuducu Pozis RS 411,499.99,599.0,17.0,0.0,0, Pozis,Soyuducu
Soyuducu Biryusa M418,599.89,820.0,27.0,0.0,0,Biryusa,Soyuducu
Soyuducu Biryusa C6035,619.99,1050.0,41.0,0.0,3,Biryusa,Soyuducu
Soyuducu Ardesto DNF-M295X188,879.98,879.98,0.0,0.0,0,Ardesto,Soyuducu
Soyuducu Biryusa M6139 damcı sistemli ikiqapılı gümüşü,630.98,999.99,37.0,0.0,0,Biryusa,Soyuducu
Soyuducu Hisense RD39WCR - RD39SWCR,1083.99,1899.99,43.0,0.0,0,Hisense,Soyuducu
Siqar dolabı La Sommeliere CIG251,2072.0,2339.0,11.0,0.0,0,No brand,Digər
Ticarət soyuducusu BC/BD-218,760.0,760.0,0.0,0.0,0,No brand,Ticarət soyuducusu
Soyuducu Bosch KGN36XL30U 324 L Gümüşü,1839.99,2575.0,29.0,0.0,0,Bosch,Soyuducu
Mini soyuducu No brand Termoelektrik Birqapılı Ağ,131.89,275.0,52.0,0.0,0,No brand,Mini soyuducu
Soyuducu Vestfrost VW18LFM00S,744.02,884.99,16.0,0.0,0,Vestfrost,Soyuducu
"Soyuducu Biryusa M6133, ikiqapılı, gümüşü",1100.0,1100.0,0.0,0.0,0,Biryusa,Soyuducu
Soyuducu Beko B5RCNK 363 - ZXBR,1159.99,2317.99,50.0,0.0,0,Beko,Soyuducu
Soyuducu Bompani BOK34FL/M,4411.0,4411.0,0.0,0.0,0,Bompan,Soyuducu
Soyuducu Biryusa 6035,610.5,899.0,32.0,0.0,1,Biryusa,Soyuducu
Soyuducu Biryusa W960NF boz,1200.0,1200.0,0.0,0.0,0,Biryusa,Soyuducu
Mini soyuducu Biryusa birqapılı damcı sistemli ağ,203.98,399.99,49.0,0.0,0,Biryusa,Mini soyuducu
Vitrin soyuducusu LC-1200FX,2300.0,2700.0,15.0,0.0,0,No brand,Digər
Soyuducu Eurolux EU.RF74HNF-2GS,1952.66,3499.99,44.0,0.0,0,Eurolux,Soyuducu
Soyuducu Vegas VG44BLGL No Frost dördqapılı qara,1399.99,1999.99,30.0,0.0,0,LG,Soyuducu
Soyuducu Vestfrost NF482W,1100.0,1599.0,31.0,0.0,0,Vestfrost,Soyuducu
Şərab üçün soyuducu La Sommeliere LSBU51DB2,2767.0,3118.0,11.0,0.0,0,No brand,Şərab dolabı
Soyuducu Bompani BO06257/E,4932.0,4932.0,0.0,0.0,0,Bompan,Soyuducu
Soyuducu Bompani BOCB691/V,5960.0,5960.0,0.0,0.0,0,Bompan,Soyuducu
Ticarət soyuducusu Snow Village LC-298A,840.0,840.0,0.0,0.0,0,Snow Village,Ticarət soyuducusu
Soyuducu Sharp SJ-GT760G-BK3,2650.0,5300.0,50.0,0.0,0,Sharp,Soyuducu
"Soyuducu Biryusa W980NF, No Frost, ikiqapılı, gümüşü",1399.99,1763.0,21.0,0.0,0,Biryusa,Soyuducu
Ticarət soyuducusu Snow Village,2230.0,2530.0,12.0,0.0,0,Snow Village,Ticarət soyuducusu
Soyuducu Bompani EKO-NFS522,5652.0,5652.0,0.0,0.0,0,Bompan,Soyuducu
Soyuducu Bompani BOCB670/N,5960.0,5960.0,0.0,0.0,0,Bompan,Soyuducu
Soyuducu Bompani BOCB740/N,7810.0,7810.0,0.0,0.0,0,Bompan,Soyuducu
Soyuducu Biryusa M135,695.0,1120.55,38.0,0.0,0,Biryusa,Soyuducu
Soyuducu Eurolux EU-RF40-UD-HNF2-I,1059.16,1539.9,31.0,0.0,0,Eurolux,Soyuducu
Soyuducu Hitachi R-BG410PUC6X GS,1699.75,2200.0,23.0,0.0,0,Hitachi,Soyuducu
"Soyuducu Biryusa 553, ikiqapılı, ağ",456.97,699.99,35.0,0.0,0,Biryusa,Soyuducu
Soyuducu Eurolux EU-FR9-SD-HDF1-I,372.78,999.0,63.0,0.0,0,Eurolux,Soyuducu
Ət yaşlandırılması üçün soyuducu CASO Design 380 Pro,5574.0,5574.0,0.0,0.0,0,CASO,Digər
Soyuducu Toshiba GR-RB308WE-DGJ (22),1497.19,2800.0,47.0,0.0,1,Toshiba,Soyuducu
Soyuducu Vestfrost VW18NFE01W,845.68,845.68,0.0,0.0,1,Vestfrost,Soyuducu
Soyuducu Ziffler RF-BF-456L - Ziffler RF-BF-456l,883.0,1379.0,36.0,0.0,0,Ziffler,Soyuducu
Soyuducu Ferre UCR470I_MYCM_14_71_59 No Frost ikiqapılı gümüşü,799.99,999.97,20.0,0.0,0,No Frost,Soyuducu
Əczaçılıq soyuducusu Biryusa 245K-RB,4949.0,7999.0,38.0,0.0,0,Biryusa,Digər
Şərab üçün soyuducu La Sommeliere CV6T,1422.0,1422.0,0.0,0.0,0,No brand,Şərab dolabı
"Soyuducu Shivaki HD 316FN, gümüşü",800.0,800.0,0.0,0.0,0,Shivaki,Soyuducu
Soyuducu Hoffmann NFB-186WN LGE,860.04,1200.0,28.0,0.0,1,LG,Soyuducu
Soyuducu Indesit DS 320W,818.25,1059.9,23.0,0.0,0,Indesit,Soyuducu
"Soyuducu Biryusa 6139 AG, Damcı sistemi, İkiqapılı, Ağ",611.98,999.99,39.0,0.0,0,Biryusa,Soyuducu
Soyuducu Yoshiro YRF-T466NF70MX Boz,1094.99,1959.0,44.0,0.0,0,Yoshiro,Soyuducu
Soyuducu Eurolux EU-RF580HNF-2TSB,2499.88,2499.88,0.0,0.0,0,Eurolux,Soyuducu
Soyuducu Eurolux EU-RF40-UD-HNF2-DI,1181.99,1900.0,38.0,0.0,0,Eurolux,Soyuducu
Soyuducu Pozis RK FNF 170 Black,909.9,1169.9,22.0,0.0,1, Pozis,Soyuducu
Soyuducu Bompani BOCB662/B,5960.0,5960.0,0.0,0.0,0,Bompan,Soyuducu
Soyuducu Sharp SJ-GP77D-BK,2390.0,2845.0,16.0,0.0,0,Sharp,Soyuducu
Ticarət soyuducusu Snow Village LC-258A,780.0,780.0,0.0,0.0,0,Snow Village,Ticarət soyuducusu
Soyuducu Biryusa B980NF Full No Frost ikiqapılı qara.,1400.0,1400.0,0.0,0.0,0,Biryusa,Soyuducu
Soyuducu Biryusa 6134 White,910.0,910.0,0.0,0.0,0,Biryusa,Soyuducu
Soyuducu Vestfrost NF473W,1000.0,1000.0,0.0,0.0,0,Vestfrost,Soyuducu
Ticarət soyuducusu Biryusa 310P ağ,645.0,1039.0,38.0,0.0,1,Biryusa,Ticarət soyuducusu
"Soyuducu Shivaki HS 117 RN-WH, birqapılı, ağ",397.93,599.99,34.0,0.0,0,Shivaki,Soyuducu
Ticarət soyuducusu LC-338W,1340.0,1340.0,0.0,0.0,0,No brand,Ticarət soyuducusu
Soyuducu Bompani BOCB740/C,7810.0,7810.0,0.0,0.0,0,Bompan,Soyuducu
"Soyuducu Eurolux AF RF105DF1S, Defrost, Birqapılı, Boz",599.99,599.99,0.0,0.0,0,Eurolux,Soyuducu
Soyuducu Biryusa W6133 boz,1200.0,1200.0,0.0,0.0,0,Biryusa,Soyuducu
Soyuducu Biryusa M 6033 sl,749.99,900.0,17.0,0.0,3,Biryusa,Soyuducu
Soyuducu Eurolux EU-RF40-UD-HNF2-I Inox,1150.0,1300.0,12.0,0.0,0,Eurolux,Soyuducu
Soyuducu Yoshiro YRF-T415NF70HB 420 L Qara,1143.99,2150.0,47.0,0.0,0,Yoshiro,Soyuducu
Soyuducu Bompani EKO-NF600DS,4730.0,4730.0,0.0,0.0,0,Bompan,Soyuducu
Soyuducu Eurolux EU-RF72HNF-2BG 700 L Qara,1869.99,2550.0,27.0,0.0,0,Eurolux,Soyuducu
Soyuducu Hisense RD39WCR,959.98,1099.99,13.0,0.0,0,Hisense,Soyuducu
"Soyuducu Eurolux RF40 (AF), No Frost, ikiqapılı, qara",1184.62,1599.99,26.0,0.0,0,Eurolux,Soyuducu
Soyuducu Biryusa I820NF,1044.99,1999.99,48.0,0.0,0,Biryusa,Soyuducu
Soyuducu Biryusa M50,180.0,319.0,44.0,0.0,0,Biryusa,Soyuducu
"Soyuducu Shivaki HS-137, birqapılı, qara",408.93,599.99,32.0,0.0,0,Shivaki,Soyuducu
Ticarət soyuducusu SD/SC-158Y,750.0,750.0,0.0,0.0,0,No brand,Ticarət soyuducusu
Soyuducu Biryusa M6134 Silver,940.0,940.0,0.0,0.0,0,Biryusa,Soyuducu
Soyuducu Samsung RB30A32NOSA/WT MET,1199.99,2399.98,50.0,0.0,0,Samsung,Soyuducu
Soyuducu Konka 544 DX02,989.99,1299.99,24.0,0.0,0,No brand,Soyuducu
Soyuducu Yoshiro YRF-B400NF60HX Boz,1124.99,2100.0,46.0,0.0,0,Yoshiro,Soyuducu
Soyuducu SHARP SJ-SE70D-BK5,2080.05,4160.1,50.0,0.0,0,Sharp,Soyuducu
Soyuducu Sharp SJ-GT760G-DS3,2620.0,5240.0,50.0,0.0,0,Sharp,Soyuducu
Ticarət soyuducusu BC/BD-268,870.0,870.0,0.0,0.0,0,No brand,Ticarət soyuducusu
Soyuducu Biryusa C6139 Silver,1000.0,1000.0,0.0,0.0,0,Biryusa,Soyuducu
Soyuducu Yoshiro YRF-B299DF60SX,669.99,826.82,19.0,0.0,0,Yoshiro,Soyuducu
Soyuducu Eurolux RF40 60x185 (AF),1145.56,1799.99,36.0,0.0,0,Eurolux,Soyuducu
Ticarət soyuducusu No brand No Frost İkiqapılı 75 l,1240.0,1620.0,23.0,0.0,0,No Frost,Ticarət soyuducusu
"Soyuducu Ferre BCD325B, Damcı sistemi, İkiqapılı, Qara",442.97,899.99,51.0,0.0,0,No brand,Soyuducu
Ticarət soyuducusu Snow Village LC-298A No Frost,910.0,910.0,0.0,0.0,0,No Frost,Ticarət soyuducusu
Soyuducu Teka NFE2 320,1982.0,1982.0,0.0,0.0,0,No brand,Soyuducu
Ticarət soyuducusu PLS-15N2 HB No Frost 209 l,1510.0,1510.0,0.0,0.0,0,No Frost,Ticarət soyuducusu
Soyuducu Biryusa W980NF boz,1400.0,1400.0,0.0,0.0,0,Biryusa,Soyuducu
Soyuducu Biryusa 6135 White,880.0,880.0,0.0,0.0,0,Biryusa,Soyuducu
Soyuducu Hitachi R-V660PUC7 BSL,2549.99,4100.0,38.0,0.0,0,Hitachi,Soyuducu
Soyuducu Ardesto DNF-M295W188,799.82,990.0,19.0,0.0,0,Ardesto,Soyuducu
Soyuducu Bompani BOCB740/T,7810.0,7810.0,0.0,0.0,0,Bompan,Soyuducu
"Soyuducu Eurolux XN RF105DF1S, Defrost, Birqapılı, Boz",599.99,599.99,0.0,0.0,0,Eurolux,Soyuducu
Soyuducu Yoshiro VP-YRF-B254H55W 255 L Ağ,616.99,1156.0,47.0,0.0,0,Yoshiro,Soyuducu
Soyuducu Eurolux EU-RF375HNF-SBL,994.07,1469.9,32.0,0.0,0,Eurolux,Soyuducu
Soyuducu Biryusa 6139 White,1000.0,1000.0,0.0,0.0,0,Biryusa,Soyuducu
Soyuducu LG GN-B492PXGB No Frost ikiqapılı qara,1589.99,2200.0,28.0,0.0,0,LG,Soyuducu
Soyuducu Teka RBF 78720 GBK,4966.0,4966.0,0.0,0.0,0,No brand,Soyuducu
Soyuducu Bompani BOK34FL/B,4411.0,4411.0,0.0,0.0,0,Bompan,Soyuducu
Soyuducu Biryusa BR 521 RN,866.0,1356.0,36.0,2.3,3,Biryusa,Soyuducu
Mini soyuducu Snow Village LC-108 No Frost Birqapılı Ağ,600.0,600.0,0.0,0.0,0,No Frost,Mini soyuducu
Soyuducu Bompani BR64B,608.0,608.0,0.0,0.0,0,Bompan,Soyuducu
Soyuducu Biryusa M 6033,768.47,900.0,15.0,0.0,0,Biryusa,Soyuducu
Soyuducu Eurolux EU---RF105DF1S,499.98,551.39,9.0,0.0,0,Eurolux,Soyuducu
Şərab üçün dispenser La Sommeliere DVV22,2217.0,2217.0,0.0,0.0,0,No brand,Şərab dolabı
Soyuducu Bompani BOK340G/E,4206.0,4206.0,0.0,0.0,0,Bompan,Soyuducu
Ticarət soyuducusu PLS-15N2 No Frost 209 l,1230.0,1230.0,0.0,0.0,0,No Frost,Ticarət soyuducusu
"Ticarət soyuducusu PLD-15N2 HB No Frost, İkiqapılı, 220 l",1510.0,1510.0,0.0,0.0,0,No Frost,Ticarət soyuducusu
"Soyuducu Ferre UCR345I, Defrost, İkiqapılı, Gümüşü",572.97,899.99,36.0,0.0,0,No brand,Soyuducu
Soyuducu Neohot BCD-350 Grey,694.27,1736.91,60.0,0.0,0,No brand,Soyuducu
Soyuducu Bompani BOK340NF/C,4206.0,4206.0,0.0,0.0,0,Bompan,Soyuducu
"Soyuducu Shivaki HS 137 RN, birqapılı, ağ",447.92,699.99,36.0,0.0,0,Shivaki,Soyuducu
Soyuducu Biryusa C920NF Silver,1199.99,1599.99,25.0,0.0,0,Biryusa,Soyuducu
Soyuducu Biryusa W6134 boz,1000.0,1000.0,0.0,0.0,0,Biryusa,Soyuducu
Soyuducu Biryusa M980NF gümüşü,1400.0,1400.0,0.0,0.0,0,Biryusa,Soyuducu
Soyuducu dəzgah Titan Group Gilavar 1,2310.0,2310.0,0.0,0.0,0,No brand,Soyuducu
Soyuducu Biryusa M553 damcı sistemli ikiqapılı gümüşü,499.97,799.99,38.0,0.0,0,Biryusa,Soyuducu
Soyuducu Bompani BOK32NF/R,5129.0,5129.0,0.0,0.0,0,Bompan,Soyuducu
Soyuducu Bompani BODP262/C,4932.0,4932.0,0.0,0.0,0,Bompan,Soyuducu
"Ticarət soyuducusu DG-900FY Tort desert No Frost, İkiqapılı, Gümüşü",1800.0,1800.0,0.0,0.0,0,No Frost,Ticarət soyuducusu
Soyuducu Biryusa M6139 gümüşü,1000.0,1000.0,0.0,0.0,0,Biryusa,Soyuducu
"Soyuducu Eurolux ES RF105DF1S, Defrost, Birqapılı, Boz",599.98,599.98,0.0,0.0,0,Eurolux,Soyuducu
Soyuducu Bompani BOCB669/D,5960.0,5960.0,0.0,0.0,0,Bompan,Soyuducu
Soyuducu Bompani BOK34NF/C,4206.0,4206.0,0.0,0.0,0,Bompan,Soyuducu
Soyuducu Bompani BODP740/N,7583.0,7583.0,0.0,0.0,0,Bompan,Soyuducu
Ticarət soyuducusu BC/BD-358,980.0,980.0,0.0,0.0,0,No brand,Ticarət soyuducusu
Şərab paylayıcısı modul 2 butulka üçün - BTGM2,4750.0,4750.0,0.0,0.0,0,No brand,Şərab dolabı
Soyuducu Bompani BOK34NF/M,4206.0,4206.0,0.0,0.0,0,Bompan,Soyuducu
Soyuducu Bompani BRS-620WD,4388.0,4388.0,0.0,0.0,0,Bompan,Soyuducu
Soyuducu Bompani EKONF505/BC,5920.0,5920.0,0.0,0.0,0,Bompan,Soyuducu
Soyuducu Bompani BR-146B,856.0,856.0,0.0,0.0,0,Bompan,Soyuducu
Soyuducu Bompani BODP281/A,4932.0,4932.0,0.0,0.0,0,Bompan,Soyuducu
Soyuducu Bompani BR-146 SLVR,856.0,856.0,0.0,0.0,0,Bompan,Soyuducu
Ticarət soyuducusu PLR-18N2 No Frost ikiqapılı gümüşü.,1300.0,1300.0,0.0,0.0,0,No Frost,Ticarət soyuducusu
Soyuducu Bompani BOECO-635B,3539.0,3539.0,0.0,0.0,0,Bompan,Soyuducu
Soyuducu Bompani BOECO-425,2470.0,2470.0,0.0,0.0,0,Bompan,Soyuducu
"Soyuducu Ferre BCD275W, Defrost, İkiqapılı, Ağ",442.97,899.99,51.0,0.0,0,No brand,Soyuducu
Soyuducu Biryusa C6139 Defrost ikiqapılı gümüşü,649.97,999.99,35.0,0.0,0,Biryusa,Soyuducu
Soyuducu Bompani BR-146,843.0,843.0,0.0,0.0,0,Bompan,Soyuducu
Soyuducu Bompani BOCB675/C,5960.0,5960.0,0.0,0.0,0,Bompan,Soyuducu
Ticarət soyuducusu Snow Village SD/SC-328Y,1169.0,1169.0,0.0,0.0,0,Snow Village,Ticarət soyuducusu
Soyuducu Bompani BOK32NF/S,5129.0,5129.0,0.0,0.0,0,Bompan,Soyuducu
Ticarət soyuducusu PLD-15N2,1230.0,1230.0,0.0,0.0,0,No brand,Ticarət soyuducusu
Soyuducu Biryusa C920 No Frost ikiqapılı gümüşü,749.97,1299.99,42.0,0.0,0,Biryusa,Soyuducu
"Soyuducu Ferre, FNF470I, No Frost, İkiqapılı, Gümüşü",787.97,1299.99,39.0,0.0,0,No Frost,Soyuducu
Soyuducu Bompani BO6862NFT,2530.0,2530.0,0.0,0.0,0,Bompan,Soyuducu
Soyuducu Teka RTF 15810 SS,4523.0,4523.0,0.0,0.0,0,No brand,Soyuducu
"Soyuducu Ferre FNF440I, No Frost, İkiqapılı, Gümüşü",738.97,1299.99,43.0,0.0,0,No Frost,Soyuducu
Soyuducu Bosch KGN49LB30U Qara,2526.99,3555.0,29.0,0.0,0,Bosch,Soyuducu
Ticarət soyuducusu PLS-18N2,1420.0,1420.0,0.0,0.0,0,No brand,Ticarət soyuducusu
"Soyuducu Biryusa 6133, Damcı sistemi, İkiqapılı, Ağ",639.97,999.99,36.0,0.0,0,Biryusa,Soyuducu
Soyuducu Biryusa M980 No Frost ikiqapılı gümüşü,849.97,1499.99,43.0,0.0,0,Biryusa,Soyuducu
Soyuducu Biryusa M6133 Silver,1100.0,1100.0,0.0,0.0,0,Biryusa,Soyuducu
Soyuducu Biryusa M553 230 l,549.99,1099.98,50.0,0.0,0,Biryusa,Soyuducu
Soyuducu Biryusa M6134 210/85 l 165×60×62.5 sm dondurucu altda,629.99,1259.99,50.0,0.0,0,Biryusa,Soyuducu
Soyuducu Biryusa C6139 240/80 l 60×62.5×180 sm,699.99,1399.98,50.0,0.0,0,Biryusa,Soyuducu
Soyuducu Biryusa 551 240 l 58×145×62 sm ağ,499.99,989.99,49.0,0.0,0,Biryusa,Soyuducu
Soyuducu Yoshiro YRF-T415NF70HB 420 L Qara,1143.99,2300.0,50.0,0.0,0,Yoshiro,Soyuducu
Soyuducu Yoshiro YRF-B400NF60HX Boz,1124.99,2200.0,49.0,0.0,0,Yoshiro,Soyuducu
Soyuducu Bosch KGN36XL30U 324 L Gümüşü,1839.99,2755.0,33.0,0.0,0,Bosch,Soyuducu
Soyuducu Yoshiro VP-YRF-B254H55W 255 L Ağ,616.99,1025.0,40.0,0.0,0,Yoshiro,Soyuducu
Əczaçılıq soyuducusu Biryusa 246K-R,3299.0,5099.0,35.0,0.0,0,Biryusa,Digər
"Soyuducu Biryusa 6139, Damcı sistemi, İkiqapılı, Ağ",629.97,1199.99,48.0,0.0,0,Biryusa,Soyuducu
Soyuducu Biryusa W920 No Frost ikiqapılı tünd boz,749.97,1299.99,42.0,0.0,0,Biryusa,Soyuducu
Soyuducu Biryusa W6139 damcı sistemli ikiqapılı tünd boz,649.97,999.99,35.0,0.0,0,Biryusa,Soyuducu
Soyuducu Biryusa M6139 damcı sistemli ikiqapılı gümüşü,649.97,999.99,35.0,0.0,0,Biryusa,Soyuducu
Soyuducu Biryusa M6134 damcı sistemli ikiqapılı gümüşü,619.97,999.99,38.0,0.0,0,Biryusa,Soyuducu
Soyuducu Biryusa M6133 damcı sistemli ikiqapılı gümüşü,659.97,999.99,34.0,0.0,0,Biryusa,Soyuducu
Soyuducu Biryusa M940NF,999.99,1399.99,29.0,0.0,2,Biryusa,Soyuducu
Soyuducu Samsung RS62R5031.B4,2488.99,2799.99,11.0,0.0,0,Samsung,Soyuducu
Soyuducu Vestfrost VW18NFE01S,879.69,1129.9,22.0,0.0,2,Vestfrost,Soyuducu
"Soyuducu LG GR.X267CQES, qara",4525.0,6500.0,30.0,0.0,0,LG,Soyuducu
Soyuducu Toshiba GR-RT835WE-PGYXK,2178.99,3179.99,31.0,0.0,0,Toshiba,Soyuducu
Soyuducu Beko RDNE55X,1299.98,1399.99,7.0,0.0,0,Beko,Soyuducu
Soyuducu Neos NSRF-314DINX,959.99,1250.0,23.0,0.0,0,No brand,Soyuducu
Soyuducu Vestfrost VVW18NFE01W,888.99,1199.99,26.0,0.0,0,Vestfrost,Soyuducu
Soyuducu Indesit ITS 4200 W,909.16,1800.0,49.0,0.0,0,Indesit,Soyuducu
Soyuducu Hitachi HRTN7489DFGBKCS,2399.89,3000.0,20.0,0.0,0,Hitachi,Soyuducu
Soyuducu Beko / B3RCNK 362 HW -- LGE,1123.83,2100.0,46.0,0.0,0,Beko,Soyuducu
Soyuducu Biryusa M880NF,935.01,1200.0,22.0,0.0,2,Biryusa,Soyuducu
Soyuducu Pozis RK-149 White,799.66,1600.0,50.0,0.0,2, Pozis,Soyuducu
Soyuducu Finlux NF 473IXL,980.0,1360.0,28.0,0.0,0,Finlux,Soyuducu
Soyuducu TCL TRF-465WEXPU,1199.04,1800.0,33.0,0.0,0,No brand,Soyuducu
Soyuducu Riffel 30030 MBK,979.99,1321.0,26.0,0.0,0,No brand,Soyuducu
Soyuducu Regal 289 Inox Look,799.99,999.99,20.0,0.0,1,Regal,Soyuducu
Soyuducu Eurolux SPRK_EU-RF40HNF-2SSC,1299.9,1299.9,0.0,0.0,0,Eurolux,Soyuducu
Soyuducu Hitachi HRTN6443S Black,1589.99,1800.0,12.0,0.0,0,Hitachi,Soyuducu
Soyuducu Hotpoint Ariston HT 5180 AB,1048.25,1349.9,22.0,0.0,1,Hotpoint,Soyuducu
Soyuducu Pozis RK103SX,799.99,1000.0,20.0,0.0,0, Pozis,Soyuducu
Soyuducu Hotpoint-Ariston HTS 5180 W,1168.52,1400.0,17.0,0.0,1,Hotpoint,Soyuducu
Soyuducu Vestfrost VVW18NFE01S,899.99,1199.99,25.0,0.0,0,Vestfrost,Soyuducu
"Soyuducu Samsung RR39T7475AP-1730, No Frost, Birqapılı, Ağ",2399.99,3399.99,29.0,0.0,0,Samsung,Soyuducu
Soyuducu Konka 514 DX02,899.99,1299.99,31.0,0.0,0,No brand,Soyuducu
"Soyuducu Hotpoint Ariston HPAK2 6472 XP5E, 477 L, NoFrost, 1865x700x746 mm, Display, Titanium Inox - HPAK2 6472 XP5E",1598.22,3200.0,50.0,0.0,0,Hotpoint,Soyuducu
Soyuducu Regal 379 W,869.99,1399.99,38.0,0.0,0,Regal,Soyuducu
Soyuducu Pozis RK 102 W,659.9,849.9,22.0,0.0,1, Pozis,Soyuducu
Soyuducu Alneo 512 IX,1396.44,1999.99,30.0,0.0,0,Alneo,Soyuducu
Soyuducu Pozis XF 140-3 W,1058.59,1339.9,21.0,0.0,0, Pozis,Soyuducu
Mini soyuducu No brand Termoelektrik Birqapılı Ağ,178.99,319.99,44.0,0.0,0,No brand,Mini soyuducu
Soyuducu Pozis RK-149 Graphite,828.52,1299.99,36.0,0.0,1, Pozis,Soyuducu
Soyuducu Regal 379 IX Look,879.99,1300.99,32.0,0.0,0,Regal,Soyuducu
Soyuducu Pozis SVIYAQA-538-8 W,1088.56,2000.0,46.0,0.0,1, Pozis,Soyuducu
Soyuducu Beko RDNE510M20W,1249.98,1700.0,26.0,0.0,0,Beko,Soyuducu
Soyuducu Biryusa B 860 NF,939.99,1399.99,33.0,0.0,1,Biryusa,Soyuducu
Soyuducu Hotpoint Ariston HTR8202IMXO3 320 L Inox,1499.99,2000.0,25.0,0.0,0,Hotpoint,Soyuducu
Soyuducu Pozis RK103SX İnoks,899.99,1199.99,25.0,0.0,0, Pozis,Soyuducu
Soyuducu Pozis RK103S Gümüş,858.99,1299.99,34.0,0.0,0, Pozis,Soyuducu
Soyuducu Finlux NF 473IXL LGE,1020.17,2400.0,57.0,0.0,0,LG,Soyuducu
Soyuducu Regal 482 Inox Look,1269.99,1999.99,37.0,0.0,0,Regal,Soyuducu
Soyuducu Pozis RK 149 Silver,877.12,1600.0,45.0,0.0,3, Pozis,Soyuducu
Soyuducu Pozis RK 103 SX,791.4,1500.0,47.0,0.0,0, Pozis,Soyuducu
Mini soyuducu Termoelektrik Birqapılı Ağ A+,214.99,304.99,30.0,0.0,0,No brand,Mini soyuducu
Soyuducu Hotpoint-Ariston HTR 8202I MX O3,1297.88,1669.9,22.0,0.0,1,Hotpoint,Soyuducu
Soyuducu MIR DX -120 W,758.22,999.99,24.0,0.0,0,No brand,Soyuducu
Soyuducu Riffel 30030 MBG,979.99,1321.0,26.0,0.0,0,No brand,Soyuducu
Soyuducu Pozis RK 139 W,779.66,1400.0,44.0,0.0,1, Pozis,Soyuducu
Soyuducu Finlux NF483IXL,1143.41,1500.0,24.0,0.0,0,Finlux,Soyuducu
Soyuducu Hotpoint Ariston HPAD26472XP5E,1699.99,2000.99,15.0,0.0,0,Hotpoint,Soyuducu
"Soyuducu Hisense RD39WCWD-BI, Total No Frost, ikiqapılı, qara",1025.99,1555.99,34.0,0.0,0,Hisense,Soyuducu
"Soyuducu Pozis RK 149 SX, 370 L, A+, Inox",879.99,1499.99,41.0,0.0,0, Pozis,Soyuducu
Soyuducu Pozis RK 139 SX,879.67,1129.9,22.0,0.0,0, Pozis,Soyuducu
Soyuducu Pozis RK-139 White,839.99,1299.99,35.0,0.0,0, Pozis,Soyuducu
Soyuducu Hotpoint Ariston HBT18I,1599.99,2000.99,20.0,0.0,0,Hotpoint,Soyuducu
Quruducu maşın Folding Clothes Dryer GYJ-002,50.85,94.99,46.0,2.3,3,No brand,Quruducu
Dondurucu qutu Biryusa 260KX,494.0,775.0,36.0,3.4,5,Biryusa,Dondurucu
Qaz plitəsi Winning Star ST-9658,109.9,199.0,45.0,2.8,9,Winning Star,Qaz plitəsi
Qarışıq plitə Shivaki Milagro 01-K Silver,385.0,520.0,26.0,0.0,4,Shivaki,Digər
Qabyuyan maşın YOSHIRO YDW-VF815S38/G,731.99,1079.9,32.0,2.5,2,Yoshiro,Qabyuyan maşın
"Qaz sobası Quick Q-6405, ağ",67.98,100.0,32.0,3.5,2,No brand,Qaz plitəsi
Qaz plitəsi Lexical LGS-2812-2,67.38,135.0,50.0,0.0,1,LG,Qaz plitəsi
"Mini-paltaryuyan maşın XYJ-001, çəhrayı",43.41,80.0,46.0,0.0,4,No brand,Digər
Buz Küpü Hazırlayıcı 48,19.99,35.0,43.0,0.0,3,No brand,Buz generatoru
Qaz plitəsi Sultan SUL-2 Black,60.0,90.0,33.0,0.0,1,No brand,Qaz plitəsi
Paltaryuyan maşın Midea MF01610US40/T,463.63,463.63,0.0,0.0,2,Midea,Paltaryuyan maşın
Paltaryuyan maşın LG F2V7GWL1W,987.95,1500.0,34.0,0.0,1,LG,Paltaryuyan maşın
Qaz plitəsi Winning Star ST-9659,54.9,91.0,40.0,0.0,2,Winning Star,Qaz plitəsi
Soyuducu Bosch KGN56CX30U,2043.0,3149.0,35.0,2.3,3,Bosch,Soyuducu
Soyuducu LG GN-B502PLGB,1236.0,2034.0,39.0,1.5,2,LG,Soyuducu
"Soyuducu Hisense RD39WCWD, Black",852.0,1313.0,35.0,4.4,7,Hisense,Soyuducu
Soyuducu Biryusa 6139,560.0,917.0,39.0,0.0,1,Biryusa,Soyuducu
Paltaryuyan maşın Samsung WW90TA047AE/LP,1199.99,1349.0,11.0,0.0,1,Samsung,Paltaryuyan maşın
Soyuducu Samsung RT42CG6000B1WT,1248.99,1713.6,27.0,0.0,1,Samsung,Soyuducu
Paltaryuyan maşın Green Lion Foldable Mini Washing Machine Blue,122.55,122.55,0.0,1.3,3,No brand,Paltaryuyan maşın
Paltaryuyan maşın Shivaki SE-65 - SE-65,191.58,499.0,62.0,0.0,2,Shivaki,Paltaryuyan maşın
Paltaryuyan maşın Beko B3WFT5942MG,1106.0,1722.0,36.0,0.0,2,Beko,Paltaryuyan maşın
Paltaryuyan maşın UM001000960,39.86,89.0,55.0,0.0,2,No brand,Paltaryuyan maşın
Mini paltaryuyan maşın ZISHUU_3v1,49.96,80.0,38.0,0.0,2,ZISHUU,Mini soyuducu
Paltaryuyan maşın HomeStore SCX44,89.54,135.0,34.0,1.8,5,No brand,Paltaryuyan maşın
Mini paltaryuyan maşın YŞ,52.98,85.0,38.0,0.0,1,No brand,Mini soyuducu
Paltaryuyan maşın Electrolux EW6S3R06S,626.0,1252.0,50.0,0.0,3,Electrolux,Paltaryuyan maşın
Soyuducu Beko RDNE510M20XBR,1129.74,1500.99,25.0,3.7,3,Beko,Soyuducu
"Mini paltaryuyan maşın 60 W, ağ",9.99,15.0,33.0,0.0,3,No brand,Mini soyuducu
Paltaryuyan maşın Bergamo BG-WМ1226Т-10DDG7EI,879.94,1499.0,41.0,0.0,1,No brand,Paltaryuyan maşın
Paltaryuyan maşın MIX125 (6917190070005),49.96,120.0,58.0,3.5,2,No brand,Paltaryuyan maşın
Soyuducu Biryusa W-6039,749.0,799.0,6.0,0.0,1,Biryusa,Soyuducu
Soyuducu Eurolux EU-RF40-UD-HNF2-BG,1076.91,1579.9,32.0,0.0,1,Eurolux,Soyuducu
Soyuducu Samsung RF65DG90B0SRWR,3775.99,4999.99,24.0,0.0,0,Samsung,Soyuducu
Soyuducu Hoffmann NFFD-180IX,1448.99,1800.0,20.0,0.0,3,Hoffmann,Soyuducu
Soyuducu Indesit ITS 4160 W,799.46,1299.99,39.0,4.9,13,Indesit,Soyuducu
Paltaryuyan maşın Beko - B3WFU51240MCI,1433.63,1599.99,10.0,0.0,0,Beko,Paltaryuyan maşın
Quruducu maşın LG RH90V5PVTN,1749.62,2599.99,33.0,0.0,1,LG,Quruducu
Qarışıq plitə Hoffmann F747S,599.99,1099.99,45.0,0.0,2,Hoffmann,Digər
Qaz plitəsi Winning Star ST-5662,97.0,126.0,23.0,0.0,1,Winning Star,Qaz plitəsi
Soyuducu Beko B5RCNE565HXPMG,1477.72,1839.9,20.0,0.0,1,Beko,Soyuducu
Paltaryuyan maşın Hisense WFVB7012MS,599.01,760.0,21.0,0.0,1,Hisense,Paltaryuyan maşın
Soyuducu Bosch KDN43NW20U,1469.98,1849.99,21.0,0.0,2,Bosch,Soyuducu
Soyuducu Yoshiro YRF-T465NF70TX,1050.82,1250.0,16.0,0.0,1,Yoshiro,Soyuducu
Soyuducu Artel HD-316FND Black Matte,699.99,1800.0,61.0,0.0,1,Artel,Soyuducu
Soyuducu Samsung RB29FERNDSA/WT,1399.99,1750.0,20.0,0.0,2,Samsung,Soyuducu
Paltaryuyan maşın Hoffmann VSL-72010W,599.99,750.0,20.0,0.0,4,Hoffmann,Paltaryuyan maşın
Soyuducu Biryusa W6039,698.99,1200.0,42.0,0.0,4,Biryusa,Soyuducu
Soyuducu Indesit TIA 16 S,649.99,900.0,28.0,0.0,2,Indesit,Soyuducu
Paltaryuyan maşın LG F4V5VYLOW 9 kq 1400 dövr/dəq Ağ,1179.99,1499.99,21.0,0.0,0,LG,Paltaryuyan maşın
Soyuducu YOSHIRO YRF-B435NF70MX,1199.99,1600.0,25.0,0.0,0,Yoshiro,Soyuducu
Soyuducu Biryusa C 6035,630.0,810.0,22.0,0.0,0,Biryusa,Soyuducu
Dondurucu kamera Pozis FH250 Ağ,1055.99,1499.99,30.0,0.0,0, Pozis,Dondurucu
Dondurucu qutu Midea MDRC345FZF01D De Frost 249 l ağ,565.0,1130.0,50.0,0.0,0,Midea,Dondurucu
"Qaz plitəsi Lexical, 2 konforlu, mina, qəhvəyi",99.99,169.99,41.0,0.0,0,No brand,Qaz plitəsi
Quruducu maşın UM001000810,59.98,59.98,0.0,0.0,1,No brand,Quruducu
Soyuducu Samsung RT42CB662012WT,1580.99,2299.99,31.0,0.0,0,Samsung,Soyuducu
"Soyuducu Hoffmann NFBT-186BGT, No Frost, ikiqapılı, qara",959.99,1059.99,9.0,0.0,0,Hoffmann,Soyuducu
Soyuducu Biryusa I 940 NF,899.92,1600.0,44.0,0.0,1,Biryusa,Soyuducu
Masaüstü qaz plitəsi Dreamchef ES-33442,90.0,130.0,31.0,0.0,0,No brand,Digər
Soyuducu Samsung RS62R50312C,2759.99,3999.88,31.0,0.0,0,Samsung,Soyuducu
Dondurucu kamera Uğur UDD 160 BK,722.22,950.0,24.0,0.0,0,Uğur,Dondurucu
Soyuducu Pozis RK103G Boz,858.99,1199.99,28.0,0.0,0, Pozis,Soyuducu
Soyuducu LG GR.B459FQFW,1619.99,2999.99,46.0,0.0,0,LG,Soyuducu
Soyuducu TCL P460CDB,1749.99,2100.0,17.0,0.0,0,No brand,Soyuducu
Soyuducu LG GR-X347CQFS,5389.98,6659.9,19.0,0.0,0,LG,Soyuducu
Soyuducu Hoffmann DTF 850 AWEN,535.99,999.99,46.0,0.0,0,Hoffmann,Soyuducu
Soyuducu Hoffmann NF-184SD,1124.85,1600.0,30.0,0.0,2,Hoffmann,Soyuducu
Soyuducu Finlux NF 343IXL,955.12,1060.0,10.0,0.0,0,Finlux,Soyuducu
Soyuducu LG GR-X267CQES,5198.57,5739.9,9.0,0.0,0,LG,Soyuducu
Paltaryuyan maşın DARKİN 8KG 1860,823.0,1019.0,19.0,0.0,1,No brand,Paltaryuyan maşın
Soyuducu Pozis RK139W Ağ,849.99,1399.99,39.0,0.0,0, Pozis,Soyuducu
Soyuducu Indesit ITS 4180 W,839.9,1079.9,22.0,4.4,8,Indesit,Soyuducu
Qabyuyan maşın Vermont VT-DW8040B60GW,748.84,1015.0,26.0,0.0,1,Vermont,Qabyuyan maşın
Soyuducu Biryusa W6134,630.01,899.99,30.0,0.0,0,Biryusa,Soyuducu
"Soyuducu Hoffmann, No Frost, Dördqapılı, Gümüşü",1259.99,1599.99,21.0,0.0,0,Hoffmann,Soyuducu
Soyuducu LG GR-H842HLHM - GR-H842HLHM,2139.9,2749.9,22.0,0.0,1,LG,Soyuducu
Paltaryuyan maşın Geepas GWMF7126BRG Black,499.0,699.0,29.0,4.5,2,No brand,Paltaryuyan maşın
Paltar qurutma maşını kondensasiyalı 5 kq ağ,195.5,400.0,51.0,0.0,0,No brand,Paltar qurudan
Buz generatoru DSP damlama sistemli 1.4 l ağ,251.5,251.5,0.0,0.0,0,DSP,Buz generatoru
Soyuducu Pozis RK149W Ağ,858.99,1399.99,39.0,0.0,0, Pozis,Soyuducu
Dondurucu kamera Birusa 155KX Ağ,499.99,700.0,29.0,0.0,0,No brand,Dondurucu
Soyuducu Indesit ITS 5180 G LGE,939.99,1300.0,28.0,0.0,1,LG,Soyuducu
Soyuducu Vestfrost VVW18NFE01X,929.99,1299.99,28.0,0.0,0,Vestfrost,Soyuducu
Soyuducu Pozis RK 102 SX,758.25,979.9,23.0,0.0,0, Pozis,Soyuducu
Dondurucu kamera Pozis FV NF-117 S,1025.99,1599.99,36.0,0.0,0, Pozis,Dondurucu
Paltaryuyan maşın WM RIFFEL WMRF 94410 - WM RIFFEL WMRF 94410,1600.18,3000.0,47.0,0.0,0,No brand,Paltaryuyan maşın
"Paltaryuyan maşın Hoffmann WMH9014T, tünd boz, 9 kq, ön yükləmə, rəqəmsal idarəetmə - WMH9014T",717.9,1299.99,45.0,0.0,7,Hoffmann,Paltaryuyan maşın
Qabyuyan maşın Whirlpool WSIC 3M27C,1112.99,1899.99,41.0,0.0,0,Whirlpool,Qabyuyan maşın
Paltaryuyan maşın Eurolux EU.WM1437S-7BLDW,873.75,1200.0,27.0,0.0,0,Eurolux,Paltaryuyan maşın
Soyuducu Samsung RB29FERNDSA/WR,1299.99,1500.0,13.0,0.0,2,Samsung,Soyuducu
Dondurucu qutu Biryusa 210KX 200L,449.99,699.99,36.0,0.0,0,Biryusa,Dondurucu
Paltaryuyan maşın Samsung WW80AGAS21AX,1111.99,1599.99,31.0,0.0,0,Samsung,Paltaryuyan maşın
"Qaz plitəsi Lexical 5 ocaq, paslanmayan polad, 12.85 kW",269.99,550.0,51.0,0.0,0,No brand,Qaz plitəsi
Soyuducu Biryusa 120 ağ,580.0,700.0,17.0,0.0,0,Biryusa,Soyuducu
Soyuducu Pozis RK139B Qara,899.99,1299.99,31.0,0.0,0, Pozis,Soyuducu
"Buz generatoru Avinas, Əl, Gümüşü, 2.2 L",369.9,511.8,28.0,0.0,0,No brand,Buz generatoru
"Digər mətbəx ləvazimatları Qaz sobası, bir gözlü, asan təmizlənən, vahid istilik, sadə əməliyyat - TW-RZR8500G",27.99,44.0,36.0,0.0,0,No brand,Digər
Paltaryuyan maşın Toshiba TWBN80C2UZ-MK 8 kq,789.99,989.99,20.0,0.0,0,Toshiba,Paltaryuyan maşın
Paltaryuyan maşın Konka KG 7021GR,639.99,999.99,36.0,0.0,0,No brand,Paltaryuyan maşın
Soyuducu Pozis RK-103 Graphite,788.21,1019.9,23.0,0.0,2, Pozis,Soyuducu
Paltaryuyan maşın Hoffmann VSL-72010S,574.99,1000.0,43.0,4.1,34,Hoffmann,Paltaryuyan maşın
Soyuducu Indesit ITS4160W Ağ,825.99,1299.99,36.0,0.0,0,Indesit,Soyuducu
Soyuducu Hisense RD39WC White,999.98,1099.99,9.0,0.0,0,Hisense,Soyuducu
Paltaryuyan maşın Winning Star ST-XPB130-2009SVA,324.0,920.0,65.0,0.0,0,Winning Star,Paltaryuyan maşın
Soyuducu Biryusa 108,499.99,650.0,23.0,3.7,3,Biryusa,Soyuducu
Soyuducu Beko B5RCNE565HXPBG,1899.99,2599.99,27.0,0.0,0,Beko,Soyuducu
Soyuducu Birusa 960NF,855.99,1000.0,14.0,0.0,0,No brand,Soyuducu
Dondurucu qutu Uğur UMD 1850,5873.18,12000.0,51.0,0.0,0,Uğur,Dondurucu
Paltaryuyan maşın Eurolux EU-WM1234S-7BLDG 7 kq 1200 dövr/dəq Boz,834.97,1800.0,54.0,0.0,0,Eurolux,Paltaryuyan maşın
Soyuducu Hisense RD39WCR Inox,934.76,1299.99,28.0,0.0,1,Hisense,Soyuducu
Paltaryuyan maşın Beko WSRE 6512 PRW,589.9,759.9,22.0,3.9,22,Beko,Paltaryuyan maşın
Soyuducu Hoffmann NF-167SX,799.99,1200.0,33.0,0.0,0,Hoffmann,Soyuducu
Paltaryuyan maşın Darkin DK6001S,529.0,599.0,12.0,0.0,0,Darkin,Paltaryuyan maşın
Paltaryuyan maşın LG F2V9GW9P-LTS,1117.46,1599.99,30.0,0.0,1,LG,Paltaryuyan maşın
Dondurucu qutu Yoshiro YFZ-C508DF164HW 508 l,1099.0,1199.0,8.0,0.0,0,Yoshiro,Dondurucu
Qabyuyan Beko BDFN356-20S,629.3,799.99,21.0,0.0,0,Beko,Qabyuyan maşın
Soyuducu Beko B3RDNE66HXB,1638.99,2300.0,29.0,0.0,0,Beko,Soyuducu
Paltaryuyan maşın Hisense WFQP8014EVMTG,899.99,1399.99,36.0,0.0,0,Hisense,Paltaryuyan maşın
Paltaryuyan LG F2V9GW9P 8.5 kq Color Qrafit,1119.99,1550.99,28.0,0.0,0,LG,Paltaryuyan maşın
Quruducu maşın Samsung DV90BBA245AWLP,1529.99,1999.99,24.0,0.0,1,Samsung,Quruducu
Soyuducu Biryusa M 108,428.53,570.0,25.0,0.0,0,Biryusa,Soyuducu
Dondurucu qutu Pozis FH-258-1,999.0,999.0,0.0,0.0,0, Pozis,Dondurucu
Soyuducu Pozis XF 250-3 W,1099.53,1999.99,45.0,0.0,0, Pozis,Soyuducu
Paltaryuyan maşın LG F2V7GWL1W-LG 7 kg 1200 dövr/dəq Ağ,1099.99,1698.0,35.0,0.0,1,LG,Paltaryuyan maşın
Paltaryuyan maşın LG F2J3HYL5W - AZR F2J3HYL5W AZR,979.99,1299.0,25.0,0.0,0,LG,Paltaryuyan maşın
Soyuducu Regal 4320 IX,1199.99,1699.99,29.0,0.0,0,Regal,Soyuducu
Quruducu maşın SH-009,55.0,58.99,7.0,0.0,3,No brand,Quruducu
Soyuducu Pozis RK102W Ağ,799.99,999.99,20.0,0.0,0, Pozis,Soyuducu
Soyuducu Hoffmann DTF492W Ağ,187.99,375.98,50.0,0.0,0,Hoffmann,Soyuducu
Quruducu maşın SAMSUNG DV90BB9445GHLP,1947.99,2599.99,25.0,0.0,0,Samsung,Quruducu
Soyuducu Hotpoint-Ariston HTR 5180 M,1148.99,2000.0,43.0,0.0,0,Hotpoint,Soyuducu
Mini soyuducu Silver LZ-773831 Defrost birqapılı boz.,329.99,700.0,53.0,0.0,0,Silver,Mini soyuducu
Dondurucu kamera Pozis FV NF-117 Silver,1025.99,1425.99,28.0,0.0,2, Pozis,Dondurucu
Paltaryuyan maşın Artel SE65 Blue,290.0,350.0,17.0,0.0,3,Artel,Paltaryuyan maşın
Soyuducu Winning Star ST-BCD-118L,322.0,418.0,23.0,0.0,1,Winning Star,Soyuducu
Soyuducu Hotpoint-Ariston HTS 5200 S,1318.55,1699.9,22.0,0.0,0,Hotpoint,Soyuducu
Soyuducu Biryusa M108,420.0,600.0,30.0,4.6,8,Biryusa,Soyuducu
Qaz plitəsi RAF R.8500 Black,25.0,55.0,55.0,0.0,0, RAF,Qaz plitəsi
"Paltaryuyan maşın Haley KL-774017, 2 kq",79.99,150.0,47.0,0.0,0,No brand,Paltaryuyan maşın
"Qabyuyan maşın Whirlpool WIO 3T226 PFG, 14 dəst, 42 dB, A++",1259.99,1699.99,26.0,0.0,0,Whirlpool,Qabyuyan maşın
Soyuducu Biryusa M290,698.0,950.0,27.0,0.0,1,Biryusa,Soyuducu
Soyuducu Samsung RB31FERDNS9,1400.0,1650.0,15.0,0.0,1,Samsung,Soyuducu
Qabyuyan maşın Beko BDFN36531GB,1106.48,1299.99,15.0,0.0,1,Beko,Qabyuyan maşın
Soyuducu Hoffmann NF-785X LGE,1050.11,2000.0,47.0,0.0,0,LG,Soyuducu
"Buz generatoru Winning Star ST-9501, ağ",260.0,260.0,0.0,0.0,0,Winning Star,Buz generatoru
Paltaryuyan maşın BEKO WM419CAI,1099.98,1599.99,31.0,0.0,3,Beko,Paltaryuyan maşın
Soyuducu Lotus LT3181 RFBG Beige,991.6,1200.0,17.0,0.0,0,Lotus,Soyuducu
Soyuducu Pozis RK 139 S,809.65,1039.9,22.0,0.0,1, Pozis,Soyuducu
"Paltaryuyan maşın Mini MP-2680, Bənövşəyi, 10 kq, 150 dövr/dəq",62.99,62.99,0.0,0.0,0,No brand,Paltaryuyan maşın
Soyuducu Beko B1RCSK272G,879.98,999.99,12.0,0.0,3,Beko,Soyuducu
Soyuducu LG GR.F679HLHL,1534.12,1960.0,22.0,0.0,1,LG,Soyuducu
Qabyuyan maşın Hotpoint HFC 3B19 X,1099.76,1300.0,15.0,0.0,0,Hotpoint,Qabyuyan maşın
Paltaryuyan maşın LG W4W8BVPKZHM,4887.18,9000.0,46.0,0.0,0,LG,Paltaryuyan maşın
Soyuducu Biryusa 135,658.99,750.0,12.0,0.0,0,Biryusa,Soyuducu
"Qabyuyan maşın Hotpoint Ariston HI5D84DW, 15 dəst, 8 proqram, A enerji, 44 dB",989.99,1122.99,12.0,0.0,0,Hotpoint,Qabyuyan maşın
"Buz generatoru Winning Star ST-9501, Damlama sistemi, Ağ, 1.2 L",299.99,299.99,0.0,0.0,0,Winning Star,Buz generatoru
Paltaryuyan maşın Eurolux EU-WM1477S-8BLDG 8 kq 1400 dövr/dəq,1210.0,2200.0,45.0,0.0,0,Eurolux,Paltaryuyan maşın
Soyuducu Finlux ST 374IBG,699.01,999.0,30.0,0.0,2,Finlux,Soyuducu
Paltaryuyan maşın Samsung WW70A4S21EELP,1118.99,1243.33,10.0,0.0,0,Samsung,Paltaryuyan maşın
Soyuducu Hoffmann NFB-167SN,899.32,1200.0,25.0,0.0,0,Hoffmann,Soyuducu
Soyuducu Bosch KDN76XL30 U,2590.0,5000.0,48.0,0.0,0,Bosch,Soyuducu
Soyuducu Hotpoint Ariston HT 5180 MX,1158.22,2000.0,42.0,0.0,0,Hotpoint,Soyuducu
Soyuducu Beko 455E40DSN,1222.99,1599.99,24.0,0.0,1,Beko,Soyuducu
Qabyuyan maşın Bosch SMS4IMB62Q Inox,1455.99,1999.99,27.0,0.0,0,Bosch,Qabyuyan maşın
Paltaryuyan maşın Beko WSRE6512PRW,689.99,999.99,31.0,0.0,1,Beko,Paltaryuyan maşın
Soyuducu LG GR-F589BQCM.AMCQMER,1997.0,4000.0,50.0,0.0,0,LG,Soyuducu
Paltaryuyan maşın Samsung WW70T3020BW,799.99,1300.0,38.0,0.0,2,Samsung,Paltaryuyan maşın
Soyuducu Hitachi R-V660PUC7 BSL LGE,2144.99,4200.0,49.0,0.0,0,LG,Soyuducu
Paltaryuyan Bosch WGB24400ME,2079.9,2669.9,22.0,0.0,0,Bosch,Paltaryuyan maşın
Soyuducu Pozis RK 149 White,861.73,1299.99,34.0,0.0,0, Pozis,Soyuducu
Soyuducu Beko B3RDNE66HXB - B3RDNE66HXB boz,1732.02,2199.99,21.0,0.0,0,Beko,Soyuducu
Qaz plitəsi polad qara,34.89,34.89,0.0,0.0,0,No brand,Qaz plitəsi
Quraşdırılan qabyuyan maşın Bosch SMI4IMS62T,1777.18,3600.0,51.0,0.0,0,Bosch,Digər
Soyuducu Samsung RB50DG602EB1WR 520 L Qara,1798.99,2099.98,14.0,0.0,0,Samsung,Soyuducu
Soyuducu Biryusa M 118,518.53,699.99,26.0,0.0,0,Biryusa,Soyuducu
Soyuducu Pozis XF 400-3 W,1569.9,2129.9,26.0,0.0,0, Pozis,Soyuducu
Soyuducu TCL P545TMG,1999.99,1999.99,0.0,0.0,0,No brand,Soyuducu
Paltaryuyan maşın Beko WSRE 6512 PRS,699.99,1199.99,42.0,4.2,22,Beko,Paltaryuyan maşın
Paltaryuyan maşın LG F0L9DYP2S - AZR F0L9DYP2S AZR,2004.45,4008.9,50.0,0.0,0,LG,Paltaryuyan maşın
Soyuducu Biryusa B-6134,637.96,829.9,23.0,0.0,0,Biryusa,Soyuducu
Soyuducu LG GR-A34FDMKB,8999.99,15000.0,40.0,0.0,0,LG,Soyuducu
Soyuducu Biryusa M860NF,915.0,1100.0,17.0,0.0,0,Biryusa,Soyuducu
Dondurucu qutu Uğur UDD 200 BK,789.99,1099.0,28.0,0.0,0,Uğur,Dondurucu
Paltaryuyan maşın Samsung - WW11CGC04CAE,1273.02,2400.0,47.0,0.0,1,Samsung,Paltaryuyan maşın
"Paltaryuyan maşın Oujisang, Ağ, 6 kq, 600 dövr/dəq",130.0,180.0,28.0,0.0,0,No brand,Paltaryuyan maşın
Paltaryuyan Samsung WW80AG6S28.ABLP,1169.99,1999.99,42.0,0.0,1,Samsung,Paltaryuyan maşın
Soyuducu Bosch KGN49LB30U NoFrost,2005.0,4010.0,50.0,0.0,0,Bosch,Soyuducu
"Mini soyuducu Silver LZ-773836, Defrost, Birqapılı, Qara",299.99,600.0,50.0,0.0,0,Silver,Mini soyuducu
Paltaryuyan maşın Toshiba TW-BK90G4UZ(SK),950.01,1299.99,27.0,0.0,0,Toshiba,Paltaryuyan maşın
"Mini soyuducu, birqapılı, qara",380.5,430.0,12.0,0.0,0,No brand,Mini soyuducu
Dondurucu kamera Pozis FH2581 Ağ,1099.99,1499.99,27.0,0.0,0, Pozis,Dondurucu
Quruducu maşın LG RH10V9PV2W.BPTPMEA,2159.99,2599.0,17.0,0.0,1,LG,Quruducu
Buz generatoru Sonifer 1.2 l ağ.,229.99,350.0,34.0,0.0,0,No brand,Buz generatoru
Soyuducu Hoffmann NF-785X,1149.98,2149.99,47.0,0.0,0,Hoffmann,Soyuducu
Qabyuyan maşın Beko BDFN26530X LGE,775.98,999.99,22.0,0.0,0,Beko,Qabyuyan maşın
Soyuducu Toshiba GR-RT468WE-PMJ(37),1237.99,2000.0,38.0,0.0,2,Toshiba,Soyuducu
"Dondurucu kamera Winning Star, VB-773887, Buz generatoru, Damlama sistemi, Gümüşü, 2.5 L",499.99,750.0,33.0,0.0,0,Winning Star,Dondurucu
"Qaz plitəsi No brand, 2 konfor, metal, yaşıl",175.99,175.99,0.0,0.0,0,No brand,Qaz plitəsi
Soyuducu Indesit ITS4180W,1017.64,1299.99,22.0,0.0,0,Indesit,Soyuducu
"Portativ paltaryuyan maşın, yaşıl",44.9,44.9,0.0,0.0,0,Portativ,Digər
Dondurucu qutu Pozis FH-256-1,648.13,1200.0,46.0,0.0,0, Pozis,Dondurucu
Soyuducu Biryusa M 110,478.55,577.9,17.0,0.0,0,Biryusa,Soyuducu
"Dondurucu qutu Midea MDRC283FZF01D, De Frost, Ağ, 198 L",473.56,947.12,50.0,0.0,0,Midea,Dondurucu
Dondurucu qutu Ugur UDD 200 SC,780.01,1600.0,51.0,0.0,0,Ugur,Dondurucu
Paltaryuyan maşın 1 kq ağ-qəhvəyi,70.0,70.0,0.0,0.0,0,No brand,Paltaryuyan maşın
Paltaryuyan maşın Darkın D-R NANO1860,899.0,999.0,10.0,0.0,0,No brand,Paltaryuyan maşın
Soyuducu Biryusa M6039,650.0,850.0,24.0,0.0,1,Biryusa,Soyuducu
Soyuducu LG GN-C732SGGM.ABMQMER,2089.99,3999.99,48.0,0.0,0,LG,Soyuducu
Soyuducu LG GR-X29FFQAB 635 L Qara,5199.99,9999.99,48.0,0.0,0,LG,Soyuducu
Soyuducu Pozis RKFNF170B,1200.07,1399.99,14.0,0.0,0, Pozis,Soyuducu
"Dondurucu qutu Silver, LZ-773837, De Frost, Qara, 100 L",439.99,700.0,37.0,0.0,0,Silver,Dondurucu
Soyuducu Indesit TIA16 G 296 l Boz,722.91,1233.66,41.0,0.0,0,Indesit,Soyuducu
"Qabyuyan maşın Whirlpool WFE2B19X, 13 dəst, 5 proqram, A+ enerji, 49 dB, İnoks",939.99,1199.99,22.0,0.0,0,Whirlpool,Qabyuyan maşın
"Paltaryuyan maşın Bergamo BG-WM1226T-10DDG7EI, 10 kq, 1200 rpm, A+++ (BG-WМ1226Т-10DDG7EI AABIG)",1009.97,2000.0,50.0,0.0,0,No brand,Paltaryuyan maşın
Qabyuyan maşın LG DFB512FW.ABWPARA,1389.99,1499.0,7.0,0.0,0,LG,Qabyuyan maşın
Paltaryuyan maşın Taube TB7012J,540.0,630.0,14.0,0.0,0,Taube,Paltaryuyan maşın
"Paltaryuyan maşın Mini MP-2690, Mavi, 5 kq, 150 dövr/dəq",42.99,42.99,0.0,0.0,0,No brand,Paltaryuyan maşın
Soyuducu Biryusa BR I 940 NF,949.99,1500.0,37.0,4.8,5,Biryusa,Soyuducu
Quruducu maşın Vestel TDC7GPT2,699.9,1099.98,36.0,0.0,0,Vestel,Quruducu
Paltaryuyan maşın Bosch WGB2440XME (4242005419142),2180.0,2350.0,7.0,0.0,1,Bosch,Paltaryuyan maşın
Quruducu maşın Regal TDCN8F4TW,717.61,1200.99,40.0,0.0,0,Regal,Quruducu
Dondurucu şkaf Biryusa M6147NF No Frost 280 l ağ,799.99,1299.99,38.0,0.0,0,Biryusa,Dondurucu
Qarışıq soba Artel Milagro 01-K Black,775.9,775.9,0.0,4.3,3,Artel,Digər
Dondurucu kamera Pozis FH2501 Ağ,899.99,1299.99,31.0,0.0,0, Pozis,Dondurucu
Dondurucu kamera Hoffmann FRZ-143W Ağ 143 l,727.99,1399.99,48.0,0.0,0,Hoffmann,Dondurucu
"Mini paltaryuyan maşın Oujisang, yaşıl, 6 kq, 600 dövr/dəq",156.0,156.0,0.0,0.0,0,No brand,Mini soyuducu
Dondurucu kamera Hotpoint-Ariston HFZ 6175 W,1499.77,2000.0,25.0,0.0,0,Hotpoint,Dondurucu
Soyuducu LG GR.B267SLWL,2400.0,2599.99,8.0,0.0,0,LG,Soyuducu
Soyuducu LG GR-F589BLCM,1999.99,2500.0,20.0,0.0,8,LG,Soyuducu
Soyuducu Beko B3RCNK362HX LGE,1099.99,1399.99,21.0,0.0,0,Beko,Soyuducu
Qaz plitəsi İL-5077,195.0,195.0,0.0,0.0,0,No brand,Qaz plitəsi
Soyuducu Pozis RK 149 Silver Metallic (RK149SX),839.9,1079.9,22.0,0.0,0, Pozis,Soyuducu
Paltaryuyan maşın Bergamo BG-WМ1425T-10DS3CI 10 kq 1400 dövrə Gümüşü,991.08,2000.0,50.0,0.0,0,No brand,Paltaryuyan maşın
Paltaryuyan Electrolux PerfectCare 600 EW6F4R28B,819.9,1059.9,23.0,0.0,1,Electrolux,Paltaryuyan maşın
Soyuducu Biryusa BM960NF 340 L Ağ/gümüşü,885.99,1200.0,26.0,0.0,0,Biryusa,Soyuducu
Paltaryuyan maşın YT-50-33 Mini - YT-50-33,59.99,75.0,20.0,0.0,0,No brand,Paltaryuyan maşın
"Soyuducu Biryusa B-C6135, İkiqapılı, Boz",639.99,839.99,24.0,0.0,0,Biryusa,Soyuducu
Paltaryuyan LG F2J3HYL5L,989.99,1250.0,21.0,0.0,0,LG,Paltaryuyan maşın
Paltaryuyan maşın LG F2V5HS2S,1299.99,1499.99,13.0,0.0,3,LG,Paltaryuyan maşın
Soyuducu Konka 531 G01 Gold,1459.99,2100.99,31.0,0.0,0,No brand,Soyuducu
Soyuducu Samsung RT53DG7B60S9WR,1999.99,2499.99,20.0,0.0,2,Samsung,Soyuducu
Paltaryuyan Beko WTV - 8612-XMCI2,879.99,1600.0,45.0,0.0,0,Beko,Paltaryuyan maşın
"Portativ paltar yuyan maşın No brand, Bənövşəyi, 10 kq, 150 dövr/dəq",89.99,150.0,40.0,0.0,0,Portativ,Digər
Dondurucu kamera Hoffmann FR-567WNL,459.98,799.98,43.0,0.0,0,Hoffmann,Dondurucu
Qaz plitəsi RAF R.8503,33.4,33.4,0.0,0.0,0, RAF,Qaz plitəsi
Soyuducu Indesit ITS4180NG 298 l Tünd boz,854.4,1000.22,15.0,0.0,0,Indesit,Soyuducu
Soyuducu Pozis RK-103 Black,769.68,1199.99,36.0,0.0,1, Pozis,Soyuducu
Dondurucu kamera Pozis FH2561 Ağ,699.99,999.99,30.0,0.0,0, Pozis,Dondurucu
Mini paltaryuyan maşın home b43,122.98,122.98,0.0,0.0,0,No brand,Mini soyuducu
Paltaryuyan maşın Samsung WW90T4041CX,1210.01,1559.0,22.0,0.0,0,Samsung,Paltaryuyan maşın
Soyuducu Hoffmann NFBL -180S,899.99,1200.0,25.0,0.0,0,Hoffmann,Soyuducu
Paltaryuyan maşın LG W1S1CVKK2HM,6058.58,7100.0,15.0,0.0,0,LG,Paltaryuyan maşın
Soyuducu Hotpoint HPAD2 6472 XP5E,1559.9,1999.9,22.0,0.0,0,Hotpoint,Soyuducu
Soyuducu Indesit IFFT510N01TS,1442.74,2100.0,31.0,0.0,0,Indesit,Soyuducu
Paltarqurudan maşın Hotpoint Ariston NT M11 82SK EU,1318.24,1999.99,34.0,0.0,0,Hotpoint,Digər
Soyuducu Samsung RS61R5001M9 White,2498.99,2860.0,13.0,0.0,0,Samsung,Soyuducu
Spyuducu Midea MDRM691MIE45,1599.99,1800.0,11.0,0.0,1,Midea,Digər
Soyuducu Toshiba GRRT624WEPMJ06G - GRRT624WEPMJ06G,1399.99,2499.99,44.0,0.0,0,Toshiba,Soyuducu
Soyuducu Biryusa 6033,819.99,1399.99,41.0,0.0,0,Biryusa,Soyuducu
Soyuducu Pozis RK FNF 172 Black,968.52,1499.99,35.0,0.0,2, Pozis,Soyuducu
Dondurucu kamera Biryusa B240KVS 220 litr Ağ,545.01,899.99,39.0,0.0,0,Biryusa,Dondurucu
Qabyuyan maşın Hotpoint Ariston HFC3C41CWX,1199.99,2500.0,52.0,0.0,0,Hotpoint,Qabyuyan maşın
Soyuducu Toshiba GR-RT835WE-PGJXK .,2189.99,2999.99,27.0,0.0,0,Toshiba,Soyuducu
Paltaryuyan maşın LG F2V9GW9P,1198.99,1300.0,8.0,4.7,59,LG,Paltaryuyan maşın
Soyuducu LG GR-B452PGFK,1790.48,3900.0,54.0,0.0,0,LG,Soyuducu
Soyuducu LG GR-B642PFFQ.DPYQMEA,1491.12,1850.0,19.0,0.0,1,LG,Soyuducu
Soyuducu Samsung RT42CG6420S9WT,1355.99,1600.0,15.0,0.0,3,Samsung,Soyuducu
Soyuducu Biryusa M920NF Silver,759.99,1400.0,46.0,0.0,0,Biryusa,Soyuducu
Dondurucu qutu Uğur UMD 2500,7251.15,14000.0,48.0,0.0,0,Uğur,Dondurucu
"Portativ paltar yuyan maşın No brand, Mavi, 5 kq, 150 dövr/dəq",49.99,100.0,50.0,0.0,0,Portativ,Digər
Soyuducu Bosch KDD86AI31M,2999.99,4200.0,29.0,0.0,0,Bosch,Soyuducu
Dondurucu kamera Pozis FH258 Ağ,1199.99,1499.99,20.0,0.0,0, Pozis,Dondurucu
Dondurucu kamera Pozis FH255 Ağ,1133.62,1299.99,13.0,0.0,0, Pozis,Dondurucu
Paltaryuyan maşın Hisense WFPV7012MT,598.99,1000.0,40.0,0.0,1,Hisense,Paltaryuyan maşın
Soyuducu Yoshiro YRF-B400NF60HX,759.9,859.0,12.0,0.0,1,Yoshiro,Soyuducu
Soyuducu Pozis RK139SX Inox,899.99,1300.0,31.0,0.0,0, Pozis,Soyuducu
Soyuducu Artel HD-316FND Silver,645.5,945.0,32.0,0.0,0,Artel,Soyuducu
"Portativ Paltar Qurutma Maşını, qurudulma çantası ilə birgə",64.99,130.0,50.0,0.0,0,Portativ,Digər
Soyuducu Vestfrost VW18NFE01X,889.66,999.99,11.0,0.0,0,Vestfrost,Soyuducu
Dondurucu kamera Pozis 106 2,692.49,1029.9,33.0,0.0,0, Pozis,Dondurucu
"Dondurucu şkaf Samsung RZ32T7435AP, gümüşü, 323 L",2499.99,3499.99,29.0,0.0,0,Samsung,Dondurucu
"Dondurucu qutu Hisense FT300N1AW1, ağ, 297 L",639.99,999.99,36.0,0.0,0,Hisense,Dondurucu
Soyuducu Indesit ITS 4160 G + Qızıl zəmanət,879.9,1080.0,19.0,0.0,0,Indesit,Soyuducu
Quruducu maşın Beko B5T89243M,1570.04,3000.0,48.0,0.0,0,Beko,Quruducu
Dondurucu qutu Ugur UDD 500 SCEBN,2041.63,3999.99,49.0,0.0,0,Ugur,Dondurucu
Paltaryuyan maşın Bosch WIW24342EU 8 kq Ağ,2999.93,4000.0,25.0,0.0,0,Bosch,Paltaryuyan maşın
Soyuducu Hoffmann NFB186DS,828.91,1000.0,17.0,0.0,0,Hoffmann,Soyuducu
Soyuducu Pozis RK149G,899.99,1400.0,36.0,0.0,0, Pozis,Soyuducu
Paltaryuyan maşın BEKO WM418CMI,989.54,1100.0,10.0,0.0,0,Beko,Paltaryuyan maşın
Paltaryuyan maşın Beko B5DF T 59442 M,1138.99,1784.0,36.0,0.0,0,Beko,Paltaryuyan maşın
"Masaüstü qaz plitəsi DSP KD-5073, 2 konfor, Metal, Ağ",49.72,100.0,50.0,0.0,0,DSP,Digər
Soyuducu Hoffmann DFT-167S,509.0,799.0,36.0,4.9,19,Hoffmann,Soyuducu
Soyuducu Hitachi R-B410PUC6-BBK LGE,1399.99,1999.99,30.0,0.0,0,LG,Soyuducu
Paltaryuyan maşın Samsung WW10T654CLX,1455.01,1699.99,14.0,0.0,0,Samsung,Paltaryuyan maşın
Paltaryuyan maşını LG F2J3HYL5W.ABWPMER,998.75,1500.0,33.0,0.0,4,LG,Paltaryuyan maşın
Soyuducu Pozis RK 103 Silver,789.67,1019.9,23.0,0.0,1, Pozis,Soyuducu
Qaz plitəsi DSP KD-5077,62.49,100.0,38.0,4.3,7,DSP,Qaz plitəsi
Paltaryuyan maşın Hoffmann VSL-6100W,529.99,750.0,29.0,4.5,35,Hoffmann,Paltaryuyan maşın
Paltaryuyan maşın Eurolux EU.WM1437S-7BLDW 7 kq 1400 dövr Ağ,759.99,1500.0,49.0,0.0,0,Eurolux,Paltaryuyan maşın
Soyuducu Biryusa M820NF,799.99,1150.0,30.0,0.0,0,Biryusa,Soyuducu
Soyuducu Pozis RK139S Gümüş,899.99,1399.99,36.0,0.0,0, Pozis,Soyuducu
Soyuducu Yoshiro YRF-M431NF83TX,1349.99,1650.0,18.0,0.0,2,Yoshiro,Soyuducu
Soyuducu Hotpoint Ariston HTR8202IMXO3,1399.99,2000.99,30.0,0.0,0,Hotpoint,Soyuducu
Soyuducu Pozis RK 139 B,789.66,1199.99,34.0,0.0,2, Pozis,Soyuducu
Paltaryuyan maşın Whirlpool FFB 8458 BV EE,1190.57,2000.0,40.0,0.0,0,Whirlpool,Paltaryuyan maşın
Quruducu maşın Samsung DV90BBA245ABLP,1748.99,3000.0,42.0,4.7,3,Samsung,Quruducu
Dondurucu qutu Hoffmann FR-567WN,390.0,599.99,35.0,0.0,13,Hoffmann,Dondurucu
Paltaryuyan maşın 269854-HVB43,69.1,144.8,52.0,1.5,2,No brand,Paltaryuyan maşın
Soyuducu Hotpoint Ariston HTS5180W,1364.44,1500.99,9.0,0.0,0,Hotpoint,Soyuducu
Paltaryuyan maşın Samsung WD11DB8B85GHLP,1999.99,2700.0,26.0,0.0,1,Samsung,Paltaryuyan maşın
Qarışıq soba Alneo 6032 White,469.99,758.99,38.0,0.0,0,Alneo,Digər
"Mini soyuducu Silver LZ-773835, Deаrost, Birqapılı, Ağ",439.99,750.0,41.0,0.0,1,Silver,Mini soyuducu
"Qabyuyan maşın Beko BDFN35620S, boz",729.99,999.99,27.0,0.0,0,Beko,Qabyuyan maşın
"Soyuducu HOFFMANN NFB-186DS No Frost, 186 litr, A+ enerji sinfi, mexaniki idarəetmə, səssiz işləmə, LED işıqlandırma, şüşə rəflər, gümüşü rəng - NFB-186DS",987.88,1599.99,38.0,0.0,0,Hoffmann,Soyuducu
Soyuducu Regal 492 Inox Look,1339.99,1999.99,33.0,0.0,0,Regal,Soyuducu
Soyuducu Indesit DS 3201 W (UA),847.99,1299.99,35.0,0.0,0,Indesit,Soyuducu
Dondurucu qutu Pozis FH-258,1159.0,1500.0,23.0,0.0,0, Pozis,Dondurucu
Dondurucu qutu Ugur UDD 300 SC,1000.01,1600.0,37.0,0.0,0,Ugur,Dondurucu
Soyuducu Eurolux EU-RF20HNF-2STM,669.64,1200.0,44.0,0.0,2,Eurolux,Soyuducu
Soyuducu Hitachi R-BG410PUN6 GBK,1249.99,2400.0,48.0,0.0,0,Hitachi,Soyuducu
Dondurucu qutu Biryusa 210 KX,518.75,699.99,26.0,0.0,0,Biryusa,Dondurucu
Soyuducu Biryusa B860NF,1090.01,1300.0,16.0,0.0,1,Biryusa,Soyuducu
Soyuducu Konka 514 B01,1099.99,1599.99,31.0,0.0,0,No brand,Soyuducu
"Paltaryuyan maşın Hisense WF1I7022BTJ2/A, Gümüşü, 7 kq, 1200 dövr/dəq",589.99,789.99,25.0,0.0,0,Hisense,Paltaryuyan maşın
Soyuducu Samsung RF65DB970012WT,6245.99,9999.99,38.0,0.0,0,Samsung,Soyuducu
Paltaryuyan maşın LG F1296HDS4-LTS,989.99,989.99,0.0,0.0,2,LG,Paltaryuyan maşın
Soyuducu 379 Regal Beige,938.99,1039.99,10.0,0.0,0,Regal,Soyuducu
Mini soyuducu HW-10LAD,179.0,199.0,10.0,3.5,2,No brand,Mini soyuducu
Soyuducu Hotpoint HBT 400I,2097.92,2419.9,13.0,0.0,0,Hotpoint,Soyuducu
"Paltaryuyan maşın Samsung WW70AGS23AT, ağ",969.99,1299.99,25.0,0.0,0,Samsung,Paltaryuyan maşın
Paltaryuyan maşın SHL-2118 mini butulka formalı - SHL-2118,49.99,62.5,20.0,0.0,0,No brand,Paltaryuyan maşın
Paltaryuyan maşın Beko WDB7425R2W,1059.99,2200.0,52.0,0.0,0,Beko,Paltaryuyan maşın
Qabyuyan maşın Whirlpool WFE 2B19 X,968.54,1122.99,14.0,0.0,0,Whirlpool,Qabyuyan maşın
Soyuducu Pozis RK103B,858.99,1199.99,28.0,0.0,0, Pozis,Soyuducu
"Buz generatoru Silver TG-773761, De Frost, Qara, 228 L",199.99,400.0,50.0,0.0,0,Silver,Buz generatoru
"Qabyuyan maşın Eurolux EU-DW9110B60GW, 12 dəst, 6 proqram, A+++ enerji, 49 dB",810.0,1500.0,46.0,0.0,0,Eurolux,Qabyuyan maşın
Quruducu maşın Home B43,72.11,114.99,37.0,0.0,0,No brand,Quruducu
Soyuducu LG GR-A34FDMKJ,7719.0,15438.0,50.0,0.0,0,LG,Soyuducu
"Mini paltaryuyan maşın Oujisang XPB30-1208, ağ, 3 kq, 1300 dövr/dəq",91.0,91.0,0.0,0.0,0,No brand,Mini soyuducu
Paltaryuyan maşın Eurolux EU-WM1456S-10BLDG 10 kq 1400 dövr/dəq Boz,1105.0,2100.0,47.0,0.0,0,Eurolux,Paltaryuyan maşın
"Mini soyuducu Silver LZ-773832, Defrost, Birqapılı, Boz",359.99,750.0,52.0,0.0,0,Silver,Mini soyuducu
Paltaryuyan maşın Lotus LT80JP12DD,810.0,900.0,10.0,0.0,1,Lotus,Paltaryuyan maşın
"Qabyuyan maşın Vermont VT-DW8040B60GW, 14 dəst, 6 proqram, A++ enerji, 49 dB",849.99,1800.0,53.0,0.0,0,Vermont,Qabyuyan maşın
Paltaryuyan maşın Taube TB6012J,439.9,650.0,32.0,0.0,1,Taube,Paltaryuyan maşın
Qaz plitəsi RAF R.8501 M.E,59.38,124.2,52.0,0.0,0, RAF,Qaz plitəsi
Paltaryuyan maşın 1 kq göy,70.0,70.0,0.0,0.0,0,No brand,Paltaryuyan maşın
"Paltaryuyan maşın, Göy, 3 kq, 300 dövr/ dəq",64.5,64.5,0.0,0.0,0,No brand,Paltaryuyan maşın
"Soyuducu Shivaki HS 137 RN, birqapılı, ağ",374.98,599.99,38.0,0.0,0,Shivaki,Soyuducu
"Soyuducu Shivaki HD 341-FN, ikiqapılı, gümüşü",533.98,999.99,47.0,0.0,0,Shivaki,Soyuducu
"Soyuducu Shivaki H345-RND, ikiqapılı, qara",602.98,999.99,40.0,0.0,0,Shivaki,Soyuducu
"Soyuducu Shivaki HD 316-FN, ikiqapılı, ağ",504.98,899.99,44.0,0.0,0,Shivaki,Soyuducu
"Soyuducu Shivaki HD 316-FN, ikiqapılı, gümüşü",514.98,899.99,43.0,0.0,0,Shivaki,Soyuducu
"Soyuducu Shivaki HD345-RND, ikiqapılı, qara",602.98,999.99,40.0,0.0,0,Shivaki,Soyuducu
"Soyuducu Shivaki HD316-FN, ikiqapılı, ağ",495.98,899.99,45.0,0.0,0,Shivaki,Soyuducu
"Soyuducu Shivaki HD-276-FN, ikiqapılı, gümüşü",473.98,899.99,47.0,0.0,0,Shivaki,Soyuducu
"Soyuducu Shivaki HD455-RWENE, ikiqapılı, ağ",816.98,1599.99,49.0,0.0,0,Shivaki,Soyuducu
"Quruducu maşın Hoffman, DMH8030X, 8 kq, Ön, Boz",739.99,939.99,21.0,0.0,0,Hoffman,Quruducu
"Soyuducu Shivaki H345-RND, ikiqapılı, gümüşü",599.99,999.99,40.0,0.0,0,Shivaki,Soyuducu
Soyuducu LG F40BG No Frost dördqapılı qara,2999.0,3999.0,25.0,0.0,0,LG,Soyuducu
"Soyuducu Shivaki HD-276-FN, ikiqapılı, qara",475.98,899.99,47.0,0.0,0,Shivaki,Soyuducu
"Soyuducu Shivaki HD 316-FN, statik, ikiqapılı, qara, boz",514.98,899.99,43.0,0.0,0,Shivaki,Soyuducu
"Soyuducu Shivaki H345-RND, ikiqapılı, ağ",582.99,999.99,42.0,0.0,0,Shivaki,Soyuducu
Paltaryuyan maşın Eurolux EU-WM1273S-8BLDG 8 kq Gümüş,650.59,884.99,26.0,0.0,0,Eurolux,Paltaryuyan maşın
"Soyuducu Hisense RD39WCR, Inox",848.99,1799.99,53.0,0.0,0,Hisense,Soyuducu
Soyuducu Pozis RK 103 Silver,789.68,1400.0,44.0,0.0,1, Pozis,Soyuducu
Soyuducu Hoffmann DTF-840WEN,319.7,700.0,54.0,0.0,0,Hoffmann,Soyuducu
